[{"url": "https://vivo.brown.edu/display/rbahar", "title": "Professor of Engineering and Computer Science", "email": "rbahar@cs.brown.edu", "img": "http://cs.brown.edu/media/filer_public_thumbnails/filer_public/2014/11/04/rbahar-hs.jpg__180x240_q85_subsampling-2.jpg", "name": "R. Iris Bahar"},
{"name": "Ugur Cetintemel", "img": "http://cs.brown.edu/media/filer_public_thumbnails/filer_public/2014/10/08/ugur-hs.jpg__180x240_q85_subsampling-2.jpg", "title": "Professor of Computer Science and Chair", "url": "http://cs.brown.edu/~ugur/", "area": "Database Systems, Distributed Systems", "email": "ugur@cs.brown.edu"},
{"name": "Eugene Charniak", "img": "http://cs.brown.edu/media/filer_public_thumbnails/filer_public/2014/10/09/ec-hs.jpg__180x240_q85_subsampling-2.jpg", "title": "University Professor of Computer Science", "url": "http://cs.brown.edu/~ec/", "area": "Artificial Intelligence, Machine Learning", "email": "ec@cs.brown.edu"},
{"name": "Tom Doeppner", "img": "http://cs.brown.edu/media/filer_public_thumbnails/filer_public/2014/10/08/twd-hs.jpg__180x240_q85_subsampling-2.jpg", "title": "Associate Professor (Research) of Computer Science and Vice Chair", "url": "http://cs.brown.edu/~twd/", "area": "Computer Systems", "email": "twd@cs.brown.edu"},
{"name": "Pedro Felipe Felzenszwalb", "img": "http://cs.brown.edu/media/filer_public_thumbnails/filer_public/62/4e/624eb68f-5eb2-44b1-9345-ed1390bb63ea/pff.jpg__180x240_q85_crop_subject_location-170%2C151_subsampling-2_zoom-50.jpg", "title": "Associate Professor of Engineering and Computer Science", "url": "http://cs.brown.edu/~pff/", "area": "Artificial Intelligence, Algorithms and Theory", "email": "pff@cs.brown.edu"},
{"name": "Rodrigo Fonseca", "img": "http://cs.brown.edu/media/filer_public_thumbnails/filer_public/2014/10/09/rfonseca-hs.jpg__180x240_q85_subsampling-2.jpg", "title": "Assistant Professor", "url": "http://cs.brown.edu/~rfonseca/", "area": "Database Systems, Distributed Systems, Networking", "email": "rfonseca@cs.brown.edu"},
{"name": "Amy Greenwald", "img": "http://cs.brown.edu/media/filer_public_thumbnails/filer_public/2014/10/08/amy-hs.jpg__180x240_q85_subsampling-2.jpg", "title": "Associate Professor of Computer Science", "url": "http://cs.brown.edu/~amy/", "area": "Artificial Intelligence, Machine Learning, Computational Economics", "email": "amy@cs.brown.edu"},
{"name": "Maurice Herlihy", "img": "http://cs.brown.edu/media/filer_public_thumbnails/filer_public/2014/10/08/mph-hs.jpg__180x240_q85_subsampling-2.jpg", "title": "Professor of Computer Science", "url": "http://cs.brown.edu/~mph/", "area": "Distributed Systems", "email": "mph@cs.brown.edu"},
{"name": "Jeff Huang", "img": "http://cs.brown.edu/media/filer_public_thumbnails/filer_public/2014/10/08/jeff-hs.jpg__180x240_q85_subsampling-2.jpg", "title": "Assistant Professor", "url": "http://jeffhuang.com/", "area": "Human-Computer Interaction", "email": "jeff@cs.brown.edu"},
{"name": "John Hughes", "img": "http://cs.brown.edu/media/filer_public_thumbnails/filer_public/2014/10/08/jfh-hs.jpg__180x240_q85_subsampling-2.jpg", "title": "Professor of Computer Science", "url": "http://cs.brown.edu/~jfh/", "area": "Graphics and Visualization", "email": "jfh@cs.brown.edu"},
{"name": "Sorin Istrail", "img": "http://cs.brown.edu/media/filer_public_thumbnails/filer_public/2014/10/09/sorin-hs.jpg__180x240_q85_subsampling-2.jpg", "title": "Julie Nguyen Brown Professor of Computational and Mathematical Sciences and Professor of Computer Science", "url": "http://cs.brown.edu/~sorin/", "area": "Algorithms and Theory, Computational Biology", "email": "sorin@cs.brown.edu"},
{"url": "http://cs.brown.edu/~seny/", "title": "Associate Professor of Computer Science", "email": "seny@cs.brown.edu", "name": "Seny Kamara", "area": "Security and Cryptography"},
{"title": "Assistant Professor", "email": "vpk@cs.brown.edu", "name": "Vasileios Kemerlis"},
{"name": "Philip Klein", "img": "http://cs.brown.edu/media/filer_public_thumbnails/filer_public/2014/10/08/klein-hs.jpg__180x240_q85_subsampling-2.jpg", "title": "Professor of Computer Science", "url": "http://cs.brown.edu/~klein/", "area": "Algorithms and Theory", "email": "klein@cs.brown.edu"},
{"title": "Lecturer", "email": "cjk@cs.brown.edu", "name": "Caroline Klivans"},
{"name": "Tim Kraska", "img": "http://cs.brown.edu/media/filer_public_thumbnails/filer_public/7e/09/7e092355-6f52-43ce-ba11-66450d9c70db/kraskat-hs.png__180x240_q85_subsampling-2.jpg", "title": "Assistant Professor of Computer Science", "url": "http://cs.brown.edu/~kraskat/", "area": "Database Systems", "email": "kraskat@cs.brown.edu"},
{"name": "Shriram Krishnamurthi", "img": "http://cs.brown.edu/media/filer_public_thumbnails/filer_public/2014/10/08/sk-hs.jpg__180x240_q85_subsampling-2.jpg", "title": "Professor of Computer Science", "url": "http://cs.brown.edu/~sk/", "area": "Programming Languages, Networking, Security and Cryptography, Software Engineering", "email": "sk@cs.brown.edu"},
{"name": "David H. Laidlaw", "img": "http://cs.brown.edu/media/filer_public_thumbnails/filer_public/2014/10/09/dhl-hs.jpg__180x240_q85_subsampling-2.jpg", "title": "Professor of Computer Science", "url": "http://cs.brown.edu/~dhl/", "area": "Human-Computer Interaction, Graphics and Visualization", "email": "dhl@cs.brown.edu"},
{"name": "Michael L. Littman", "img": "http://cs.brown.edu/media/filer_public_thumbnails/filer_public/0c/57/0c57eaac-12e0-4344-83b4-f1819c72b594/mlittman.jpg__180x240_q85_crop_subject_location-1204%2C1435_subsampling-2_zoom-50.jpg", "title": "Professor of Computer Science", "url": "http://cs.brown.edu/~mlittman/", "area": "Artificial Intelligence, Machine Learning", "email": "mlittman@cs.brown.edu"},
{"name": "Anna Lysyanskaya", "img": "http://cs.brown.edu/media/filer_public_thumbnails/filer_public/2014/10/08/anna-hs.jpg__180x240_q85_subsampling-2.jpg", "title": "Professor of Computer Science", "url": "http://cs.brown.edu/~anna/", "area": "Security and Cryptography", "email": "anna@cs.brown.edu"},
{"name": "Barbara J. Meier", "img": "http://cs.brown.edu/media/filer_public_thumbnails/filer_public/2014/10/09/bjm-hs.jpg__180x240_q85_subsampling-2.jpg", "title": "Senior Lecturer", "url": "http://cs.brown.edu/~bjm/", "area": "Graphics and Visualization", "email": "bjm@cs.brown.edu"},
{"title": "Assistant Professor of the Practice of Computer Science", "img": "http://cs.brown.edu/media/filer_public_thumbnails/filer_public/eb/7e/eb7e3405-2e68-4a52-96fa-2a1e0cefce04/10533086_10152353827301220_6759441658240024191_n.jpg__180x240_q85_subsampling-2.jpg", "email": "bernardo@cs.brown.edu", "name": "Bernardo Palazzi", "area": "Security and Cryptography"},
{"title": "Professor of the Practice of Engineering and Computer Science", "email": "rpendse@cs.brown.edu", "img": "http://cs.brown.edu/media/filer_public_thumbnails/filer_public/2014/11/04/rpendse-hs.jpg__180x240_q85_subsampling-2.jpg", "name": "Ravindra Pendse"},
{"name": "Ben Raphael", "img": "http://cs.brown.edu/media/filer_public_thumbnails/filer_public/2014/10/09/braphael-hs.jpg__180x240_q85_subsampling-2.jpg", "title": "Associate Professor of Computer Science", "url": "http://cs.brown.edu/~braphael/", "area": "Algorithms and Theory, Computational Biology", "email": "braphael@cs.brown.edu"},
{"name": "Steve Reiss", "img": "http://cs.brown.edu/media/filer_public_thumbnails/filer_public/2014/10/09/spr-hs.jpg__180x240_q85_subsampling-2.jpg", "title": "Professor of Computer Science", "url": "http://cs.brown.edu/~spr/", "area": "Software Engineering, ecurity and Cryptography", "email": "spr@cs.brown.edu"},
{"name": "John Savage", "img": "http://cs.brown.edu/media/filer_public_thumbnails/filer_public/2014/10/08/jes-hs.jpg__180x240_q85_subsampling-2.jpg", "title": "An Wang Professor of Computer Science", "url": "http://cs.brown.edu/~jes/", "area": "Algorithms and Theory, Security and Cryptography", "email": "jes@cs.brown.edu"},
{"name": "Erik Sudderth", "img": "http://cs.brown.edu/media/filer_public_thumbnails/filer_public/2014/10/08/sudderth-hs.jpg__180x240_q85_subsampling-2.jpg", "title": "Assistant Professor of Computer Science", "url": "http://cs.brown.edu/~sudderth/", "area": "Artificial Intelligence, Machine Learning", "email": "sudderth@cs.brown.edu"},
{"name": "Roberto Tamassia", "img": "http://cs.brown.edu/media/filer_public_thumbnails/filer_public/2014/10/09/rt-hs.jpg__180x240_q85_subsampling-2.jpg", "title": "Plastech Professor of Computer Science", "url": "http://cs.brown.edu/~rt/", "area": "Algorithms and Theory, Security and Cryptography", "email": "rt@cs.brown.edu"},
{"name": "Stefanie Tellex", "img": "http://cs.brown.edu/media/filer_public_thumbnails/filer_public/7c/68/7c68f7d3-b8c5-4023-b39a-509a4cf84107/stefie10.jpg__180x240_q85_crop_subject_location-1638%2C2052_subsampling-2_zoom-50.jpg", "title": "Assistant Professor of Computer Science", "url": "http://cs.brown.edu/~stefie10/", "area": "Artificial Intelligence, Machine Learning, Robotics", "email": "stefie10@cs.brown.edu"},
{"name": "Eli Upfal", "img": "http://cs.brown.edu/media/filer_public_thumbnails/filer_public/2014/10/08/eli-hs.jpg__180x240_q85_subsampling-2.jpg", "title": "Professor of Computer Science", "url": "http://cs.brown.edu/~eli/", "area": "Algorithms and Theory, Computational Biology", "email": "eli@cs.brown.edu"},
{"url": "http://cs.brown.edu/~pvaliant/", "title": "Assistant Professor of Computer Science", "email": "pvaliant@cs.brown.edu", "img": "http://cs.brown.edu/media/filer_public_thumbnails/filer_public/2014/10/08/pvaliant-hs.jpg__180x240_q85_subsampling-2.jpg", "name": "Paul Valiant"},
{"url": "http://cs.brown.edu/~pw/", "title": "Professor Emeritus of Computer Science", "email": "pw@cs.brown.edu", "img": "http://cs.brown.edu/media/filer_public_thumbnails/filer_public/2014/10/09/pw-hs.jpg__180x240_q85_subsampling-2.jpg", "name": "Peter Wegner"},
{"name": "Stan Zdonik", "img": "http://cs.brown.edu/media/filer_public_thumbnails/filer_public/2014/10/09/sbz-hs.jpg__180x240_q85_subsampling-2.jpg", "title": "Professor of Computer Science", "url": "http://cs.brown.edu/~sbz/", "area": "Database Systems, Distributed Systems", "email": "sbz@cs.brown.edu"},
{"name": "Andy van Dam", "img": "http://cs.brown.edu/media/filer_public_thumbnails/filer_public/2014/10/08/avd-hs.jpg__180x240_q85_subsampling-2.jpg", "title": "Thomas J. Watson, Jr., University Professor of Technology and Education and Professor of Computer Science", "url": "http://cs.brown.edu/~avd/", "area": "Graphics and Visualization", "email": "avd@cs.brown.edu"}]