[{"url": "http://www.cms.caltech.edu/people/2893/profile", "name": "Yaser  S. Abu-Mostafa", "img": "http://www.cms.caltech.edu/photos/1333-yaser-abu-mostafa_thumbnail.jpg?1452362008", "title": "Professor of Electrical Engineering and Computer Science"},
{"url": "http://www.cms.caltech.edu/people/2923/profile", "name": "Alan H. Barr", "img": "http://www.cms.caltech.edu/photos/1335-barr-a_thumbnail.jpg?1383872356", "title": "Professor of Computer Science"},
{"url": "http://www.cms.caltech.edu/people/2926/profile", "name": "James (Jim)  L. Beck", "img": "http://www.cms.caltech.edu/photos/1301-beck-j_thumbnail.jpg?1448973036", "title": "George W. Housner Professor of Engineering and Applied Science"},
{"url": "http://www.cms.caltech.edu/people/2951/profile", "name": "Oscar P. Bruno", "img": "http://www.cms.caltech.edu/photos/1193-bruno-o_thumbnail.jpg?1448941598", "title": "Professor of Applied and Computational Mathematics"},
{"url": "http://www.cms.caltech.edu/people/2953/profile", "name": "Joel W. Burdick", "img": "http://www.cms.caltech.edu/photos/1227-joel-burdick_thumbnail.jpg?1448986218", "title": "Richard L. and Dorothy M. Hayman Professor of Mechanical Engineering and Bioengineering; Jet Propulsion Laboratory Research Scientist"},
{"url": "http://www.cms.caltech.edu/people/5071/profile", "name": "Venkat Chandrasekaran", "img": "http://www.cms.caltech.edu/photos/1543-venkat-chandrasekaran_thumbnail.jpg?1448996243", "title": "Assistant Professor of Computing and Mathematical Sciences and Electrical Engineering"},
{"url": "http://www.cms.caltech.edu/people/2987/profile", "name": "Mathieu Desbrun", "img": "http://www.cms.caltech.edu/photos/1477-mathieu-desbrun_thumbnail.jpg?1448980676", "title": "John W. and Herberta M. Miles Professor of Computing and Mathematical Sciences; Executive Officer for Computing and Mathematical Sciences"},
{"url": "http://www.cms.caltech.edu/people/2994/profile", "name": "John Doyle", "img": "http://www.cms.caltech.edu/photos/1205-doyle-j_thumbnail.jpg?1448661601", "title": "Jean-Lou Chameau Professor of Control and Dynamical Systems, Electrical Engineering, and Bioengineering"},
{"url": "http://www.cms.caltech.edu/people/3337/profile", "name": "Yizhao Thomas Hou", "img": "http://www.cms.caltech.edu/photos/1197-hou-t_thumbnail.jpg?1391279208", "title": "Charles Lee Powell Professor of Applied and Computational Mathematics"},
{"url": "http://www.cms.caltech.edu/people/4985/profile", "name": "Katrina Ligett", "img": "http://www.cms.caltech.edu/photos/1487-katrina-ligett_thumbnail.jpg?1392687584", "title": "Assistant Professor of Computer Science and Economics"},
{"url": "http://www.cms.caltech.edu/people/3109/profile", "name": "Steven Low", "img": "http://www.cms.caltech.edu/photos/1183-steven-low_thumbnail.jpg?1445297778", "title": "Professor of Computer Science and Electrical Engineering"},
{"url": "http://www.cms.caltech.edu/people/3119/profile", "name": "Alain J. Martin", "img": "http://www.cms.caltech.edu/photos/1269-martin-a_thumbnail.jpg?1446859498", "title": "Professor of Computer Science"},
{"url": "http://www.cms.caltech.edu/people/3128/profile", "name": "Dan Meiron", "img": "http://www.cms.caltech.edu/photos/1109-meiron-d_thumbnail.jpg?1448982563", "title": "Fletcher Jones Professor of Aeronautics and Applied and Computational Mathematics"},
{"url": "http://www.cms.caltech.edu/people/3135/profile", "name": "Richard M. Murray", "img": "http://www.cms.caltech.edu/photos/1161-murray-r_thumbnail.jpg?1448954449", "title": "Thomas E. and Doris Everhart Professor of  Control and Dynamical Systems and Bioengineering"},
{"url": "http://www.cms.caltech.edu/people/3146/profile", "name": "Houman Owhadi", "img": "http://www.cms.caltech.edu/photos/1201-owhadi-h_thumbnail.jpg?1446888326", "title": "Professor of Applied and Computational Mathematics and Control and Dynamical Systems"},
{"url": "http://www.cms.caltech.edu/people/3157/profile", "name": "Niles A. Pierce", "img": "http://www.cms.caltech.edu/photos/1163-pierce-n_thumbnail.jpg?1448927059", "title": "Professor of Applied and Computational Mathematics and Bioengineering"},
{"url": "http://www.cms.caltech.edu/people/3197/profile", "name": "Peter Schroeder", "img": "http://www.cms.caltech.edu/photos/1185-peter-schroeder_thumbnail.jpg?1449601400", "title": "Shaler Arthur Hanisch Professor of Computer Science and Applied and Computational Mathematics"},
{"url": "http://www.cms.caltech.edu/people/3198/profile", "name": "Leonard  J. Schulman", "img": "http://www.cms.caltech.edu/photos/1187-schulman-l_thumbnail.jpg?1448998366", "title": "Professor of Computer Science"},
{"url": "http://www.cms.caltech.edu/people/3334/profile", "name": "Joel A. Tropp", "img": "http://www.cms.caltech.edu/photos/1203-tropp-j_thumbnail.jpg?1391911716", "title": "Professor of Applied and Computational Mathematics"},
{"url": "http://www.cms.caltech.edu/people/3237/profile", "name": "Christopher Umans", "img": "http://www.cms.caltech.edu/photos/1189-christopher-umans_thumbnail.jpg?1432250524", "title": "Professor of Computer Science"},
{"url": "http://www.cms.caltech.edu/people/5373/profile", "name": "Thomas Vidick", "img": "http://www.cms.caltech.edu/photos/1647-vidick-t_thumbnail.jpg?1448983561", "title": "Assistant Professor of Computing and Mathematical Sciences"},
{"url": "http://www.cms.caltech.edu/people/3336/profile", "name": "Adam Wierman", "img": "http://www.cms.caltech.edu/photos/1577-adam-wierman_thumbnail.jpg?1407054012", "title": "Professor of Computing and Mathematical Sciences; Executive Officer for Computing and Mathematical Sciences"},
{"url": "http://www.cms.caltech.edu/people/3255/profile", "name": "Erik Winfree", "img": "http://www.cms.caltech.edu/photos/1167-erik-winfree_thumbnail.jpg?1449079337", "title": "Professor of Computer Science, Computation and Neural Systems, and Bioengineering"},
{"url": "http://www.cms.caltech.edu/people/5388/profile", "name": "Yisong Yue", "img": "http://www.cms.caltech.edu/photos/1657-yisong-yue_thumbnail.jpg?1426630397", "title": "Assistant Professor of Computing and Mathematical Sciences"},
{"url": "http://www.cms.caltech.edu/people/3042/profile", "name": "Babak Hassibi", "img": "http://www.cms.caltech.edu/photos/1311-hassibi-b_thumbnail.jpg?1448977274", "title": "Gordon M. Binder/Amgen Professor of Electrical Engineering"},
{"url": "http://www.cms.caltech.edu/people/3083/profile", "name": "Alexei Y. Kitaev", "img": "http://www.cms.caltech.edu/photos/1179-kitaev-a_thumbnail.jpg?1448965547", "title": "Ronald and Maxine Linde Professor of Theoretical Physics and Mathematics"},
{"url": "http://www.cms.caltech.edu/people/5380/profile", "name": "Victoria Kostina", "img": "http://www.cms.caltech.edu/photos/1653-victoria-kostina_thumbnail.jpg?1412621740", "title": "Assistant Professor of Electrical Engineering"},
{"url": "http://www.cms.caltech.edu/people/3099/profile", "name": "John O. Ledyard", "img": "http://www.cms.caltech.edu/photos/1519-john-ledyard_thumbnail.jpg?1448661063", "title": "Allen and Lenabelle Davis Professor of Economics and Social Sciences"},
{"url": "http://www.cms.caltech.edu/people/3151/profile", "name": "Pietro Perona", "img": "http://www.cms.caltech.edu/photos/1219-perona-p_thumbnail.jpg?1446787882", "title": "Allen E. Puckett Professor of Electrical Engineering"},
{"url": "http://www.cms.caltech.edu/people/3163/profile", "name": "John Preskill", "img": "http://www.cms.caltech.edu/photos/1349-preskill-john_thumbnail.jpg?1446878446", "title": "Richard P. Feynman Professor of Theoretical Physics"},
{"url": "http://www.cms.caltech.edu/people/4049/profile", "name": "Lulu Qian", "img": "http://www.cms.caltech.edu/photos/1625-lulu-qian_thumbnail.jpg?1446773966", "title": "Assistant Professor of Bioengineering"},
{"url": "http://www.cms.caltech.edu/people/5685/profile", "name": "Omer Tamuz", "img": "http://www.cms.caltech.edu/photos/1709-tamuz_thumbnail.jpg?1444672711", "title": "Assistant Professor of Economics and Mathematics"},
{"url": "http://www.cms.caltech.edu/people/4245/profile", "name": "Gerard Holzmann", "img": "http://www.cms.caltech.edu/photos/1677-holzmann_thumbnail.jpg?1415318146", "title": "Senior Faculty Associate in Computing and Mathematical Sciences"},
{"url": "http://www.cms.caltech.edu/people/3719/profile", "name": "Michael Hucka", "img": "http://www.cms.caltech.edu/photos/1679-hucka_thumbnail.jpg?1415318146", "title": "Staff Scientist"},
{"url": "http://www.cms.caltech.edu/people/3556/profile", "name": "Douglas MacMartin", "img": "http://www.cms.caltech.edu/photos/1681-doug_thumbnail.jpg?1415318459", "title": "Lecturer in Computing and Mathematical Sciences; Visiting Associate in Computing and Mathematical Sciences"},
{"url": "http://www.cms.caltech.edu/people/3558/profile", "name": "Paul Rothemund", "img": "http://www.cms.caltech.edu/photos/1683-rothmund_thumbnail.jpg?1415318628", "title": "Research Professor of Bioengineering, Computing and Mathematical Sciences, and Computation and Neural Systems"},
{"url": "http://www.cms.caltech.edu/people/5401/profile", "name": "James Scovel", "title": "Research Associate"},
{"url": "http://www.cms.caltech.edu/people/4457/profile", "name": "Damien Woods", "img": "http://www.cms.caltech.edu/photos/1687-woods_thumbnail.jpg?1437494104", "title": "Research Assistant Professor of Computing and Mathematical Sciences"},
{"url": "http://www.cms.caltech.edu/people/2964/profile", "name": "Kanianthra Mani Chandy", "img": "http://www.cms.caltech.edu/photos/1173-chandy-m_thumbnail.jpg?1383872356", "title": "Simon Ramo Professor of Computer Science, Emeritus"},
{"url": "http://www.cms.caltech.edu/people/2969/profile", "name": "Donald  S. Cohen", "img": "http://www.cms.caltech.edu/photos/1339-donald-cohen_thumbnail.jpg?1431620570", "title": "Charles Lee Powell Professor of Applied Mathematics, Emeritus"},
{"url": "http://www.cms.caltech.edu/people/3350/profile", "name": "Carver Mead", "img": "http://www.cms.caltech.edu/photos/1337-mead-c_thumbnail.jpg?1391996194", "title": "Gordon and Betty Moore Professor of Engineering and Applied Science, Emeritus"},
{"name": "Yaser  S. Abu-Mostafa", "img": "http://www.cms.caltech.edu/photos/1333-yaser-abu-mostafa_thumbnail.jpg?1452362008", "title": "Professor of Electrical Engineering and Computer Science", "url": "http://www.cms.caltech.edu/people/2893/profile", "area": "machine learning, learning theory, computational learning, pattern recognition, neural networks, computational finance, probability and statistics", "email": "yaser@caltech.edu"},
{"name": "Joel W. Burdick", "img": "http://www.cms.caltech.edu/photos/1227-joel-burdick_thumbnail.jpg?1448986218", "title": "Richard L. and Dorothy M. Hayman Professor of Mechanical Engineering and Bioengineering; Jet Propulsion Laboratory Research Scientist", "url": "http://www.cms.caltech.edu/people/2953/profile", "area": "robotics, kinematics, mechanical systems and control", "phone": "626-395-4139"},
{"name": "Yizhao Thomas Hou", "img": "http://www.cms.caltech.edu/photos/1197-hou-t_thumbnail.jpg?1391279208", "area": "multiscale analysis and computation, interfacial problems, stochastic PDEs and uncertainty quantification, global regularity of 3D incompressible Euler and Navier-Stokes equations, adaptive data analysis", "url": "http://www.cms.caltech.edu/people/3337/profile", "title": "Charles Lee Powell Professor of Applied and Computational Mathematics", "phone": "626-395-4546", "email": "hou@caltech.edu"},
{"name": "Oscar P. Bruno", "img": "http://www.cms.caltech.edu/photos/1193-bruno-o_thumbnail.jpg?1448941598", "title": "Professor of Applied and Computational Mathematics", "url": "http://www.cms.caltech.edu/people/2951/profile", "area": "Partial Differential Equations: Theory and Numerical Methods. Computational Science (Computational Electromagnetics, CFD, Computational Solid Mechanics). Numerical Analysis. Multiphysics Modeling and Simulation. Mathematical Physics.", "phone": "626-395-4548"},
{"name": "John Doyle", "img": "http://www.cms.caltech.edu/photos/1205-doyle-j_thumbnail.jpg?1448661601", "title": "Jean-Lou Chameau Professor of Control and Dynamical Systems, Electrical Engineering, and Bioengineering", "url": "http://www.cms.caltech.edu/people/2994/profile", "area": "integrating modeling, ID, analysis and design of uncertain nonlinear systems", "email": "doyle@caltech.edu"},
{"name": "Katrina Ligett", "img": "http://www.cms.caltech.edu/photos/1487-katrina-ligett_thumbnail.jpg?1392687584", "title": "Assistant Professor of Computer Science and Economics", "url": "http://www.cms.caltech.edu/people/4985/profile", "area": "algorithms, game theory, algorithmic game theory, data privacy", "phone": "626-395-1720"},
{"url": "http://www.cms.caltech.edu/people/5071/profile", "phone": "626-395-6568", "name": "Venkat Chandrasekaran", "img": "http://www.cms.caltech.edu/photos/1543-venkat-chandrasekaran_thumbnail.jpg?1448996243", "title": "Assistant Professor of Computing and Mathematical Sciences and Electrical Engineering"},
{"name": "Mathieu Desbrun", "img": "http://www.cms.caltech.edu/photos/1477-mathieu-desbrun_thumbnail.jpg?1448980676", "title": "John W. and Herberta M. Miles Professor of Computing and Mathematical Sciences; Executive Officer for Computing and Mathematical Sciences", "url": "http://www.cms.caltech.edu/people/2987/profile", "area": "geometry processing, geometric mechanics, computer graphics, computational science", "email": "mathieu@caltech.edu"},
{"url": "http://www.cms.caltech.edu/people/2926/profile", "title": "George W. Housner Professor of Engineering and Applied Science", "name": "James (Jim)  L. Beck", "img": "http://www.cms.caltech.edu/photos/1301-beck-j_thumbnail.jpg?1448973036", "area": "probability logic, computational Bayesian statistics, computational stochastic dynamics, quantum stochastic mechanics, system reliability theory,\u00a0Bayesian system identification, stochastic structural dynamics,\u00a0stochastically robust structural control"},
{"name": "Peter Schroeder", "img": "http://www.cms.caltech.edu/photos/1185-peter-schroeder_thumbnail.jpg?1449601400", "area": "Numerical algorithms for computer graphics, geometric modeling, physical modeling for computation, Discrete Differential Geometry", "url": "http://www.cms.caltech.edu/people/3197/profile", "title": "Shaler Arthur Hanisch Professor of Computer Science and Applied and Computational Mathematics", "phone": "626-395-4269", "email": "ps@caltech.edu"},
{"name": "Alan H. Barr", "img": "http://www.cms.caltech.edu/photos/1335-barr-a_thumbnail.jpg?1383872356", "area": "mathematics of computer graphics, developmental and molecular modeling, global virtual hospital", "url": "http://www.cms.caltech.edu/people/2923/profile", "title": "Professor of Computer Science", "phone": "626-395-2825", "email": "barr@caltech.edu"},
{"name": "Leonard  J. Schulman", "img": "http://www.cms.caltech.edu/photos/1187-schulman-l_thumbnail.jpg?1448998366", "title": "Professor of Computer Science", "url": "http://www.cms.caltech.edu/people/3198/profile", "area": "theory of computation, discrete mathematics", "phone": "626-395-6839"},
{"name": "Richard M. Murray", "img": "http://www.cms.caltech.edu/photos/1161-murray-r_thumbnail.jpg?1448954449", "title": "Thomas E. and Doris Everhart Professor of  Control and Dynamical Systems and Bioengineering", "url": "http://www.cms.caltech.edu/people/3135/profile", "area": "control theory, robotics, biological circuit design", "phone": "626-395-6460"},
{"name": "Dan Meiron", "img": "http://www.cms.caltech.edu/photos/1109-meiron-d_thumbnail.jpg?1448982563", "area": "fluid mechanics, compressible flow, turbulence, adaptive mesh refinement", "url": "http://www.cms.caltech.edu/people/3128/profile", "title": "Fletcher Jones Professor of Aeronautics and Applied and Computational Mathematics", "phone": "626-395-4563", "email": "dim@caltech.edu"},
{"url": "http://www.cms.caltech.edu/people/3146/profile", "title": "Professor of Applied and Computational Mathematics and Control and Dynamical Systems", "name": "Houman Owhadi", "img": "http://www.cms.caltech.edu/photos/1201-owhadi-h_thumbnail.jpg?1446888326", "area": "Homogenization theory. Multi-scale analysis. Probability theory. Stochastic mechanics and geometric integration. Uncertainty Quantification."},
{"name": "Niles A. Pierce", "img": "http://www.cms.caltech.edu/photos/1163-pierce-n_thumbnail.jpg?1448927059", "area": "biological engineering, chemical engineering, computational mathematics, molecular programming, chemical biology, synthetic biology", "url": "http://www.cms.caltech.edu/people/3157/profile", "title": "Professor of Applied and Computational Mathematics and Bioengineering", "phone": "626-395-8086", "email": "niles@caltech.edu"},
{"name": "Carver Mead", "img": "http://www.cms.caltech.edu/photos/1337-mead-c_thumbnail.jpg?1391996194", "title": "Gordon and Betty Moore Professor of Engineering and Applied Science, Emeritus", "url": "http://www.cms.caltech.edu/people/3350/profile", "area": "silicon models of specific               areas of the nervous system, physics of computation", "email": "carver@caltech.edu"},
{"name": "Kanianthra Mani Chandy", "img": "http://www.cms.caltech.edu/photos/1173-chandy-m_thumbnail.jpg?1383872356", "title": "Simon Ramo Professor of Computer Science, Emeritus", "url": "http://www.cms.caltech.edu/people/2964/profile", "area": "distributed systems, verification and validation of concurrent systems", "phone": "626-395-6559"},
{"url": "http://www.cms.caltech.edu/people/3719/profile", "name": "Michael Hucka", "img": "http://www.cms.caltech.edu/photos/1679-hucka_thumbnail.jpg?1415318146", "title": "Staff Scientist"},
{"url": "http://www.cms.caltech.edu/people/5401/profile", "phone": "626-395-2629", "title": "Research Associate", "email": "clintscovel@caltech.edu", "name": "James Scovel"},
{"name": "Douglas MacMartin", "img": "http://www.cms.caltech.edu/photos/1681-doug_thumbnail.jpg?1415318459", "title": "Lecturer in Computing and Mathematical Sciences; Visiting Associate in Computing and Mathematical Sciences", "url": "http://www.cms.caltech.edu/people/3556/profile", "phone": "650-619-9341", "email": "macmardg@caltech.edu"},
{"name": "Paul Rothemund", "img": "http://www.cms.caltech.edu/photos/1683-rothmund_thumbnail.jpg?1415318628", "title": "Research Professor of Bioengineering, Computing and Mathematical Sciences, and Computation and Neural Systems", "url": "http://www.cms.caltech.edu/people/3558/profile", "phone": "626-390-0438", "email": "pwkr@caltech.edu"},
{"name": "Donald  S. Cohen", "img": "http://www.cms.caltech.edu/photos/1339-donald-cohen_thumbnail.jpg?1431620570", "title": "Charles Lee Powell Professor of Applied Mathematics, Emeritus", "url": "http://www.cms.caltech.edu/people/2969/profile", "phone": "626-577-1782", "email": "dscohen@caltech.edu"},
{"name": "Gerard Holzmann", "img": "http://www.cms.caltech.edu/photos/1677-holzmann_thumbnail.jpg?1415318146", "title": "Senior Faculty Associate in Computing and Mathematical Sciences", "url": "http://www.cms.caltech.edu/people/4245/profile", "phone": "818-393-5937", "email": "gholzmann@caltech.edu"},
{"url": "http://www.cms.caltech.edu/people/4457/profile", "name": "Damien Woods", "img": "http://www.cms.caltech.edu/photos/1687-woods_thumbnail.jpg?1437494104", "title": "Research Assistant Professor of Computing and Mathematical Sciences"},
{"url": "http://www.cms.caltech.edu/people/5685/profile", "phone": "626-395-4064", "name": "Omer Tamuz", "img": "http://www.cms.caltech.edu/photos/1709-tamuz_thumbnail.jpg?1444672711", "title": "Assistant Professor of Economics and Mathematics"},
{"name": "Lulu Qian", "img": "http://www.cms.caltech.edu/photos/1625-lulu-qian_thumbnail.jpg?1446773966", "title": "Assistant Professor of Bioengineering", "url": "http://www.cms.caltech.edu/people/4049/profile", "phone": "626-395-1228", "email": "luluqian@caltech.edu"},
{"name": "Pietro Perona", "img": "http://www.cms.caltech.edu/photos/1219-perona-p_thumbnail.jpg?1446787882", "title": "Allen E. Puckett Professor of Electrical Engineering", "url": "http://www.cms.caltech.edu/people/3151/profile", "area": "machine vision, visual psychophysics, machine learning, signal processing", "phone": "626-395-4867"},
{"url": "http://www.cms.caltech.edu/people/3099/profile", "name": "John O. Ledyard", "img": "http://www.cms.caltech.edu/photos/1519-john-ledyard_thumbnail.jpg?1448661063", "title": "Allen and Lenabelle Davis Professor of Economics and Social Sciences"},
{"name": "John Preskill", "img": "http://www.cms.caltech.edu/photos/1349-preskill-john_thumbnail.jpg?1446878446", "area": "quantum algorithms, quantum cryptography, quantum error correction, quantum many-body physics, particle physics, gravitational physics", "url": "http://www.cms.caltech.edu/people/3163/profile", "title": "Richard P. Feynman Professor of Theoretical Physics", "phone": "626-395-6691", "email": "preskill@caltech.edu"},
{"name": "Victoria Kostina", "img": "http://www.cms.caltech.edu/photos/1653-victoria-kostina_thumbnail.jpg?1412621740", "title": "Assistant Professor of Electrical Engineering", "url": "http://www.cms.caltech.edu/people/5380/profile", "phone": "626-395-1320", "email": "vkostina@caltech.edu"},
{"name": "Alexei Y. Kitaev", "img": "http://www.cms.caltech.edu/photos/1179-kitaev-a_thumbnail.jpg?1448965547", "title": "Ronald and Maxine Linde Professor of Theoretical Physics and Mathematics", "url": "http://www.cms.caltech.edu/people/3083/profile", "area": "quantum computation, topological quantum phases, anyons, topological insulators and superconductors", "email": "kitaev@caltech.edu"},
{"name": "Babak Hassibi", "img": "http://www.cms.caltech.edu/photos/1311-hassibi-b_thumbnail.jpg?1448977274", "area": "communications theory, information theory, adaptive and statistical signal processing, robust and distributed control, DNA microarrays, random matrices, group representation theory", "url": "http://www.cms.caltech.edu/people/3042/profile", "title": "Gordon M. Binder/Amgen Professor of Electrical Engineering", "phone": "626-395-4810", "email": "hassibi@caltech.edu"},
{"url": "http://www.cms.caltech.edu/people/5388/profile", "phone": "626-395-2424", "name": "Yisong Yue", "img": "http://www.cms.caltech.edu/photos/1657-yisong-yue_thumbnail.jpg?1426630397", "title": "Assistant Professor of Computing and Mathematical Sciences"},
{"name": "Erik Winfree", "img": "http://www.cms.caltech.edu/photos/1167-erik-winfree_thumbnail.jpg?1449079337", "area": "molecular programming, DNA nanotechnology, DNA computing, cell-free biochemical circuits, nucleic acid systems, biophysics, complexity theory, programming languages and compilers, evolutionary systems", "url": "http://www.cms.caltech.edu/people/3255/profile", "title": "Professor of Computer Science, Computation and Neural Systems, and Bioengineering", "phone": "626-395-6246", "email": "winfree@caltech.edu"},
{"name": "Thomas Vidick", "img": "http://www.cms.caltech.edu/photos/1647-vidick-t_thumbnail.jpg?1448983561", "title": "Assistant Professor of Computing and Mathematical Sciences", "url": "http://www.cms.caltech.edu/people/5373/profile", "phone": "626-395-8684", "email": "vidick@caltech.edu"},
{"name": "Adam Wierman", "img": "http://www.cms.caltech.edu/photos/1577-adam-wierman_thumbnail.jpg?1407054012", "title": "Professor of Computing and Mathematical Sciences; Executive Officer for Computing and Mathematical Sciences", "url": "http://www.cms.caltech.edu/people/3336/profile", "area": "energy efficient computing, scheduling and resource allocation, data centers, queueing theory, game theory, social networks, smart grid", "phone": "626-395-6569"},
{"url": "http://www.cms.caltech.edu/people/3237/profile", "title": "Professor of Computer Science", "name": "Christopher Umans", "img": "http://www.cms.caltech.edu/photos/1189-christopher-umans_thumbnail.jpg?1432250524", "area": "computational complexity, randomness in computation, algebraic complexity and algorithms, hardness of approximation"},
{"name": "Joel A. Tropp", "img": "http://www.cms.caltech.edu/photos/1203-tropp-j_thumbnail.jpg?1391911716", "area": "algorithms, numerical analysis, statistics, random matrix theory", "url": "http://www.cms.caltech.edu/people/3334/profile", "title": "Professor of Applied and Computational Mathematics", "phone": "626-395-5957", "email": "jtropp@caltech.edu"},
{"url": "http://www.cms.caltech.edu/people/3119/profile", "title": "Professor of Computer Science", "name": "Alain J. Martin", "img": "http://www.cms.caltech.edu/photos/1269-martin-a_thumbnail.jpg?1446859498", "area": "asynchronous VLSI, parallel architecture"},
{"url": "http://www.cms.caltech.edu/people/3109/profile", "title": "Professor of Computer Science and Electrical Engineering", "name": "Steven Low", "img": "http://www.cms.caltech.edu/photos/1183-steven-low_thumbnail.jpg?1445297778", "area": "networking, smart grid, energy efficiency in networking"}]