[{"addr": "8110 Gates and Hillman Centers", "img": "https://www.ml.cmu.edu/people/people-images/zhu_jun_2015_115.jpg", "title": "Adjunct Faculty", "url": "https://www.cs.cmu.edu/directory/junzhu", "phone": "", "email": "junzhu@andrew.cmu.edu", "name": "Jun Zhu"},
{"addr": "9116 Gates and Hillman Centers", "img": "http://www.cs.cmu.edu/~yairzick/profile_pic.jpg", "title": "Post Doctoral Fellow", "url": "https://www.cs.cmu.edu/directory/yairzick", "phone": "(412) 268-2000", "email": "yairzick@cs.cmu.edu", "name": "Yair Zick"},
{"addr": "2504F Newell-Simon Hall", "img": "http://design.cmu.edu/sites/default/files/avatar/headshot%2520medium%2520square%25202013.png", "title": "Associate Professor", "url": "https://www.cs.cmu.edu/directory/johnz", "phone": "(412) 608-8181", "email": "johnz@cs.cmu.edu", "name": "John Zimmerman"},
{"addr": "300 South Craig Street", "img": "https://media.licdn.com/mpr/mpr/shrinknp_200_200/p/4/005/08b/041/11a19b7.jpg", "title": "Visiting Scholar", "url": "https://www.cs.cmu.edu/directory/alesz", "phone": "", "email": "alesz@andrew.cmu.edu", "name": "Ales Zivkovic"},
{"addr": "8205 Gates and Hillman Centers", "img": "http://www.umut-acar.org/_/rsrc/1347978871466/home/umut-2012-1-medium-size-quality.jpg%3Fheight%3D200%26width%3D132", "title": "Associate Professor", "url": "https://www.cs.cmu.edu/directory/uacar", "phone": "412-268-6791", "email": "umut@cs.cmu.edu", "name": "Umut Acar"},
{"addr": "6009 Gates and Hillman Centers", "img": "https://www.cylab.cmu.edu/images/faculty/jia.jpg", "title": "Assistant Teaching Professor", "url": "https://www.cs.cmu.edu/directory/dilsunk", "phone": "(412) 268-9297", "email": "dilsun@cs.cmu.edu", "name": "Zeliha Dilsun Kaynar"},
{"addr": "8112 Gates and Hillman Centers", "img": "http://www.cs.cmu.edu/~aarti/Gautam.png", "title": "Post Doctoral Fellow", "url": "https://www.cs.cmu.edu/directory/gautamd", "phone": "", "email": "gautamd@cs.cmu.edu", "name": "Gautam Dasarathy"},
{"addr": "", "img": "https://www.lti.cs.cmu.edu/sites/default/files/styles/directory_thumb/public/Mortensen,David.jpg%3Fitok%3DXHmtiKLO", "title": "Post Doctoral Associate With Benefits", "url": "https://www.cs.cmu.edu/directory/minnanl", "phone": "", "email": "minnanl@andrew.cmu.edu", "name": "Minnan Luo"},
{"addr": "216 Smith Hall", "img": "http://www.cs.cmu.edu/~orussako/photos/OlgaRussakovsky.JPG", "title": "Postdoctoral Fellow", "url": "https://www.cs.cmu.edu/directory/orussako", "phone": "", "email": "orussako@andrew.cmu.edu", "name": "Olga Russakovsky"},
{"addr": "3115 Newell-Simon Hall", "img": "http://www.cmu.edu/news/experts/images/bios/illah-min.jpg", "title": "Professor", "url": "https://www.cs.cmu.edu/directory/illah", "phone": "(412) 268-2007", "email": "illah@cs.cmu.edu", "name": "Illah Nourbakhsh"},
{"addr": "278 National Robotics Engineering Center", "img": "http://www.ri.cmu.edu/images/people/gonzalez-mora_jose_04.JPG", "title": "Commercialization Specialist", "url": "https://www.cs.cmu.edu/directory/jgmora", "phone": "(412) 681-6900", "email": "jgmora@cs.cmu.edu", "name": "Jose Gonzalez-Mora"},
{"addr": "300 South Craig Street", "img": "x-raw-image:///27ae85d3a0ec1d73d98cdae8ff5b7b8561cd5621771c6e8103b4cb708a771885", "title": "Visiting Scholar", "url": "https://www.cs.cmu.edu/directory/azykov", "phone": "", "email": "azykov@andrew.cmu.edu", "name": "Andrey Zykov"},
{"addr": "6215 Gates and Hillman Centers", "img": "http://www.cs.cmu.edu/~aada/images/me3.jpg", "title": "Assistant Teaching Professor", "url": "https://www.cs.cmu.edu/directory/aada", "phone": "(412) 268-3835", "email": "aada@cs.cmu.edu", "name": "Anil Ada"},
{"addr": "", "img": "http://design.cmu.edu/sites/default/files/avatar/aisling300.png", "title": "Adjunct", "url": "https://www.cs.cmu.edu/directory/aislingk", "phone": "(412) 268-9472", "email": "aislingk@andrew.cmu.edu", "name": "Aisling Kelliher"},
{"addr": "2118 Collaborative Innovation Center", "img": "https://www.andrew.cmu.edu/user/danupam/ad.jpg", "title": "Associate Professor, CSD, ECE", "url": "https://www.cs.cmu.edu/directory/danupam", "phone": "(412) 268-4254", "email": "danupam@andrew.cmu.edu", "name": "Anupam Datta"},
{"addr": "Newell-Simon Hall", "img": "http://protolab.cs.cmu.edu/media/ppl/ioanna.jpg", "title": "Visitor", "url": "https://www.cs.cmu.edu/directory/ilykoure", "phone": "", "email": "ilykoure@andrew.cmu.edu", "name": "Ioanna Lykourentzou"},
{"addr": "5303 Wean Hall", "img": "http://www.ri.cmu.edu/images/people/sadeh_norman.jpg", "title": "Co-Director, Msit-Privacy Engineering Program; Director, Mba-Technology Leadership Program; Professor", "url": "https://www.cs.cmu.edu/directory/ns1i", "phone": "(412) 268-8144", "email": "sadeh@cs.cmu.edu", "name": "Norman Sadeh-Koniecpol"},
{"addr": "Newell-Simon Hall", "img": "http://wire2015.eu/assets/media/images/9bbe9692cebef08703432630ed9d831e.jpg", "title": "Instructor - Portugal", "url": "https://www.cs.cmu.edu/directory/nunon", "phone": "", "email": "nunon@andrew.cmu.edu", "name": "Nuno Nunes"},
{"addr": "8105 Gates and Hillman Centers", "img": "http://www.ri.cmu.edu/images/people/gordon_geoffrey.jpg", "title": "Associate Department Head for Education; Associate Professor", "url": "https://www.cs.cmu.edu/directory/gg25", "phone": "(412) 268-7399", "email": "ggordon@cs.cmu.edu", "name": "Geoffrey Gordon"},
{"addr": "7719 Gates and Hillman Centers", "img": "https://www.cs.cmu.edu/~adamchik/pix/me10.jpg", "title": "Associate Teaching Professor", "url": "https://www.cs.cmu.edu/directory/adamchik", "phone": "(412) 268-8121", "email": "adamchik@cs.cmu.edu", "name": "Victor Adamchik"},
{"addr": "Gates and Hillman Centers", "img": "http://academic.research.microsoft.com/Photo/2394725.jpg", "title": "Visiting Faculty", "url": "https://www.cs.cmu.edu/directory/adayanik", "phone": "", "email": "adayanik@andrew.cmu.edu", "name": "Aynur Dayanik"},
{"addr": "", "img": "https://i1.rgstatic.net/ii/profile.image/AS%253A277238751744001%401443110277495_l/Olga_Lyra.png", "title": "Instructor - Portugal", "url": "https://www.cs.cmu.edu/directory/cwk_0000676", "phone": "", "email": "olga.lyra@m-iti.org", "name": "Olga Lyra"},
{"addr": "5510 Gates and Hillman Centers", "img": "x-raw-image:///3a847ccb2fd7300c6a8923f555b247a6673f4c0e7dd8e05d956aab520271b8c7", "title": "Visiting Research Scholar", "url": "https://www.cs.cmu.edu/directory/ksakamot", "phone": "", "email": "ksakamot@andrew.cmu.edu", "name": "Kotaro Sakamoto"},
{"addr": "1105 Newell-Simon Hall", "img": "http://www.ri.cmu.edu/images/people/nuske_stephen_02.JPG", "title": "Systems Scientist", "url": "https://www.cs.cmu.edu/directory/snuske", "phone": "(412) 268-5901", "email": "snuske@cs.cmu.edu", "name": "Stephen Nuske"},
{"addr": "", "img": "https://www.ml.cmu.edu/people/people-images/mazaitis_katie_115.jpg", "title": "Assistant Teaching Professor", "url": "https://www.cs.cmu.edu/directory/mgormley", "phone": "", "email": "mgormley@cs.cmu.edu", "name": "Matthew Gormley"},
{"addr": "5313 Wean Hall", "img": "http://www.synergylabs.org/yuvraj/layoutimages/yuvraj.jpg", "title": "Assistant Professor", "url": "https://www.cs.cmu.edu/directory/yuvraja", "phone": "(412) 268-7328", "email": "yuvraja@cs.cmu.edu", "name": "Yuvraj Agarwal"},
{"addr": "Newell-Simon Hall", "img": "http://www.cmuportugal.org/uploadedImages/people/faculty-researchers/David%2520Lamont(1).jpg", "title": "Instructor - Portugal", "url": "https://www.cs.cmu.edu/directory/davidsda", "phone": "", "email": "davidsda@andrew.cmu.edu", "name": "David De Aveiro"},
{"addr": "4629 Newell-Simon Hall", "img": "http://www.cs.cmu.edu/~kevinma/imgs/LA.jpg", "title": "Post Doctoral Fellow", "url": "https://www.cs.cmu.edu/directory/kevinma", "phone": "", "email": "kevinma@cs.cmu.edu", "name": "Zhigang Ma"},
{"addr": "7006 Gates and Hillman Centers", "img": "http://www.cs.cmu.edu/~msakr/images/majd_sakr_bws.jpg", "title": "Teaching Professor", "url": "https://www.cs.cmu.edu/directory/msakr", "phone": "(412) 268-1161", "email": "msakr@cs.cmu.edu", "name": "Majd Sakr"},
{"addr": "6715 Gates and Hillman Centers", "img": "http://www.cs.cmu.edu/~ehn/Eric-Nyberg_150.jpg", "title": "Director of Master of Computational Data Science Program; Professor", "url": "https://www.cs.cmu.edu/directory/en09", "phone": "(412) 268-7281", "email": "ehn@cs.cmu.edu", "name": "Eric Nyberg"},
{"addr": "283 National Robotics Engineering Center", "img": "https://www.ri.cmu.edu/images/people/gowdy_jay1.jpg", "title": "Commercialization Specialist", "url": "https://www.cs.cmu.edu/directory/jg2k", "phone": "", "email": "jg2k@andrew.cmu.edu", "name": "Jay Gowdy"},
{"addr": "4216 Wean Hall", "img": "http://www.cs.cmu.edu/~./aldrich/aldrich-mug3.jpg", "title": "Associate Professor; Director, Software Engineering Ph.D. Program", "url": "https://www.cs.cmu.edu/directory/aldrich", "phone": "(412) 268-7278", "email": "aldrich@cs.cmu.edu", "name": "Jonathan Aldrich"},
{"addr": "217 Smith Hall", "img": "http://www.ri.cmu.edu/images/people/delatorrefrade_fernando.jpg", "title": "Associate Research Professor", "url": "https://www.cs.cmu.edu/directory/ftorre", "phone": "(412) 268-4706", "email": "ftorre@cs.cmu.edu", "name": "Fernando De La Torre Frade"},
{"addr": "7705 Gates and Hillman Centers", "img": "http://www.cs.cmu.edu/~jianma/photo/jianma.jpg", "title": "Associate Professor", "url": "https://www.cs.cmu.edu/directory/jianma", "phone": "", "email": "jianma@cs.cmu.edu", "name": "Jian Ma"},
{"addr": "9116 Gates and Hillman Centers", "img": "http://www.cs.cmu.edu/~rajas/images/Raja_phd_grad.jpg", "title": "Post Doctoral Fellow", "url": "https://www.cs.cmu.edu/directory/rajas", "phone": "(412) 268-2000", "email": "rajas@cs.cmu.edu", "name": "Raja Sambasivan"},
{"addr": "7213 Gates and Hillman Centers", "img": "http://www.cs.cmu.edu/~odonnell/ryan-odonnell.jpg", "title": "Associate Professor", "url": "https://www.cs.cmu.edu/directory/ryanod", "phone": "(412) 268-3041", "email": "odonnell@cs.cmu.edu", "name": "Ryan O'Donnell"},
{"addr": "6709 Gates and Hillman Centers", "img": "https://media.licdn.com/mpr/mpr/shrinknp_200_200/p/4/000/158/38d/1473def.jpg", "title": "Visiting Research Professional", "url": "https://www.cs.cmu.edu/directory/mgrabmai", "phone": "", "email": "mgrabmair@andrew.cmu.edu", "name": "Matthias Grabmair"},
{"addr": "3531 Newell-Simon Hall", "img": "http://www.cs.cmu.edu/~./aleven/Resources/vincentoutdoors.jpeg", "title": "Associate Professor; Director, Bhci Program", "url": "https://www.cs.cmu.edu/directory/va0e", "phone": "(412) 268-5475", "email": "aleven@cs.cmu.edu", "name": "Vincent Aleven"},
{"addr": "2305 Wean Hall", "img": "http://www.cs.cmu.edu/~jpsousa/header_files/image001.jpg", "title": "Adjunct Instructor", "url": "https://www.cs.cmu.edu/directory/joaod", "phone": "", "email": "joaod@andrew.cmu.edu", "name": "Joao De Sousa"},
{"addr": "", "img": "https://www.cmu.edu/me/images/Photos/majidi.jpg", "title": "Adjunct Faculty Member", "url": "https://www.cs.cmu.edu/directory/cmajidi", "phone": "(412) 268-2492", "email": "cmajidi@andrew.cmu.edu", "name": "Carmel Majidi"},
{"addr": "9205 Gates and Hillman Centers", "img": "http://www.cmu.edu/news/experts/images/bios/tuomas-sandholm_2014_069-min.jpg", "title": "Professor", "url": "https://www.cs.cmu.edu/directory/sandholm", "phone": "(412) 268-8216", "email": "sandholm@cs.cmu.edu", "name": "Tuomas Sandholm"},
{"addr": "7517 Gates and Hillman Centers", "img": "https://www.cs.cmu.edu/~droh/droh.jpg", "title": "Professor of Computer Science And Electrical And Computer Engineering", "url": "https://www.cs.cmu.edu/directory/droh", "phone": "(412) 268-8199", "email": "droh@cs.cmu.edu", "name": "David O'Hallaron"},
{"addr": "", "img": "http://www.cs.cmu.edu/~guna/guna-2011.jpg", "title": "Adjunct Faculty", "url": "https://www.cs.cmu.edu/directory/guna", "phone": "(412) 268-2565", "email": "guna@andrew.cmu.edu", "name": "Ananda Gunawardena"},
{"addr": "", "img": "https://media.licdn.com/mpr/mpr/shrinknp_200_200/p/5/005/01a/0cd/26d3d2c.jpg", "title": "Visitor", "url": "https://www.cs.cmu.edu/directory/taloglu", "phone": "", "email": "taloglu@andrew.cmu.edu", "name": "Tevfik Oytun Aloglu"},
{"addr": "2502 Newell-Simon Hall", "img": "x-raw-image:///42573a2c3d216b330f2eca575f73c92fdf46cc46a475b94989005ff2725c2d69", "title": "Visiting Researcher", "url": "https://www.cs.cmu.edu/directory/gokulk", "phone": "", "email": "gokulk@andrew.cmu.edu", "name": "Gokul Krishnaa Devaraju"},
{"addr": "1019 Carnegie Mellon Qatar", "img": "http://www.qatar.cmu.edu/~tsans/main/media/thierry-sans.jpg", "title": "Assistant Teaching Professor of Computer Science", "url": "https://www.cs.cmu.edu/directory/tsans", "phone": "", "email": "tsans@qatar.cmu.edu", "name": "Thierry Sans"},
{"addr": "1009 Carnegie Mellon Qatar", "img": "https://www.andrew.cmu.edu/user/ko/kopic2.jpg", "title": "Associate Dean, Research;  Teaching Professor of Computer Science", "url": "https://www.cs.cmu.edu/directory/ko", "phone": "", "email": "ko@qatar.cmu.edu", "name": "Kemal Oflazer"},
{"addr": "7203 Gates and Hillman Centers", "img": "https://resources.mpi-inf.mpg.de/conferences/adfocs-08/graphics/gupta.jpg", "title": "Professor", "url": "https://www.cs.cmu.edu/directory/ag", "phone": "(412) 268-7127", "email": "anupamg@cs.cmu.edu", "name": "Anupam Gupta"},
{"addr": "", "img": "http://www.m-iti.org/uploads/pictures/picture-823.jpg", "title": "Instructor - Portugal", "url": "https://www.cs.cmu.edu/directory/mamasia", "phone": "", "email": "mamasia@andrew.cmu.edu", "name": "Mary Amasia"},
{"addr": "3519 Newell-Simon Hall", "img": "http://www.cs.cmu.edu/~anind/dey.big.jpg", "title": "Charles M. Geschke Director, Human-Computer Interaction Institute", "url": "https://www.cs.cmu.edu/directory/anind", "phone": "---", "email": "anind@cs.cmu.edu", "name": "Anind Dey"},
{"addr": "", "img": "https://www.ri.cmu.edu/images/people/sargent_randy.jpg", "title": "Adjunct Faculty Member", "url": "https://www.cs.cmu.edu/directory/rsargent", "phone": "(650) 575-1612", "email": "rsargent@cs.cmu.edu", "name": "James Sargent"},
{"addr": "3527 Newell-Simon Hall", "img": "http://www.articulab.justinecassell.com/images/people/AmyOgan.jpg", "title": "Assistant Professor", "url": "https://www.cs.cmu.edu/directory/aeo", "phone": "(626) 600-6426", "email": "aeo@cs.cmu.edu", "name": "Amy Ogan"},
{"addr": "213 Smith Hall", "img": "https://www.ri.cmu.edu/images/people/gupta_abhinav%2520crop.jpg", "title": "Assistant Professor", "url": "https://www.cs.cmu.edu/directory/gabhinav", "phone": "(412) 268-2067", "email": "abhinavg@cs.cmu.edu", "name": "Abhinav Gupta"},
{"addr": "4000B Newell-Simon Hall", "img": "http://www.ri.cmu.edu/images/people/omead.gif", "title": "Adjunct Faculty", "url": "https://www.cs.cmu.edu/directory/oa02", "phone": "(412) 268-3818", "email": "oa02@andrew.cmu.edu", "name": "Omead Amidi"},
{"addr": "2105 Newell-Simon Hall", "img": "http://www.cs.cmu.edu/~mbdias/MyWeb_files/DiasMB.jpg", "title": "Associate Research Professor", "url": "https://www.cs.cmu.edu/directory/bdias", "phone": "(412) 268-9365", "email": "mbdias@cs.cmu.edu", "name": "M Dias"},
{"addr": "9123 Gates and Hillman Centers", "img": "http://www.cs.cmu.edu/~satya/satyaphoto.jpg", "title": "Carnegie Group Professor of Computer Science", "url": "https://www.cs.cmu.edu/directory/satya", "phone": "(412) 268-3743", "email": "satya@cs.cmu.edu", "name": "Mahadev Satyanarayanan"},
{"addr": "", "img": "http://www.m-iti.org/uploads/pictures/picture-16.png", "title": "Instructor - Portugal", "url": "https://www.cs.cmu.edu/directory/dpacheco", "phone": "", "email": "dpacheco@andrew.cmu.edu", "name": "Dulce Pacheco"},
{"addr": "7211 Gates and Hillman Centers", "img": "http://www.cs.cmu.edu/~venkatg/pic/venkat2014.jpg", "title": "Professor", "url": "https://www.cs.cmu.edu/directory/venkatg", "phone": "(412) 268-4899", "email": "venkatg@cs.cmu.edu", "name": "Venkatesan Guruswami"},
{"addr": "9109 Gates and Hillman Centers", "img": "https://www.cs.cmu.edu/~dga/dga-headshot.jpg", "title": "Associate Professor", "url": "https://www.cs.cmu.edu/directory/dga2", "phone": "(412) 268-3064", "email": "dga@cs.cmu.edu", "name": "David Andersen"},
{"addr": "4000B Newell-Simon Hall", "img": "https://www.ri.cmu.edu/images/people/digioia_anthony_2009.jpg", "title": "Adjunct Faculty", "url": "https://www.cs.cmu.edu/directory/digioia", "phone": "(412) 268-3818", "email": "digioia@andrew.cmu.edu", "name": "Anthony Digioia"},
{"addr": "4121 Wean Hall", "img": "https://i1.rgstatic.net/ii/profile.image/AS%253A273732832854019%401442274401853_l/Florian_Schaub.png", "title": "Post-Doctoral Fellow", "url": "https://www.cs.cmu.edu/directory/fschaub", "phone": "", "email": "fschaub@cs.cmu.edu", "name": "Florian Schaub"},
{"addr": "", "img": "http://2.bp.blogspot.com/-oO0Grw05Ryw/Vj9dzbQ2LLI/AAAAAAABr7k/jYc7H2XrkEU/s400/Franz-Wright-GalleyCat.jpg", "title": "Post Doctoral Fellow", "url": "https://www.cs.cmu.edu/directory/rmeirele", "phone": "", "email": "rmeirele@andrew.cmu.edu", "name": "Rui Manuel Pacheco Meireles"},
{"addr": "7005 Gates and Hillman Centers", "img": "http://www.cs.cmu.edu/~haeupler/pic.jpg", "title": "Assistant Professor", "url": "https://www.cs.cmu.edu/directory/haeupler", "phone": "(412) 268-3984", "email": "haeupler@cs.cmu.edu", "name": "Bernhard Haeupler"},
{"addr": "4111 Wean Hall", "img": "https://www.usableprivacy.org/files/people/2015050420062380.png", "title": "Visiting Researcher", "url": "https://www.cs.cmu.edu/directory/manderse", "phone": "", "email": "manderse@andrew.cmu.edu", "name": "Mads Andersen"},
{"addr": "3109 Newell-Simon Hall", "img": "http://www.ri.cmu.edu/images/people/Dolan_John_2013.jpg", "title": "Principal Systems Scientist", "url": "https://www.cs.cmu.edu/directory/jdolan", "phone": "(412) 268-7988", "email": "jmd@cs.cmu.edu", "name": "John Dolan"},
{"addr": "1615 Newell-Simon Hall", "img": "http://www.ri.cmu.edu/images/people/scherer_sebastian.JPG", "title": "Systems Scientist", "url": "https://www.cs.cmu.edu/directory/basti", "phone": "(412) 589-9581", "email": "basti@cs.cmu.edu", "name": "Sebastian Scherer"},
{"addr": "Gates and Hillman Centers", "img": "https://www.lti.cs.cmu.edu/sites/default/files/styles/directory_thumb/public/Mortensen,David.jpg%3Fitok%3DXHmtiKLO", "title": "Visiting Research Professional", "url": "https://www.cs.cmu.edu/directory/lighnt", "phone": "", "email": "lighnt@andrew.cmu.edu", "name": "Pingbo Pan"},
{"addr": "3529 Newell-Simon Hall", "img": "http://replayable.net/wp-content/uploads/2012/08/jessica_hammer.jpg", "title": "Assistant Professor", "url": "https://www.cs.cmu.edu/directory/hammerj", "phone": "(412) 463-4875", "email": "hammerj@cs.cmu.edu", "name": "Jessica Hammer"},
{"addr": "6005 Gates and Hillman Centers", "img": "https://www.cmu.edu/news/image-archive/anderson_news.jpg", "title": "Systems Scientist", "url": "https://www.cs.cmu.edu/directory/andersoe", "phone": "(412) 268-1908", "email": "andersoe@cs.cmu.edu", "name": "Eric Anderson"},
{"addr": "2502A Newell-Simon Hall", "img": "https://www.hcii.cmu.edu/sites/default/files/migrated_files/afsaneh_doryab_may2015.jpg", "title": "Systems Scientist", "url": "https://www.cs.cmu.edu/directory/adoryab", "phone": "", "email": "adoryab@cs.cmu.edu", "name": "Afsaneh Doryab"},
{"addr": "5222 Wean Hall", "img": "https://www.cylab.cmu.edu/images/faculty/scherlis.jpg", "title": "Director; Professor", "url": "https://www.cs.cmu.edu/directory/scherlis", "phone": "(412) 268-8741", "email": "wls@cs.cmu.edu", "name": "William Scherlis"},
{"addr": "4109 Newell-Simon Hall", "img": "http://www.cs.cmu.edu/~ylpark/YLPark_Photo.jpg", "title": "Assistant Professor", "url": "https://www.cs.cmu.edu/directory/ylpark", "phone": "(412) 268-6820", "email": "ylpark@cs.cmu.edu", "name": "Yong-Lae Park"},
{"addr": "1006 Carnegie Mellon Qatar", "img": "http://cmucloud.fuegodigital.com/app/media/133", "title": "Assistant Teaching Professor of Computer Science", "url": "https://www.cs.cmu.edu/directory/mhhammou", "phone": "", "email": "mhhammou@qatar.cmu.edu", "name": "Mohammad Hammoud"},
{"addr": "", "img": "https://www.cmich.edu/colleges/CCFA/ice/PublishingImages/pages/default/2015-0505-043%2520CCFA%2520Journalism%2520collaboration%2520Center%2520sj.jpg", "title": "Lecturer", "url": "https://www.cs.cmu.edu/directory/annpenny", "phone": "(412) 268-2000", "email": "apa@cs.cmu.edu", "name": "Ann Anderson"},
{"addr": "2502 Newell-Simon Hall", "img": "http://ubicomplab.org/wp-content/uploads/2015/10/jungwookpark2.jpg", "title": "Visiting Scholar In HCII", "url": "https://www.cs.cmu.edu/directory/jungwoop", "phone": "", "email": "jungwoop@andrew.cmu.edu", "name": "Jung Wook Park"},
{"addr": "", "img": "https://pbs.twimg.com/media/CMuL0ozUcAAby89.jpg", "title": "Instructor - Portugal", "url": "https://www.cs.cmu.edu/directory/jhanna", "phone": "", "email": "jhanna@andrew.cmu.edu", "name": "Julian Hanna"},
{"addr": "205 National Robotics Engineering Center", "img": "http://www.ri.cmu.edu/images/people/apostolopoulos_dimi_2.jpg", "title": "Senior Systems Scientist; Special Faculty-Senior Researcher", "url": "https://www.cs.cmu.edu/directory/da1v", "phone": "(412) 681-5901", "email": "da1v@cs.cmu.edu", "name": "Dimitrios Apostolopoulos"},
{"addr": "3612E Newell-Simon Hall", "img": "http://www.paulos.net/images/ericpaulos.png", "title": "Associate Professor", "url": "https://www.cs.cmu.edu/directory/paulos", "phone": "(412) 268-3467", "email": "paulos@andrew.cmu.edu", "name": "Eric Paulos"},
{"addr": "7207 Gates and Hillman Centers", "img": "http://www-2.cs.cmu.edu/~women/photos/mor2.jpg", "title": "Professor", "url": "https://www.cs.cmu.edu/directory/harchol", "phone": "(412) 268-7893", "email": "harchol@cs.cmu.edu", "name": "Mor Harchol-Balter"},
{"addr": "", "img": "https://598d5fcf392acad97538-395e64798090ee0a3a571e8c148d44f2.ssl.cf1.rackcdn.com/5346047_37-celebrities-you-probably-didnt-know_t77823e06.jpg", "title": "Visiting Scholar", "url": "https://www.cs.cmu.edu/directory/vartemev", "phone": "", "email": "vartemev@andrew.cmu.edu", "name": "Vasilii Artemev"},
{"addr": "9019 Gates and Hillman Centers", "img": "http://www.cs.cmu.edu/~pavlo/static/images/photo-2014.jpg", "title": "Assistant Professor", "url": "https://www.cs.cmu.edu/directory/apavlo", "phone": "(412) 268-3057", "email": "pavlo@cs.cmu.edu", "name": "Andrew Pavlo"},
{"addr": "9207 Gates and Hillman Centers", "img": "https://upload.wikimedia.org/wikipedia/commons/thumb/b/bd/Robert_Harper.jpg/250px-Robert_Harper.jpg", "title": "Professor", "url": "https://www.cs.cmu.edu/directory/rwh", "phone": "(412) 268-3675", "email": "rwh@cs.cmu.edu", "name": "Robert Harper"},
{"addr": "", "img": "https://www.hcii.cmu.edu/sites/default/files/migrated_files/images/affiliated-faculty/jill-fain-lehman.jpg", "title": "Instructor - Portugal", "url": "https://www.cs.cmu.edu/directory/sashby", "phone": "", "email": "sashby@andrew.cmu.edu", "name": "Simone Ashby"},
{"addr": "2107 Collaborative Innovation Center", "img": "https://users.ece.cmu.edu/~adrian/adrian3.jpg", "title": "Adjunct Faculty", "url": "https://www.cs.cmu.edu/directory/adrian", "phone": "(412) 268-2242", "email": "adrian@andrew.cmu.edu", "name": "Adrian Perrig"},
{"addr": "1020 Carnegie Mellon Qatar", "img": "http://www.techbridgeworld.org/team/khaled_harras_sm.jpg", "title": "Associate Teaching Professor of Computer Science", "url": "https://www.cs.cmu.edu/directory/kharras", "phone": "", "email": "kharras@qatar.cmu.edu", "name": "Khaled Harras"},
{"addr": "A527 Newell-Simon Hall", "img": "https://www.ri.cmu.edu/images/people/atkeson_christopher.jpg", "title": "Professor", "url": "https://www.cs.cmu.edu/directory/cga", "phone": "(412) 268-5544", "email": "cga@cs.cmu.edu", "name": "Christopher Atkeson"},
{"addr": "4218 Wean Hall", "img": "http://www.cmu.edu/news/stories/archives/2012/december/images/juergen-pfeffer_200x300.jpg", "title": "Assistant Research Professor", "url": "https://www.cs.cmu.edu/directory/jpfeffer", "phone": "412-268-3163", "email": "jpfeffer@cs.cmu.edu", "name": "Juergen Pfeffer"},
{"addr": "407 South Craig Street", "img": "http://www.chrisharrison.net/img/chris7.jpg", "title": "Assistant Professor", "url": "https://www.cs.cmu.edu/directory/charriso", "phone": "(412) 268-7252", "email": "charriso@cs.cmu.edu", "name": "Christopher Harrison"},
{"addr": "", "img": "https://www.cmu.edu/cheme/images/Original-Crops%2520-%2520188px/AnnetteJacobson_188.jpg", "title": "Instructor - Portugal", "url": "https://www.cs.cmu.edu/directory/jauger", "phone": "", "email": "jauger@andrew.cmu.edu", "name": "James Auger"},
{"addr": "7019 Gates and Hillman Centers", "img": "http://www.cs.cmu.edu/~fp/fp.jpg", "title": "Department Head; Professor", "url": "https://www.cs.cmu.edu/directory/fp", "phone": "(412) 268-6343", "email": "fp@cs.cmu.edu", "name": "Frank Pfenning"},
{"addr": "4202 Wean Hall", "img": "https://www.lti.cs.cmu.edu/sites/default/files/styles/directory_thumb/public/Hauptmann_Alexander.jpg%3Fitok%3DM27jHSxl", "title": "Principal Systems Scientist", "url": "https://www.cs.cmu.edu/directory/ah1z", "phone": "(412) 268-1448", "email": "alex@cs.cmu.edu", "name": "Alexander Hauptmann"},
{"addr": "300 South Craig Street", "img": "http://www.siue.edu/~dywilli/FunctionSpace/participants/OFarrell-n.jpg", "title": "Adjunct Associate Teaching Professor", "url": "https://www.cs.cmu.edu/directory/ruhana", "phone": "", "email": "ruhana@andrew.cmu.edu", "name": "Ruhan Azad"},
{"addr": "7711 Gates and Hillman Centers", "img": "http://people.csail.mit.edu/apfenning/Pfenning_photo.jpg", "title": "Assistant Professor", "url": "https://www.cs.cmu.edu/directory/apfennin", "phone": "", "email": "apfenning@cmu.edu", "name": "Andreas Pfenning"},
{"addr": "2609 Newell-Simon Hall", "img": "https://www.cs.cmu.edu/~ehayashi/img/eiji_photo.png", "title": "Post Doctoral Fellow", "url": "https://www.cs.cmu.edu/directory/ehayashi", "phone": "(412) 268-7351", "email": "ehayashi@cs.cmu.edu", "name": "Eiji Hayashi"},
{"addr": "8114 Gates and Hillman Centers", "img": "https://www.ml.cmu.edu/people/people-images/azaria_amos_115.jpg", "title": "Post Doctoral Fellow", "url": "https://www.cs.cmu.edu/directory/amos", "phone": "", "email": "azariaa@cs.cmu.edu", "name": "Amos Azaria"},
{"addr": "", "img": "http://www.pittsburgh.intel-research.net/people/pillai/pillai.jpg", "title": "Lecturer", "url": "https://www.cs.cmu.edu/directory/pspillai", "phone": "(412) 268-2565", "email": "pspillai@andrew.cmu.edu", "name": "Padmanabhan Pillai"},
{"addr": "4113 Newell-Simon Hall", "img": "http://www.ri.cmu.edu/images/people/hebert_martial.jpg", "title": "Director; Professor", "url": "https://www.cs.cmu.edu/directory/mhebert", "phone": "(412) 268-2585", "email": "hebert@cs.cmu.edu", "name": "Martial Hebert"},
{"addr": "7213 Gates and Hillman Centers", "img": "http://www.cs.cmu.edu/~odonnell/ryan-odonnell.jpg", "area": "Complexity,Algorithms and Data Structures,Theory of  Computing,Learning/Learning Science/Learning Technologies,Probability/Statistics", "url": "https://www.cs.cmu.edu/directory/ryanod", "title": "Associate Professor", "phone": "(412) 268-3041", "email": "odonnell@cs.cmu.edu", "name": "Ryan O'Donnell"},
{"addr": "9116 Gates and Hillman Centers", "img": "http://www.cs.cmu.edu/~rajas/images/Raja_phd_grad.jpg", "area": "", "url": "http://www.ece.cmu.edu/~rajas", "title": "Post Doctoral Fellow", "phone": "(412) 268-2000", "email": "rajas@cs.cmu.edu", "name": "Raja Sambasivan"},
{"addr": "6709 Gates and Hillman Centers", "img": "https://media.licdn.com/mpr/mpr/shrinknp_200_200/p/4/000/158/38d/1473def.jpg", "area": "", "url": "https://www.cs.cmu.edu/directory/mgrabmai", "title": "Visiting Research Professional", "phone": "", "email": "mgrabmair@andrew.cmu.edu", "name": "Matthias Grabmair"},
{"addr": "2502 Newell-Simon Hall", "img": "http://www.gracebae.com/_/rsrc/1400009753463/home/1970536_10203747657155279_1684129340_n.jpg%3Fheight%3D240%26width%3D320", "title": "Post Doctoral Fellow", "url": "https://www.cs.cmu.edu/directory/gracebae", "phone": "", "email": "gracebae@andrew.cmu.edu", "name": "Sang Won Bae"},
{"addr": "9103 Gates and Hillman Centers", "img": "http://symbolaris.com/meta/andre.platzer.png", "title": "Assistant Professor", "url": "https://www.cs.cmu.edu/directory/aplatzer", "phone": "(412) 268-1558", "email": "aplatzer@cs.cmu.edu", "name": "Andre Platzer"},
{"addr": "5307 Wean Hall", "img": "http://mse.isri.cmu.edu/software-engineering/images/Faculty/herbsleb.jpg", "title": "Director, Societal Computing Ph.D. Program; Professor", "url": "https://www.cs.cmu.edu/directory/herbsleb", "phone": "(412) 268-8933", "email": "jdh@cs.cmu.edu", "name": "James Herbsleb"},
{"addr": "4216 Wean Hall", "img": "http://www.cs.cmu.edu/~./aldrich/aldrich-mug3.jpg", "area": "Compilers,Formal Methods/Verification,Parallel Computing,Programming Languages,Software Engineering", "url": "http://www.cs.cmu.edu/~aldrich/", "title": "Associate Professor; Director, Software Engineering Ph.D. Program", "phone": "(412) 268-7278", "email": "aldrich@cs.cmu.edu", "name": "Jonathan Aldrich"},
{"addr": "283 National Robotics Engineering Center", "img": "https://www.ri.cmu.edu/images/people/gowdy_jay1.jpg", "area": "", "url": "https://www.cs.cmu.edu/directory/jg2k", "title": "Commercialization Specialist", "phone": "", "email": "jg2k@andrew.cmu.edu", "name": "Jay Gowdy"},
{"addr": "217 Smith Hall", "img": "http://www.ri.cmu.edu/images/people/delatorrefrade_fernando.jpg", "area": "Quality of Life Technology,Pattern Recognition,Neural Networks and Computation,Machine Learning,Big Data/Data Mining,Computer Vision,Artificial Intelligence,Probability/Statistics,Data Visualization", "url": "http://www.cs.cmu.edu/~ftorre", "title": "Associate Research Professor", "phone": "(412) 268-4706", "email": "ftorre@cs.cmu.edu", "name": "Fernando De La Torre Frade"},
{"addr": "6715 Gates and Hillman Centers", "img": "http://www.cs.cmu.edu/~ehn/Eric-Nyberg_150.jpg", "area": "Question Answering,Information Search and Retrieval,Natural Language Processing", "url": "http://www.cs.cmu.edu/~ehn", "title": "Director of Master of Computational Data Science Program; Professor", "phone": "(412) 268-7281", "email": "ehn@cs.cmu.edu", "name": "Eric Nyberg"},
{"addr": "7705 Gates and Hillman Centers", "img": "http://www.cs.cmu.edu/~jianma/photo/jianma.jpg", "area": "", "url": "https://www.cs.cmu.edu/directory/jianma", "title": "Associate Professor", "phone": "", "email": "jianma@cs.cmu.edu", "name": "Jian Ma"},
{"addr": "226 National Robotics Engineering Center", "img": "http://www.nrec.ri.cmu.edu/projects/tartanrescue/team/images/herman.jpg", "title": "Director of The National Robotics Engineering Center; Principal NREC Commercialization Special/Director of NREC", "url": "https://www.cs.cmu.edu/directory/hh11", "phone": "(412) 576-9020", "email": "herman@cs.cmu.edu", "name": "Herman Herman"},
{"addr": "", "img": "https://www.ml.cmu.edu/people/people-images/gonzalez_jeronimo.jpg", "title": "Visiting Research Scholar", "url": "https://www.cs.cmu.edu/directory/jeronimh", "phone": "", "email": "jeronimh@andrew.cmu.edu", "name": "Jeronimo Hernandez Gonzalez"},
{"addr": "1006 Carnegie Mellon Qatar", "img": "http://cmucloud.fuegodigital.com/app/media/133", "area": "", "url": "https://www.cs.cmu.edu/directory/mhhammou", "title": "Assistant Teaching Professor of Computer Science", "phone": "", "email": "mhhammou@qatar.cmu.edu", "name": "Mohammad Hammoud"},
{"addr": "4109 Newell-Simon Hall", "img": "http://www.cs.cmu.edu/~ylpark/YLPark_Photo.jpg", "area": "", "url": "http://www.cs.cmu.edu/~ylpark", "title": "Assistant Professor", "phone": "(412) 268-6820", "email": "ylpark@cs.cmu.edu", "name": "Yong-Lae Park"},
{"addr": "Gates and Hillman Centers", "img": "https://www.lti.cs.cmu.edu/sites/default/files/styles/directory_thumb/public/Mortensen,David.jpg%3Fitok%3DXHmtiKLO", "area": "", "url": "https://www.cs.cmu.edu/directory/lighnt", "title": "Visiting Research Professional", "phone": "", "email": "lighnt@andrew.cmu.edu", "name": "Pingbo Pan"},
{"addr": "5222 Wean Hall", "img": "https://www.cylab.cmu.edu/images/faculty/scherlis.jpg", "area": "Software Engineering,Software Systems and Architecture,Parallel Computing", "url": "http://www.cs.cmu.edu/~scherlis", "title": "Director; Professor", "phone": "(412) 268-8741", "email": "wls@cs.cmu.edu", "name": "William Scherlis"},
{"addr": "6005 Gates and Hillman Centers", "img": "https://www.cmu.edu/news/image-archive/anderson_news.jpg", "area": "", "url": "http://www.cs.cmu.edu/~andersoe", "title": "Systems Scientist", "phone": "(412) 268-1908", "email": "andersoe@cs.cmu.edu", "name": "Eric Anderson"},
{"addr": "1615 Newell-Simon Hall", "img": "http://www.ri.cmu.edu/images/people/scherer_sebastian.JPG", "area": "", "url": "http://www.scherers.net", "title": "Systems Scientist", "phone": "(412) 589-9581", "email": "basti@cs.cmu.edu", "name": "Sebastian Scherer"},
{"addr": "3529 Newell-Simon Hall", "img": "http://replayable.net/wp-content/uploads/2012/08/jessica_hammer.jpg", "area": "", "url": "https://www.cs.cmu.edu/directory/hammerj", "title": "Assistant Professor", "phone": "(412) 463-4875", "email": "hammerj@cs.cmu.edu", "name": "Jessica Hammer"},
{"addr": "2502A Newell-Simon Hall", "img": "https://www.hcii.cmu.edu/sites/default/files/migrated_files/afsaneh_doryab_may2015.jpg", "area": "", "url": "https://www.cs.cmu.edu/directory/adoryab", "title": "Systems Scientist", "phone": "", "email": "adoryab@cs.cmu.edu", "name": "Afsaneh Doryab"},
{"addr": "4202 Wean Hall", "img": "https://www.lti.cs.cmu.edu/sites/default/files/styles/directory_thumb/public/Hauptmann_Alexander.jpg%3Fitok%3DM27jHSxl", "area": "Speech Understanding and Systems,Image and Video Processing/Understanding/Recognition,Language Understanding", "url": "http://www-2.cs.cmu.edu/~alex/", "title": "Principal Systems Scientist", "phone": "(412) 268-1448", "email": "alex@cs.cmu.edu", "name": "Alexander Hauptmann"},
{"addr": "2609 Newell-Simon Hall", "img": "https://www.cs.cmu.edu/~ehayashi/img/eiji_photo.png", "area": "", "url": "https://www.cs.cmu.edu/directory/ehayashi", "title": "Post Doctoral Fellow", "phone": "(412) 268-7351", "email": "ehayashi@cs.cmu.edu", "name": "Eiji Hayashi"},
{"addr": "7711 Gates and Hillman Centers", "img": "http://people.csail.mit.edu/apfenning/Pfenning_photo.jpg", "area": "", "url": "https://www.cs.cmu.edu/directory/apfennin", "title": "Assistant Professor", "phone": "", "email": "apfenning@cmu.edu", "name": "Andreas Pfenning"},
{"addr": "407 South Craig Street", "img": "http://www.chrisharrison.net/img/chris7.jpg", "area": "", "url": "http://www.chrisharrison.net", "title": "Assistant Professor", "phone": "(412) 268-7252", "email": "charriso@cs.cmu.edu", "name": "Christopher Harrison"},
{"addr": "7019 Gates and Hillman Centers", "img": "http://www.cs.cmu.edu/~fp/fp.jpg", "area": "Logic,Programming Languages,Security", "url": "http://www.cs.cmu.edu/~fp", "title": "Department Head; Professor", "phone": "(412) 268-6343", "email": "fp@cs.cmu.edu", "name": "Frank Pfenning"},
{"addr": "", "img": "https://www.cmu.edu/cheme/images/Original-Crops%2520-%2520188px/AnnetteJacobson_188.jpg", "area": "", "url": "https://www.cs.cmu.edu/directory/jauger", "title": "Instructor - Portugal", "phone": "", "email": "jauger@andrew.cmu.edu", "name": "James Auger"},
{"addr": "300 South Craig Street", "img": "http://www.siue.edu/~dywilli/FunctionSpace/participants/OFarrell-n.jpg", "area": "", "url": "https://www.cs.cmu.edu/directory/ruhana", "title": "Adjunct Associate Teaching Professor", "phone": "", "email": "ruhana@andrew.cmu.edu", "name": "Ruhan Azad"},
{"addr": "4218 Wean Hall", "img": "http://www.cmu.edu/news/stories/archives/2012/december/images/juergen-pfeffer_200x300.jpg", "area": "Big Data/Data Mining,Data Visualization,Network Analysis,Social Computing and Networks", "url": "http://www.cs.cmu.edu/~jpfeffer", "title": "Assistant Research Professor", "phone": "412-268-3163", "email": "jpfeffer@cs.cmu.edu", "name": "Juergen Pfeffer"},
{"addr": "634A Mellon Institute", "area": "", "url": "https://www.cs.cmu.edu/directory/vhinman", "title": "Voting Faculty", "phone": "(412) 268-9348", "email": "vhinman@andrew.cmu.edu", "name": "Veronica Hinman"},
{"addr": "226 National Robotics Engineering Center", "img": "http://www.nrec.ri.cmu.edu/projects/tartanrescue/team/images/herman.jpg", "area": "", "url": "https://www.cs.cmu.edu/directory/hh11", "title": "Director of The National Robotics Engineering Center; Principal NREC Commercialization Special/Director of NREC", "phone": "(412) 576-9020", "email": "herman@cs.cmu.edu", "name": "Herman Herman"},
{"addr": "219 Smith Hall", "area": "Planning and Scheduling,Mobile Robotics/Locomotion,Machine Learning,Control Systems,Artificial Intelligence", "url": "http://www.robotwhisperer.org", "title": "Associate Professor; Tenure Track Faculty", "phone": "(412) 681-8669", "email": "dbagnell@cs.cmu.edu", "name": "James Bagnell"},
{"addr": "9103 Gates and Hillman Centers", "img": "http://symbolaris.com/meta/andre.platzer.png", "area": "Computational Mathematics,Control Systems,Cyber-Physical Systems,Dependable and Embedded Systems,Distributed Systems,Formal Methods/Verification,Game Theory,Logic,Mathematics,Medical Robotics,Programming Languages,Realtime Systems,Robotics,Security,Theory of  Computing", "url": "http://symbolaris.com/", "title": "Assistant Professor", "phone": "(412) 268-1558", "email": "aplatzer@cs.cmu.edu", "name": "Andre Platzer"},
{"addr": "", "img": "https://www.ml.cmu.edu/people/people-images/gonzalez_jeronimo.jpg", "area": "", "url": "https://www.cs.cmu.edu/directory/jeronimh", "title": "Visiting Research Scholar", "phone": "", "email": "jeronimh@andrew.cmu.edu", "name": "Jeronimo Hernandez Gonzalez"},
{"addr": "8231 Gates and Hillman Centers", "area": "", "url": "http://www.cs.cmu.edu/~bapoczos/", "title": "Assistant Professor", "phone": "(412) 268-3908", "email": "bapoczos@cs.cmu.edu", "name": "Barnabas Poczos"},
{"addr": "5307 Wean Hall", "img": "http://mse.isri.cmu.edu/software-engineering/images/Faculty/herbsleb.jpg", "area": "Software Engineering", "url": "http://herbsleb.org", "title": "Director, Societal Computing Ph.D. Program; Professor", "phone": "(412) 268-8933", "email": "jdh@cs.cmu.edu", "name": "James Herbsleb"},
{"addr": "2502 Newell-Simon Hall", "img": "http://www.gracebae.com/_/rsrc/1400009753463/home/1970536_10203747657155279_1684129340_n.jpg%3Fheight%3D240%26width%3D320", "area": "", "url": "https://www.cs.cmu.edu/directory/gracebae", "title": "Post Doctoral Fellow", "phone": "", "email": "gracebae@andrew.cmu.edu", "name": "Sang Won Bae"},
{"addr": "", "img": "http://www.pittsburgh.intel-research.net/people/pillai/pillai.jpg", "area": "", "url": "https://www.cs.cmu.edu/directory/pspillai", "title": "Lecturer", "phone": "(412) 268-2565", "email": "pspillai@andrew.cmu.edu", "name": "Padmanabhan Pillai"},
{"addr": "1020 Carnegie Mellon Qatar", "img": "http://www.techbridgeworld.org/team/khaled_harras_sm.jpg", "area": "", "url": "https://www.cs.cmu.edu/directory/kharras", "title": "Associate Teaching Professor of Computer Science", "phone": "", "email": "kharras@qatar.cmu.edu", "name": "Khaled Harras"},
{"addr": "2107 Collaborative Innovation Center", "img": "https://users.ece.cmu.edu/~adrian/adrian3.jpg", "area": "", "url": "https://www.cs.cmu.edu/directory/adrian", "title": "Adjunct Faculty", "phone": "(412) 268-2242", "email": "adrian@andrew.cmu.edu", "name": "Adrian Perrig"},
{"addr": "4113 Newell-Simon Hall", "img": "http://www.ri.cmu.edu/images/people/hebert_martial.jpg", "area": "Shape Sensing/Recognition,Autonomous Navigation", "url": "http://www.cs.cmu.edu/~hebert/", "title": "Director; Professor", "phone": "(412) 268-2585", "email": "hebert@cs.cmu.edu", "name": "Martial Hebert"},
{"addr": "8114 Gates and Hillman Centers", "img": "https://www.ml.cmu.edu/people/people-images/azaria_amos_115.jpg", "area": "", "url": "https://www.cs.cmu.edu/directory/amos", "title": "Post Doctoral Fellow", "phone": "", "email": "azariaa@cs.cmu.edu", "name": "Amos Azaria"},
{"addr": "9207 Gates and Hillman Centers", "img": "https://upload.wikimedia.org/wikipedia/commons/thumb/b/bd/Robert_Harper.jpg/250px-Robert_Harper.jpg", "area": "Programming Languages", "url": "http://www.cs.cmu.edu/~rwh", "title": "Professor", "phone": "(412) 268-3675", "email": "rwh@cs.cmu.edu", "name": "Robert Harper"},
{"addr": "A527 Newell-Simon Hall", "img": "https://www.ri.cmu.edu/images/people/atkeson_christopher.jpg", "area": "Mobile Robotics/Locomotion,Modeling and Simulation,Space Robotics,Mechatronics,Field Robotics/Hazardous Environments,Control Systems,Systems Engineering and Architecture,Teleoperation", "url": "http://www.cs.cmu.edu/~cga", "title": "Professor", "phone": "(412) 268-5544", "email": "cga@cs.cmu.edu", "name": "Christopher Atkeson"},
{"addr": "", "img": "https://www.hcii.cmu.edu/sites/default/files/migrated_files/images/affiliated-faculty/jill-fain-lehman.jpg", "area": "", "url": "https://www.cs.cmu.edu/directory/sashby", "title": "Instructor - Portugal", "phone": "", "email": "sashby@andrew.cmu.edu", "name": "Simone Ashby"},
{"addr": "", "img": "https://598d5fcf392acad97538-395e64798090ee0a3a571e8c148d44f2.ssl.cf1.rackcdn.com/5346047_37-celebrities-you-probably-didnt-know_t77823e06.jpg", "area": "", "url": "https://www.cs.cmu.edu/directory/vartemev", "title": "Visiting Scholar", "phone": "", "email": "vartemev@andrew.cmu.edu", "name": "Vasilii Artemev"},
{"addr": "3612E Newell-Simon Hall", "img": "http://www.paulos.net/images/ericpaulos.png", "area": "", "url": "http://www.paulos.net/", "title": "Associate Professor", "phone": "(412) 268-3467", "email": "paulos@andrew.cmu.edu", "name": "Eric Paulos"},
{"addr": "9019 Gates and Hillman Centers", "img": "http://www.cs.cmu.edu/~pavlo/static/images/photo-2014.jpg", "area": "Big Data/Data Mining,Cloud Computing,Database Systems,Distributed Systems", "url": "http://www.cs.cmu.edu/~pavlo", "title": "Assistant Professor", "phone": "(412) 268-3057", "email": "pavlo@cs.cmu.edu", "name": "Andrew Pavlo"},
{"addr": "", "img": "https://pbs.twimg.com/media/CMuL0ozUcAAby89.jpg", "area": "", "url": "https://www.cs.cmu.edu/directory/jhanna", "title": "Instructor - Portugal", "phone": "", "email": "jhanna@andrew.cmu.edu", "name": "Julian Hanna"},
{"addr": "7207 Gates and Hillman Centers", "img": "http://www-2.cs.cmu.edu/~women/photos/mor2.jpg", "area": "Computer Systems,Algorithms and Data Structures,Queueing Theory", "url": "http://www.cs.cmu.edu/~harchol", "title": "Professor", "phone": "(412) 268-7893", "email": "harchol@cs.cmu.edu", "name": "Mor Harchol-Balter"},
{"addr": "5107 Wean Hall", "area": "Mobile and Ubiquitous Computing,Software Engineering,Software Systems and Architecture", "url": "http://www.cs.cmu.edu/~schmerl", "title": "Principal Systems Scientist", "phone": "(412) 268-5889", "email": "schmerl@cs.cmu.edu", "name": "Bradley Schmerl"},
{"addr": "205 National Robotics Engineering Center", "img": "http://www.ri.cmu.edu/images/people/apostolopoulos_dimi_2.jpg", "area": "Mobile Robotics/Locomotion,Field Robotics/Hazardous Environments,Control Systems,Modeling and Simulation,Space Robotics,Mechatronics,Systems Engineering and Architecture,Teleoperation", "url": "http://www.ri.cmu.edu/people/apostolopoulos%20dimitrios.html", "title": "Senior Systems Scientist; Special Faculty-Senior Researcher", "phone": "(412) 681-5901", "email": "da1v@cs.cmu.edu", "name": "Dimitrios Apostolopoulos"},
{"addr": "2502 Newell-Simon Hall", "img": "http://ubicomplab.org/wp-content/uploads/2015/10/jungwookpark2.jpg", "area": "", "url": "https://www.cs.cmu.edu/directory/jungwoop", "title": "Visiting Scholar In HCII", "phone": "", "email": "jungwoop@andrew.cmu.edu", "name": "Jung Wook Park"},
{"addr": "3121 Newell-Simon Hall", "area": "Big Data/Data Mining,Machine Learning,Artificial Intelligence,Probability/Statistics,Pattern Recognition,Data Visualization", "url": "http://www.autonlab.org/autonweb/10223.html", "title": "Senior Systems Scientist/Adjunct Professor Mism", "phone": "(412) 268-6233", "email": "awd@cs.cmu.edu", "name": "Artur Dubrawski"},
{"addr": "", "img": "https://www.cmich.edu/colleges/CCFA/ice/PublishingImages/pages/default/2015-0505-043%2520CCFA%2520Journalism%2520collaboration%2520Center%2520sj.jpg", "area": "", "url": "https://www.cs.cmu.edu/directory/annpenny", "title": "Lecturer", "phone": "(412) 268-2000", "email": "apa@cs.cmu.edu", "name": "Ann Anderson"},
{"addr": "3109 Newell-Simon Hall", "img": "http://www.ri.cmu.edu/images/people/Dolan_John_2013.jpg", "area": "Space Robotics,Mobile Robotics/Locomotion,Mechatronics,Human-Computer Interaction,Manufacturing/Factory/Warehouse Robotics,Control Systems,Teleoperation", "url": "http://www.ri.cmu.edu/person.html?person_id=69", "title": "Principal Systems Scientist", "phone": "(412) 268-7988", "email": "jmd@cs.cmu.edu", "name": "John Dolan"},
{"addr": "7005 Gates and Hillman Centers", "img": "http://www.cs.cmu.edu/~haeupler/pic.jpg", "area": "", "url": "https://www.cs.cmu.edu/directory/haeupler", "title": "Assistant Professor", "phone": "(412) 268-3984", "email": "haeupler@cs.cmu.edu", "name": "Bernhard Haeupler"},
{"addr": "4111 Wean Hall", "img": "https://www.usableprivacy.org/files/people/2015050420062380.png", "area": "", "url": "https://www.cs.cmu.edu/directory/manderse", "title": "Visiting Researcher", "phone": "", "email": "manderse@andrew.cmu.edu", "name": "Mads Andersen"},
{"addr": "", "img": "http://2.bp.blogspot.com/-oO0Grw05Ryw/Vj9dzbQ2LLI/AAAAAAABr7k/jYc7H2XrkEU/s400/Franz-Wright-GalleyCat.jpg", "area": "", "url": "https://www.cs.cmu.edu/directory/rmeirele", "title": "Post Doctoral Fellow", "phone": "", "email": "rmeirele@andrew.cmu.edu", "name": "Rui Manuel Pacheco Meireles"},
{"addr": "4121 Wean Hall", "img": "https://i1.rgstatic.net/ii/profile.image/AS%253A273732832854019%401442274401853_l/Florian_Schaub.png", "area": "", "url": "http://www.cs.cmu.edu/~fschaub/", "title": "Post-Doctoral Fellow", "phone": "", "email": "fschaub@cs.cmu.edu", "name": "Florian Schaub"},
{"addr": "4000B Newell-Simon Hall", "img": "https://www.ri.cmu.edu/images/people/digioia_anthony_2009.jpg", "area": "Medical Robotics", "url": "https://www.cs.cmu.edu/directory/digioia", "title": "Adjunct Faculty", "phone": "(412) 268-3818", "email": "digioia@andrew.cmu.edu", "name": "Anthony Digioia"},
{"addr": "9109 Gates and Hillman Centers", "img": "https://www.cs.cmu.edu/~dga/dga-headshot.jpg", "area": "Computer Systems,Networks and Distributed Computing", "url": "http://www.cs.cmu.edu/~dga/", "title": "Associate Professor", "phone": "(412) 268-3064", "email": "dga@cs.cmu.edu", "name": "David Andersen"},
{"addr": "", "img": "http://www.m-iti.org/uploads/pictures/picture-16.png", "area": "", "url": "https://www.cs.cmu.edu/directory/dpacheco", "title": "Instructor - Portugal", "phone": "", "email": "dpacheco@andrew.cmu.edu", "name": "Dulce Pacheco"},
{"addr": "7211 Gates and Hillman Centers", "img": "http://www.cs.cmu.edu/~venkatg/pic/venkat2014.jpg", "area": "Algorithms and Data Structures,Theory of  Computing,Mathematics", "url": "http://www.cs.cmu.edu/~venkatg/", "title": "Professor", "phone": "(412) 268-4899", "email": "venkatg@cs.cmu.edu", "name": "Venkatesan Guruswami"},
{"addr": "2105 Newell-Simon Hall", "img": "http://www.cs.cmu.edu/~mbdias/MyWeb_files/DiasMB.jpg", "area": "Diversity and Outreach,Space Robotics,Planning and Scheduling,Multi-Agent Systems,Mobile Robotics/Locomotion,Human-Computer Interaction,Computer/Computer Science Education,Field Robotics/Hazardous Environments,Artificial Intelligence", "url": "http://www.cs.cmu.edu/~mbdias/", "title": "Associate Research Professor", "phone": "(412) 268-9365", "email": "mbdias@cs.cmu.edu", "name": "M Dias"},
{"addr": "9123 Gates and Hillman Centers", "img": "http://www.cs.cmu.edu/~satya/satyaphoto.jpg", "area": "Cloud Computing,Distributed Systems,Mobile and Ubiquitous Computing,Networks and Distributed Computing,Operating Systems,Security", "url": "http://www.cs.cmu.edu/~satya", "title": "Carnegie Group Professor of Computer Science", "phone": "(412) 268-3743", "email": "satya@cs.cmu.edu", "name": "Mahadev Satyanarayanan"},
{"addr": "213 Smith Hall", "img": "https://www.ri.cmu.edu/images/people/gupta_abhinav%2520crop.jpg", "area": "Computer Graphics,Machine Learning,Computer Vision", "url": "http://www.cs.cmu.edu/~abhinavg", "title": "Assistant Professor", "phone": "(412) 268-2067", "email": "abhinavg@cs.cmu.edu", "name": "Abhinav Gupta"},
{"addr": "4000B Newell-Simon Hall", "img": "http://www.ri.cmu.edu/images/people/omead.gif", "area": "Computer Vision", "url": "http://www.cs.cmu.edu/~amidi/", "title": "Adjunct Faculty", "phone": "(412) 268-3818", "email": "oa02@andrew.cmu.edu", "name": "Omead Amidi"},
{"addr": "", "img": "https://www.ri.cmu.edu/images/people/sargent_randy.jpg", "area": "", "url": "https://www.cs.cmu.edu/directory/rsargent", "title": "Adjunct Faculty Member", "phone": "(650) 575-1612", "email": "rsargent@cs.cmu.edu", "name": "James Sargent"},
{"addr": "3527 Newell-Simon Hall", "img": "http://www.articulab.justinecassell.com/images/people/AmyOgan.jpg", "area": "", "url": "https://www.cs.cmu.edu/directory/aeo", "title": "Assistant Professor", "phone": "(626) 600-6426", "email": "aeo@cs.cmu.edu", "name": "Amy Ogan"},
{"addr": "7203 Gates and Hillman Centers", "img": "https://resources.mpi-inf.mpg.de/conferences/adfocs-08/graphics/gupta.jpg", "area": "Algorithms and Data Structures,Theory of  Computing", "url": "http://www.cs.cmu.edu/~anupamg/", "title": "Professor", "phone": "(412) 268-7127", "email": "anupamg@cs.cmu.edu", "name": "Anupam Gupta"},
{"addr": "", "img": "http://www.m-iti.org/uploads/pictures/picture-823.jpg", "area": "", "url": "https://www.cs.cmu.edu/directory/mamasia", "title": "Instructor - Portugal", "phone": "", "email": "mamasia@andrew.cmu.edu", "name": "Mary Amasia"},
{"addr": "3519 Newell-Simon Hall", "img": "http://www.cs.cmu.edu/~anind/dey.big.jpg", "area": "Adaptive Systems and Interfaces,Assistive Technologies,Design,Enabling Technologies,Human Perception,Human-Computer Interaction,Machine Learning,Mobile and Ubiquitous Computing,Quality of Life Technology,Sensors/Perception,Software Systems and Architecture,Sustainability,User Modeling", "url": "http://www.cs.cmu.edu/~anind", "title": "Charles M. Geschke Director, Human-Computer Interaction Institute", "phone": "---", "email": "anind@cs.cmu.edu", "name": "Anind Dey"},
{"addr": "1009 Carnegie Mellon Qatar", "img": "https://www.andrew.cmu.edu/user/ko/kopic2.jpg", "area": "", "url": "https://www.cs.cmu.edu/directory/ko", "title": "Associate Dean, Research;  Teaching Professor of Computer Science", "phone": "", "email": "ko@qatar.cmu.edu", "name": "Kemal Oflazer"},
{"addr": "5325 Wean Hall", "area": "", "url": "https://www.cs.cmu.edu/directory/ganeshm", "title": "Adjunct Senior Systems Scientist", "phone": "(412) 401-0121", "email": "ganeshm@andrew.cmu.edu", "name": "Ganesh Mani"},
{"addr": "1019 Carnegie Mellon Qatar", "img": "http://www.qatar.cmu.edu/~tsans/main/media/thierry-sans.jpg", "area": "", "url": "https://www.cs.cmu.edu/directory/tsans", "title": "Assistant Teaching Professor of Computer Science", "phone": "", "email": "tsans@qatar.cmu.edu", "name": "Thierry Sans"},
{"addr": "", "img": "https://media.licdn.com/mpr/mpr/shrinknp_200_200/p/5/005/01a/0cd/26d3d2c.jpg", "area": "", "url": "https://www.cs.cmu.edu/directory/taloglu", "title": "Visitor", "phone": "", "email": "taloglu@andrew.cmu.edu", "name": "Tevfik Oytun Aloglu"},
{"addr": "2502 Newell-Simon Hall", "img": "x-raw-image:///42573a2c3d216b330f2eca575f73c92fdf46cc46a475b94989005ff2725c2d69", "area": "", "url": "https://www.cs.cmu.edu/directory/gokulk", "title": "Visiting Researcher", "phone": "", "email": "gokulk@andrew.cmu.edu", "name": "Gokul Krishnaa Devaraju"},
{"addr": "7517 Gates and Hillman Centers", "img": "https://www.cs.cmu.edu/~droh/droh.jpg", "area": "Scientific Computing,Database Systems", "url": "http://www.cs.cmu.edu/~droh", "title": "Professor of Computer Science And Electrical And Computer Engineering", "phone": "(412) 268-8199", "email": "droh@cs.cmu.edu", "name": "David O'Hallaron"},
{"addr": "9205 Gates and Hillman Centers", "img": "http://www.cmu.edu/news/experts/images/bios/tuomas-sandholm_2014_069-min.jpg", "area": "Artificial Intelligence,eCommerce,Game Theory,Multi-Agent Systems,Machine Learning,Networks and Distributed Computing,Optimization", "url": "http://www.cs.cmu.edu/~sandholm/", "title": "Professor", "phone": "(412) 268-8216", "email": "sandholm@cs.cmu.edu", "name": "Tuomas Sandholm"},
{"addr": "", "img": "http://www.cs.cmu.edu/~guna/guna-2011.jpg", "area": "", "url": "https://www.cs.cmu.edu/directory/guna", "title": "Adjunct Faculty", "phone": "(412) 268-2565", "email": "guna@andrew.cmu.edu", "name": "Ananda Gunawardena"},
{"addr": "", "img": "https://www.cmu.edu/me/images/Photos/majidi.jpg", "area": "", "url": "https://www.cs.cmu.edu/directory/cmajidi", "title": "Adjunct Faculty Member", "phone": "(412) 268-2492", "email": "cmajidi@andrew.cmu.edu", "name": "Carmel Majidi"},
{"addr": "2305 Wean Hall", "img": "http://www.cs.cmu.edu/~jpsousa/header_files/image001.jpg", "area": "", "url": "https://www.cs.cmu.edu/directory/joaod", "title": "Adjunct Instructor", "phone": "", "email": "joaod@andrew.cmu.edu", "name": "Joao De Sousa"},
{"addr": "3531 Newell-Simon Hall", "img": "http://www.cs.cmu.edu/~./aleven/Resources/vincentoutdoors.jpeg", "area": "Human-Computer Interaction,Learning/Learning Science/Learning Technologies,Enabling Technologies", "url": "http://www.cs.cmu.edu/~aleven", "title": "Associate Professor; Director, Bhci Program", "phone": "(412) 268-5475", "email": "aleven@cs.cmu.edu", "name": "Vincent Aleven"},
{"addr": "7006 Gates and Hillman Centers", "img": "http://www.cs.cmu.edu/~msakr/images/majd_sakr_bws.jpg", "area": "", "url": "http://www.cs.cmu.edu/~msakr", "title": "Teaching Professor", "phone": "(412) 268-1161", "email": "msakr@cs.cmu.edu", "name": "Majd Sakr"},
{"addr": "4629 Newell-Simon Hall", "img": "http://www.cs.cmu.edu/~kevinma/imgs/LA.jpg", "area": "", "url": "http://www.cs.cmu.edu/~kevinma/", "title": "Post Doctoral Fellow", "phone": "", "email": "kevinma@cs.cmu.edu", "name": "Zhigang Ma"},
{"addr": "Newell-Simon Hall", "img": "http://www.cmuportugal.org/uploadedImages/people/faculty-researchers/David%2520Lamont(1).jpg", "area": "", "url": "https://www.cs.cmu.edu/directory/davidsda", "title": "Instructor - Portugal", "phone": "", "email": "davidsda@andrew.cmu.edu", "name": "David De Aveiro"},
{"addr": "5313 Wean Hall", "img": "http://www.synergylabs.org/yuvraj/layoutimages/yuvraj.jpg", "area": "Computer Systems,Dependable and Embedded Systems,Mobile and Ubiquitous Computing,Networks and Distributed Computing,Security,Sustainability", "url": "http://www.synergylabs.org/yuvraj", "title": "Assistant Professor", "phone": "(412) 268-7328", "email": "yuvraja@cs.cmu.edu", "name": "Yuvraj Agarwal"},
{"addr": "", "img": "https://www.ml.cmu.edu/people/people-images/mazaitis_katie_115.jpg", "area": "", "url": "https://www.cs.cmu.edu/directory/mgormley", "title": "Assistant Teaching Professor", "phone": "", "email": "mgormley@cs.cmu.edu", "name": "Matthew Gormley"},
{"addr": "1105 Newell-Simon Hall", "img": "http://www.ri.cmu.edu/images/people/nuske_stephen_02.JPG", "area": "", "url": "https://www.cs.cmu.edu/directory/snuske", "title": "Systems Scientist", "phone": "(412) 268-5901", "email": "snuske@cs.cmu.edu", "name": "Stephen Nuske"},
{"addr": "5510 Gates and Hillman Centers", "img": "x-raw-image:///3a847ccb2fd7300c6a8923f555b247a6673f4c0e7dd8e05d956aab520271b8c7", "area": "", "url": "https://www.cs.cmu.edu/directory/ksakamot", "title": "Visiting Research Scholar", "phone": "", "email": "ksakamot@andrew.cmu.edu", "name": "Kotaro Sakamoto"},
{"addr": "Gates and Hillman Centers", "img": "http://academic.research.microsoft.com/Photo/2394725.jpg", "area": "", "url": "https://www.cs.cmu.edu/directory/adayanik", "title": "Visiting Faculty", "phone": "", "email": "adayanik@andrew.cmu.edu", "name": "Aynur Dayanik"},
{"addr": "Newell-Simon Hall", "img": "http://protolab.cs.cmu.edu/media/ppl/ioanna.jpg", "area": "", "url": "https://www.cs.cmu.edu/directory/ilykoure", "title": "Visitor", "phone": "", "email": "ilykoure@andrew.cmu.edu", "name": "Ioanna Lykourentzou"},
{"addr": "3209 Newell-Simon Hall", "area": "Sensors/Perception,Planning and Scheduling,Control Systems,Human-Robot Interaction (HRI)", "url": "http://www.frc.ri.cmu.edu/~alonzo", "title": "Professor; Tenure Track Faculty", "phone": "(412) 268-5330", "email": "alonzo@cs.cmu.edu", "name": "Alonzo Kelly"},
{"addr": "7719 Gates and Hillman Centers", "img": "https://www.cs.cmu.edu/~adamchik/pix/me10.jpg", "area": "Computational Mathematics,Mathematics", "url": "http://www.cs.cmu.edu/~adamchik", "title": "Associate Teaching Professor", "phone": "(412) 268-8121", "email": "adamchik@cs.cmu.edu", "name": "Victor Adamchik"},
{"addr": "", "img": "http://design.cmu.edu/sites/default/files/avatar/aisling300.png", "area": "", "url": "https://www.cs.cmu.edu/directory/aislingk", "title": "Adjunct", "phone": "(412) 268-9472", "email": "aislingk@andrew.cmu.edu", "name": "Aisling Kelliher"},
{"addr": "2118 Collaborative Innovation Center", "img": "https://www.andrew.cmu.edu/user/danupam/ad.jpg", "area": "", "url": "https://www.cs.cmu.edu/directory/danupam", "title": "Associate Professor, CSD, ECE", "phone": "(412) 268-4254", "email": "danupam@andrew.cmu.edu", "name": "Anupam Datta"},
{"addr": "6215 Gates and Hillman Centers", "img": "http://www.cs.cmu.edu/~aada/images/me3.jpg", "area": "", "url": "http://www.cs.cmu.edu/~aada/", "title": "Assistant Teaching Professor", "phone": "(412) 268-3835", "email": "aada@cs.cmu.edu", "name": "Anil Ada"},
{"addr": "300 South Craig Street", "img": "x-raw-image:///27ae85d3a0ec1d73d98cdae8ff5b7b8561cd5621771c6e8103b4cb708a771885", "area": "", "url": "https://www.cs.cmu.edu/directory/azykov", "title": "Visiting Scholar", "phone": "", "email": "azykov@andrew.cmu.edu", "name": "Andrey Zykov"},
{"addr": "5303 Wean Hall", "img": "http://www.ri.cmu.edu/images/people/sadeh_norman.jpg", "area": "Artificial Intelligence,Computation,Organizations and Society,Human-Computer Interaction,Machine Learning,Mobile and Ubiquitous Computing,Pervasive Computing,Planning and Scheduling,Privacy,Security,Semantic Web,Social Computing and Networks,Supply Chain Management", "url": "http://www.normsadeh.org/", "title": "Co-Director, Msit-Privacy Engineering Program; Director, Mba-Technology Leadership Program; Professor", "phone": "(412) 268-8144", "email": "sadeh@cs.cmu.edu", "name": "Norman Sadeh-Koniecpol"},
{"addr": "Newell-Simon Hall", "img": "http://wire2015.eu/assets/media/images/9bbe9692cebef08703432630ed9d831e.jpg", "area": "", "url": "https://www.cs.cmu.edu/directory/nunon", "title": "Instructor - Portugal", "phone": "", "email": "nunon@andrew.cmu.edu", "name": "Nuno Nunes"},
{"addr": "300 South Craig Street", "img": "https://media.licdn.com/mpr/mpr/shrinknp_200_200/p/4/005/08b/041/11a19b7.jpg", "area": "", "url": "https://www.cs.cmu.edu/directory/alesz", "title": "Visiting Scholar", "phone": "", "email": "alesz@andrew.cmu.edu", "name": "Ales Zivkovic"},
{"addr": "8105 Gates and Hillman Centers", "img": "http://www.ri.cmu.edu/images/people/gordon_geoffrey.jpg", "area": "Artificial Intelligence,Game Theory,Machine Learning,Natural Language Processing,Optimization,Robotics", "url": "http://www.cs.cmu.edu/~ggordon", "title": "Associate Department Head for Education; Associate Professor", "phone": "(412) 268-7399", "email": "ggordon@cs.cmu.edu", "name": "Geoffrey Gordon"},
{"addr": "8205 Gates and Hillman Centers", "img": "http://www.umut-acar.org/_/rsrc/1347978871466/home/umut-2012-1-medium-size-quality.jpg%3Fheight%3D200%26width%3D132", "area": "Algorithms and Data Structures,Parallel Computing,Programming Languages,Software Systems and Architecture", "url": "http://www.cs.cmu.edu/~umut", "title": "Associate Professor", "phone": "412-268-6791", "email": "umut@cs.cmu.edu", "name": "Umut Acar"},
{"addr": "2504F Newell-Simon Hall", "img": "http://design.cmu.edu/sites/default/files/avatar/headshot%2520medium%2520square%25202013.png", "area": "Design,Human-Computer Interaction", "url": "http://www.cs.cmu.edu/~johnz/", "title": "Associate Professor", "phone": "(412) 608-8181", "email": "johnz@cs.cmu.edu", "name": "John Zimmerman"},
{"addr": "6009 Gates and Hillman Centers", "img": "https://www.cylab.cmu.edu/images/faculty/jia.jpg", "area": "Formal Methods/Verification,Security,Programming Languages", "url": "http://www.cs.cmu.edu/~dilsun", "title": "Assistant Teaching Professor", "phone": "(412) 268-9297", "email": "dilsun@cs.cmu.edu", "name": "Zeliha Dilsun Kaynar"},
{"addr": "211 National Robotics Engineering Center", "area": "Field Robotics/Hazardous Environments", "url": "https://www.cs.cmu.edu/directory/stentz", "title": "Research Professor", "phone": "(412) 268-8155", "email": "axs@cs.cmu.edu", "name": "Anthony Stentz"},
{"addr": "8112 Gates and Hillman Centers", "img": "http://www.cs.cmu.edu/~aarti/Gautam.png", "area": "", "url": "http://gautamdasarathy.com", "title": "Post Doctoral Fellow", "phone": "", "email": "gautamd@cs.cmu.edu", "name": "Gautam Dasarathy"},
{"addr": "", "img": "https://www.lti.cs.cmu.edu/sites/default/files/styles/directory_thumb/public/Mortensen,David.jpg%3Fitok%3DXHmtiKLO", "area": "", "url": "https://www.cs.cmu.edu/directory/minnanl", "title": "Post Doctoral Associate With Benefits", "phone": "", "email": "minnanl@andrew.cmu.edu", "name": "Minnan Luo"},
{"addr": "216 Smith Hall", "img": "http://www.cs.cmu.edu/~orussako/photos/OlgaRussakovsky.JPG", "area": "", "url": "https://www.cs.cmu.edu/directory/orussako", "title": "Postdoctoral Fellow", "phone": "", "email": "orussako@andrew.cmu.edu", "name": "Olga Russakovsky"},
{"addr": "3115 Newell-Simon Hall", "img": "http://www.cmu.edu/news/experts/images/bios/illah-min.jpg", "area": "Diversity and Outreach,Artificial Intelligence,Planning and Scheduling", "url": "http://www.cs.cmu.edu/~illah", "title": "Professor", "phone": "(412) 268-2007", "email": "illah@cs.cmu.edu", "name": "Illah Nourbakhsh"},
{"addr": "278 National Robotics Engineering Center", "img": "http://www.ri.cmu.edu/images/people/gonzalez-mora_jose_04.JPG", "area": "", "url": "https://www.cs.cmu.edu/directory/jgmora", "title": "Commercialization Specialist", "phone": "(412) 681-6900", "email": "jgmora@cs.cmu.edu", "name": "Jose Gonzalez-Mora"},
{"addr": "9116 Gates and Hillman Centers", "img": "http://www.cs.cmu.edu/~yairzick/profile_pic.jpg", "area": "", "url": "http://www.cs.cmu.edu/~yairzick", "title": "Post Doctoral Fellow", "phone": "(412) 268-2000", "email": "yairzick@cs.cmu.edu", "name": "Yair Zick"},
{"addr": "8110 Gates and Hillman Centers", "img": "https://www.ml.cmu.edu/people/people-images/zhu_jun_2015_115.jpg", "area": "", "url": "https://www.cs.cmu.edu/directory/junzhu", "title": "Adjunct Faculty", "phone": "", "email": "junzhu@andrew.cmu.edu", "name": "Jun Zhu"},
{"addr": "5103 Wean Hall", "img": "https://www.cmu.edu/epp/images/breaux.jpg", "title": "Assistant Professor", "url": "https://www.cs.cmu.edu/directory/tdbreaux", "phone": "(412) 268-7334", "email": "breaux@cs.cmu.edu", "name": "Travis Breaux"},
{"addr": "4000B Newell-Simon Hall", "img": "http://www.cmu.edu/qolt/People/images/brewer.jpg", "title": "Adjunct Faculty", "url": "https://www.cs.cmu.edu/directory/bambi", "phone": "(412) 268-3818", "email": "bambi@andrew.cmu.edu", "name": "Bambi Brewer"},
{"addr": "9017 Gates and Hillman Centers", "img": "http://www.cs.cmu.edu/afs/cs.cmu.edu/user/brookes/www/papers/steve_thumb.jpg", "title": "Professor", "url": "https://www.cs.cmu.edu/directory/sb21", "phone": "(412) 268-8820", "email": "brookes@cs.cmu.edu", "name": "Stephen Brookes"},
{"addr": "5711 Gates and Hillman Centers", "img": "https://www.lti.cs.cmu.edu/sites/default/files/styles/directory_thumb/public/Brown_Ralf.jpg%3Fitok%3DEMhjDvI-", "title": "Principal Systems Scientist", "url": "https://www.cs.cmu.edu/directory/ralf", "phone": "(412) 268-8298", "email": "ralf@cs.cmu.edu", "name": "Ralf Brown"},
{"addr": "5103 Wean Hall", "img": "https://www.cmu.edu/epp/images/breaux.jpg", "area": "", "url": "http://www.cs.cmu.edu/~breaux", "title": "Assistant Professor", "phone": "(412) 268-7334", "email": "breaux@cs.cmu.edu", "name": "Travis Breaux"},
{"addr": "4505 Newell-Simon Hall", "img": "http://www.cs.cmu.edu/~brettb/browning_brett.jpg", "title": "Senior Systems Scientist", "url": "https://www.cs.cmu.edu/directory/browning", "phone": "(412) 721-6889", "email": "browning@andrew.cmu.edu", "name": "Brett Browning"},
{"addr": "4000B Newell-Simon Hall", "img": "http://www.mirm.pitt.edu/wp-content/uploads/2015/08/Brubaker1-570x570.jpg", "title": "Adjunct Faculty", "url": "https://www.cs.cmu.edu/directory/cliffb", "phone": "(412) 268-3818", "email": "cliffb@andrew.cmu.edu", "name": "Clifford Brubaker"},
{"addr": "2202 Collaborative Innovation Center", "img": "https://users.ece.cmu.edu/~dbrumley/assets/local_assets/dbrumley_lowres.jpg", "title": "Affiliated Faculty", "url": "https://www.cs.cmu.edu/directory/dbrumley", "phone": "(412) 268-3851", "email": "dbrumley@cs.cmu.edu", "name": "David Brumley"},
{"addr": "7217 Gates and Hillman Centers", "img": "http://www.cs.cmu.edu/~ebrun/emma_brunskill.jpg", "title": "Assistant Professor", "url": "https://www.cs.cmu.edu/directory/ebrun", "phone": "(412) 268-3621", "email": "ebrun@cs.cmu.edu", "name": "Emma Brunskill"},
{"addr": "4615 Forbes Avenue", "img": "http://www.cs.cmu.edu/~plb/PBrusilovsky.jpg", "title": "Adjunct Associate Professor", "url": "https://www.cs.cmu.edu/directory/plb", "phone": "(412) 268-3537", "email": "plb@andrew.cmu.edu", "name": "Peter Brusilovsky"},
{"addr": "9125 Gates and Hillman Centers", "img": "http://www.cs.cmu.edu/~bryant/reb-big-portrait10.jpg", "title": "University Professor", "url": "https://www.cs.cmu.edu/directory/rb3l", "phone": "(412) 268-8821", "email": "bryant@cs.cmu.edu", "name": "Randal Bryant"},
{"addr": "5419 Gates and Hillman Centers", "img": "http://www.cs.cmu.edu/~callan/Images/JPC-May24-14.jpg", "title": "Professor", "url": "https://www.cs.cmu.edu/directory/callan", "phone": "(412) 268-4525", "email": "callan@cs.cmu.edu", "name": "James Callan"},
{"addr": "5319 Wean Hall", "img": "https://0.academia-photos.com/36751957/10523851/11743895/s200_javier.c_mara_moreno.jpg", "title": "Systems Scientist", "url": "https://www.cs.cmu.edu/directory/jcmoreno", "phone": "(412) 268-1601", "email": "", "name": "Javier Camara Moreno"},
{"addr": "", "img": "https://www.hcii.cmu.edu/sites/default/files/images/person/monica.jpg", "title": "Instructor - Portugal", "url": "https://www.cs.cmu.edu/directory/monicad", "phone": "", "email": "monicad@andrew.cmu.edu", "name": "Monica da Silva Cameirao"},
{"addr": "4000B Newell-Simon Hall", "img": "http://www.cmu.edu/qolt/People/images/brewer.jpg", "area": "", "url": "https://www.cs.cmu.edu/directory/bambi", "title": "Adjunct Faculty", "phone": "(412) 268-3818", "email": "bambi@andrew.cmu.edu", "name": "Bambi Brewer"},
{"addr": "Newell-Simon Hall", "img": "http://www.cmuportugal.org/uploadedImages/people/faculty-researchers/pedro_campos.jpg", "title": "Instructor - Portugal", "url": "https://www.cs.cmu.edu/directory/pfcampos", "phone": "", "email": "pfcampos@andrew.cmu.edu", "name": "Pedro Campos"},
{"addr": "9017 Gates and Hillman Centers", "img": "http://www.cs.cmu.edu/afs/cs.cmu.edu/user/brookes/www/papers/steve_thumb.jpg", "area": "Theory of  Computing,Programming Languages", "url": "http://www.cs.cmu.edu/~brookes", "title": "Professor", "phone": "(412) 268-8820", "email": "brookes@cs.cmu.edu", "name": "Stephen Brookes"},
{"addr": "5711 Gates and Hillman Centers", "img": "https://www.lti.cs.cmu.edu/sites/default/files/styles/directory_thumb/public/Brown_Ralf.jpg%3Fitok%3DEMhjDvI-", "area": "Digital Forensics,Machine Translation", "url": "http://www.cs.cmu.edu/~ralf", "title": "Principal Systems Scientist", "phone": "(412) 268-8298", "email": "ralf@cs.cmu.edu", "name": "Ralf Brown"},
{"addr": "", "img": "http://www.cs.cmu.edu/~dkurokaw/pictures/self_compressed.jpg", "title": "Visiting Faculty", "url": "https://www.cs.cmu.edu/directory/iannis", "phone": "", "email": "iannis@andrew.cmu.edu", "name": "Ioannis Caragiannis"},
{"addr": "4505 Newell-Simon Hall", "img": "http://www.cs.cmu.edu/~brettb/browning_brett.jpg", "area": "", "url": "http://www.cs.cmu.edu/~brettb", "title": "Senior Systems Scientist", "phone": "(412) 721-6889", "email": "browning@andrew.cmu.edu", "name": "Brett Browning"},
{"addr": "9125 Gates and Hillman Centers", "img": "http://www.cs.cmu.edu/~bryant/reb-big-portrait10.jpg", "area": "Algorithms and Data Structures,Big Data/Data Mining,Formal Methods/Verification,Logic", "url": "http://www.cs.cmu.edu/~bryant", "title": "University Professor", "phone": "(412) 268-8821", "email": "bryant@cs.cmu.edu", "name": "Randal Bryant"},
{"addr": "6721 Gates and Hillman Centers", "img": "https://www.cs.cmu.edu/~jgc/Image/jaimepic.jpg", "title": "Director; Newell University Professor", "url": "https://www.cs.cmu.edu/directory/jc6o", "phone": "(412) 268-7279", "email": "jgc@cs.cmu.edu", "name": "Jaime Carbonell"},
{"addr": "4000B Newell-Simon Hall", "img": "http://www.mirm.pitt.edu/wp-content/uploads/2015/08/Brubaker1-570x570.jpg", "area": "", "url": "https://www.cs.cmu.edu/directory/cliffb", "title": "Adjunct Faculty", "phone": "(412) 268-3818", "email": "cliffb@andrew.cmu.edu", "name": "Clifford Brubaker"},
{"addr": "5419 Gates and Hillman Centers", "img": "http://www.cs.cmu.edu/~callan/Images/JPC-May24-14.jpg", "area": "Information Search and Retrieval,Text Analysis", "url": "http://www.cs.cmu.edu/~callan/", "title": "Professor", "phone": "(412) 268-4525", "email": "callan@cs.cmu.edu", "name": "James Callan"},
{"addr": "5319 Wean Hall", "img": "https://0.academia-photos.com/36751957/10523851/11743895/s200_javier.c_mara_moreno.jpg", "area": "", "url": "http://www.javicamara.com", "title": "Systems Scientist", "phone": "(412) 268-1601", "email": "", "name": "Javier Camara Moreno"},
{"addr": "5130 Wean Hall", "img": "http://wpweb2.tepper.cmu.edu/facultyAdmin/images/carley.jpg", "title": "Professor", "url": "https://www.cs.cmu.edu/directory/carley", "phone": "(412) 268-6016", "email": "carley@cs.cmu.edu", "name": "Kathleen Carley"},
{"addr": "", "img": "https://www.hcii.cmu.edu/sites/default/files/images/person/monica.jpg", "area": "", "url": "https://www.cs.cmu.edu/directory/monicad", "title": "Instructor - Portugal", "phone": "", "email": "monicad@andrew.cmu.edu", "name": "Monica da Silva Cameirao"},
{"addr": "2202 Collaborative Innovation Center", "img": "https://users.ece.cmu.edu/~dbrumley/assets/local_assets/dbrumley_lowres.jpg", "area": "", "url": "https://www.cs.cmu.edu/directory/dbrumley", "title": "Affiliated Faculty", "phone": "(412) 268-3851", "email": "dbrumley@cs.cmu.edu", "name": "David Brumley"},
{"addr": "6019 Gates and Hillman Centers", "img": "http://www.cs.cmu.edu/~jxc/summer-Pict.jpg", "title": "Associate Teaching Professor", "url": "https://www.cs.cmu.edu/directory/jacobo", "phone": "(412) 268-6729", "email": "jxc@cs.cmu.edu", "name": "Jacobo Carrasquel"},
{"addr": "7217 Gates and Hillman Centers", "img": "http://www.cs.cmu.edu/~ebrun/emma_brunskill.jpg", "area": "", "url": "https://www.cs.cmu.edu/directory/ebrun", "title": "Assistant Professor", "phone": "(412) 268-3621", "email": "ebrun@cs.cmu.edu", "name": "Emma Brunskill"},
{"addr": "4615 Forbes Avenue", "img": "http://www.cs.cmu.edu/~plb/PBrusilovsky.jpg", "area": "", "url": "http://www.cs.cmu.edu/~plb", "title": "Adjunct Associate Professor", "phone": "(412) 268-3537", "email": "plb@andrew.cmu.edu", "name": "Peter Brusilovsky"},
{"addr": "6721 Gates and Hillman Centers", "img": "https://www.cs.cmu.edu/~jgc/Image/jaimepic.jpg", "area": "Artificial Intelligence,Natural Language Processing,Machine Translation,Machine Learning", "url": "http://www.cs.cmu.edu/~jgc", "title": "Director; Newell University Professor", "phone": "(412) 268-7279", "email": "jgc@cs.cmu.edu", "name": "Jaime Carbonell"},
{"addr": "4109 Gates and Hillman Centers", "area": "Enabling Technologies,Human-Computer Interaction,Human-Robot Interaction (HRI),Learning/Learning Science/Learning Technologies,Social Computing and Networks", "url": "http://www.justinecassell.com", "title": "Associate Dean for Technology Strategy & Impact; Professor", "phone": "(412) 204-6268", "email": "justine@cs.cmu.edu", "name": "Justine Cassell"},
{"addr": "Newell-Simon Hall", "img": "http://www.cmuportugal.org/uploadedImages/people/faculty-researchers/pedro_campos.jpg", "area": "", "url": "https://www.cs.cmu.edu/directory/pfcampos", "title": "Instructor - Portugal", "phone": "", "email": "pfcampos@andrew.cmu.edu", "name": "Pedro Campos"},
{"addr": "", "img": "http://www.cs.cmu.edu/~dkurokaw/pictures/self_compressed.jpg", "area": "", "url": "https://www.cs.cmu.edu/directory/iannis", "title": "Visiting Faculty", "phone": "", "email": "iannis@andrew.cmu.edu", "name": "Ioannis Caragiannis"},
{"addr": "5130 Wean Hall", "img": "http://wpweb2.tepper.cmu.edu/facultyAdmin/images/carley.jpg", "area": "Social Computing and Networks,Network Analysis", "url": "https://www.cs.cmu.edu/directory/carley", "title": "Professor", "phone": "(412) 268-6016", "email": "carley@cs.cmu.edu", "name": "Kathleen Carley"},
{"addr": "6019 Gates and Hillman Centers", "img": "http://www.cs.cmu.edu/~jxc/summer-Pict.jpg", "area": "Computer/Computer Science Education", "url": "http://www.cs.cmu.edu/~jxc", "title": "Associate Teaching Professor", "phone": "(412) 268-6729", "email": "jxc@cs.cmu.edu", "name": "Jacobo Carrasquel"}]