[{"name": "Aho, Alfred V.", "img": "http://www.cs.columbia.edu/mice/persons/getPhoto.php?personID=365", "title": "Lawrence Gussman Professor of Computer Science", "url": "http://www.cs.columbia.edu/~aho", "area": "Compilers, Software Engineering, Algorithms, Quantum Computing", "email": "aho@columbia.edu"},
{"name": "Allen, Peter Kirby", "img": "http://www.cs.columbia.edu/mice/persons/getPhoto.php?personID=93", "title": "Professor", "url": "http://www.cs.columbia.edu/~allen", "area": "Robotics, Vision, 3-D Modeling", "email": "allen@columbia.edu"},
{"name": "Andoni, Alexandr", "img": "http://www.cs.columbia.edu/mice/persons/getPhoto.php?personID=24532", "title": "Associate Professor", "url": "http://www.mit.edu/~andoni/", "area": "Algorithmic Foundations of Massive Data, including Sublinear Algorithms, High-dimensional Geometry, Theoretical Machine Learning", "email": "andoni@columbia.edu"},
{"name": "Belhumeur, Peter N", "img": "http://www.cs.columbia.edu/mice/persons/getPhoto.php?personID=2563", "title": "Professor", "url": "http://www1.cs.columbia.edu/~belhumeur/", "area": "Computer Vision, Graphics, Image-based Rendering, Face Recognition", "email": "belhumeur@columbia.edu"},
{"name": "Bellovin, Steven M.", "img": "http://www.cs.columbia.edu/mice/persons/getPhoto.php?personID=2597", "title": "Percy K. and Vida L. W. Hudson Professor of Computer Science", "url": "https://www.cs.columbia.edu/~smb", "area": "Security, Networks, Privacy, Public Policy", "email": "smb@columbia.edu"},
{"name": "Bishop, Allison", "img": "http://www.cs.columbia.edu/mice/persons/getPhoto.php?personID=21309", "title": "Assistant Professor", "url": "http://www.cs.columbia.edu/~allison", "area": "Cryptography, Harmonic Analysis, Combinatorics, and Distributed Computing", "email": "allison@columbia.edu"},
{"name": "Blaer, Paul S", "img": "http://www.cs.columbia.edu/mice/persons/getPhoto.php?personID=1000", "title": "Lecturer in Discipline", "url": "http://www.cs.columbia.edu/~pblaer/", "area": "Robotics, Vision, Sensor Planning, 3D Modeling, Mobile Computing, Computer Science Education", "email": "pblaer@columbia.edu"},
{"name": "Blei, David", "img": "http://www.cs.columbia.edu/mice/persons/getPhoto.php?personID=22901", "title": "Professor, Joint with Statistics", "url": "http://www.cs.columbia.edu/~blei", "area": "Statistical Machine Learning, Topic Models, Scalable Bayesian Computation", "email": "david@columbia.edu"},
{"name": "Cannon, Adam H", "img": "http://www.cs.columbia.edu/mice/persons/getPhoto.php?personID=1955", "title": "Senior Lecturer in Discipline", "url": "http://www.cs.columbia.edu/~cannon", "area": "Machine Learning, Pattern Recognition, Data Mining", "email": "cannon@columbia.edu"},
{"name": "Carloni, Luca", "img": "http://www.cs.columbia.edu/mice/persons/getPhoto.php?personID=7597", "title": "Associate Professor", "url": "http://www.cs.columbia.edu/~luca", "area": "System-on-Chip (SoC) Platforms, Multi-Core Architectures, Embedded Systems, Computer-Aided Design, Hardware-Software Integration, Cyber-Physical Systems", "email": "luca@columbia.edu"},
{"name": "Chaintreau, Augustin", "img": "http://www.cs.columbia.edu/mice/persons/getPhoto.php?personID=18085", "title": "Assistant Professor", "url": "http://www.cs.columbia.edu/~augustin", "area": "Networked Algorithms, Social Networks, Mobile Computing, Stochastic Networks", "email": "augustin@columbia.edu"},
{"name": "Chang, Shih-Fu", "img": "http://www.cs.columbia.edu/mice/persons/getPhoto.php?personID=7645", "title": "Professor, Joint with Electrical Engineering", "url": "http://www.ee.columbia.edu/~sfchang", "area": "Multimedia, Computer Vision, Machine Learning, Information Retrieval, Signal Processing", "email": "sfchang@columbia.edu"},
{"name": "Chen, Xi", "img": "http://www.cs.columbia.edu/mice/persons/getPhoto.php?personID=18086", "title": "Associate Professor", "url": "http://www.cs.columbia.edu/~xichen/", "area": "Algorithmic Game Theory and Economics, Complexity Theory", "email": "xichen@columbia.edu"},
{"name": "Ciocarlie, Matei", "img": "http://www.cs.columbia.edu/mice/persons/getPhoto.php?personID=23157", "title": "Assistant Professor of Mechanical Engineering, Affiliated with Computer Science", "url": "http://me.columbia.edu/matei-ciocarlie", "area": "Robotics, Mobile Manipulation, Machine Perception, Human-Machine Interaction, Virtual Environments", "email": "matei@columbia.edu"},
{"name": "Collins, Michael", "img": "http://www.cs.columbia.edu/mice/persons/getPhoto.php?personID=18084", "title": "Vikram S. Pandit Professor", "url": "http://www.cs.columbia.edu/~mcollins", "area": "Natural Language Processing, Machine Learning", "email": "mcollins@columbia.edu"},
{"name": "Drinea, Eleni", "img": "http://www.cs.columbia.edu/mice/persons/getPhoto.php?personID=22128", "title": "DSI Lecturer in Computer Science", "url": "http://datascience.columbia.edu/eleni-drinea", "area": "Information Theory, Network Coding, Randomized, Online and Approximation Algorithms, Network Analysis, and Dimensionality Reduction Techniques", "email": "eleni@columbia.edu"},
{"name": "Edwards, Stephen A.", "img": "http://www.cs.columbia.edu/mice/persons/getPhoto.php?personID=2298", "title": "Associate Professor", "url": "http://www.cs.columbia.edu/~sedwards", "area": "Compilers, Embedded Systems, VLSI, Computer-aided Design, Digital Systems, Languages", "email": "sedwards@columbia.edu"},
{"name": "Elhadad, Noemie", "img": "http://www.cs.columbia.edu/mice/persons/getPhoto.php?personID=1083", "title": "Associate Professor of Biomedical Informatics, Affiliated with Computer Science", "url": "http://people.dbmi.columbia.edu/noemie", "area": "Health and Biomedical Informatics, Natural Language Processing, Machine Learning", "email": "noemie@columbia.edu"},
{"url": "http://TeamErlich.org", "email": "yaniv@columbia.edu", "name": "Erlich, Yaniv", "img": "http://www.cs.columbia.edu/mice/persons/getPhoto.php?personID=22923", "area": "Computational Genomics, Bioinformatics, Biomedical Privacy"},
{"name": "Feiner, Steven K", "img": "http://www.cs.columbia.edu/mice/persons/getPhoto.php?personID=91", "title": "Professor", "url": "http://www.cs.columbia.edu/~feiner", "area": "Human-computer Interaction, Graphics and User Interfaces, 3D User Interfaces, Augmented Reality, Virtual Environments, Knowledge-based Design of Graphics and Multimedia,  Mobile and Wearable Computing, Computer Games, Healthcare, Information Visualization,", "email": "feiner@columbia.edu"},
{"name": "Geambasu, Roxana", "img": "http://www.cs.columbia.edu/mice/persons/getPhoto.php?personID=18510", "title": "Assistant Professor", "url": "http://www.cs.columbia.edu/~roxana", "area": "Distributed Systems, Operating Systems, Security and Privacy, Cloud Computing, Mobile Computing", "email": "roxana@columbia.edu"},
{"name": "Gravano, Luis", "img": "http://www.cs.columbia.edu/mice/persons/getPhoto.php?personID=840", "title": "Professor", "url": "http://www.cs.columbia.edu/~gravano", "area": "Databases, Information Retrieval, Web Search, Social Media, Information Extraction", "email": "gravano@columbia.edu"},
{"name": "Grinspun, Eitan", "img": "http://www.cs.columbia.edu/mice/persons/getPhoto.php?personID=7442", "title": "Associate Professor", "url": "http://www.cs.columbia.edu/~eitan", "area": "Graphics, Animation, Simulation, Computational Mechanics, Geometry Processing, Discrete Differential Geometry", "email": "eitan@columbia.edu"},
{"name": "Hirschberg, Julia B.", "img": "http://www.cs.columbia.edu/mice/persons/getPhoto.php?personID=2732", "title": "Department Chair, Percy K. and Vida L. W. Hudson Professor of Computer Science", "url": "http://www.cs.columbia.edu/~julia/", "area": "Computational Linguistics/Natural Language Processing, Prosody, Emotional Speech, Spoken Dialogue Systems, Deceptive Speech, Entrainment/alignment in Dialogue, Text-to-scene Generation, Speech Summarization, Code-switching", "email": "julia@columbia.edu"},
{"name": "Hsu, Daniel J", "img": "http://www.cs.columbia.edu/mice/persons/getPhoto.php?personID=21253", "title": "Assistant Professor", "url": "http://www.cs.columbia.edu/~djhsu/", "area": "Algorithmic Statistics, Machine Learning, Privacy", "email": "djhsu@columbia.edu"},
{"name": "Jana, Suman", "img": "http://www.cs.columbia.edu/mice/persons/getPhoto.php?personID=24279", "title": "Assistant Professor", "url": "http://sumanj.info", "area": "Security and Privacy, Applied Cryptography, Operating Systems, Software Engineering", "email": "suman@columbia.edu"},
{"name": "Jebara, Tony", "img": "http://www.cs.columbia.edu/mice/persons/getPhoto.php?personID=2316", "title": "Associate Professor", "url": "http://www.cs.columbia.edu/~jebara", "area": "Machine Learning, Vision, Graph Algorithms, Spatio-Temporal Data", "email": "jebara@columbia.edu"},
{"name": "Kaiser, Gail E", "img": "http://www.cs.columbia.edu/mice/persons/getPhoto.php?personID=85", "title": "Professor", "url": "http://www.cs.columbia.edu/~kaiser", "area": "Software Engineering, Software Systems, Program Analysis, Software Testing, Software Reliability, Security, Privacy", "email": "kaiser@columbia.edu"},
{"name": "Kender, John R", "img": "http://www.cs.columbia.edu/mice/persons/getPhoto.php?personID=73", "title": "Professor", "url": "http://www.cs.columbia.edu/~jrk/", "area": "Computer Vision, Video Understanding, Visual User Interfaces, Artificial Intelligence", "email": "jrk@columbia.edu"},
{"name": "Keromytis, Angelos D", "img": "http://www.cs.columbia.edu/mice/persons/getPhoto.php?personID=2315", "title": "Associate Professor", "url": "http://www1.cs.columbia.edu/~angelos", "area": "Security, Cryptography, Networks, Operating Systems, Distributed Systems.", "email": "angelos@columbia.edu"},
{"name": "Kim, Martha A", "img": "http://www.cs.columbia.edu/mice/persons/getPhoto.php?personID=16660", "title": "Associate Professor", "url": "http://www.cs.columbia.edu/~martha/", "area": "Computer Architecture, Hardware Systems, Hardware/Software Interaction and Parallel  Hardware and Software Systems", "email": "martha@columbia.edu"},
{"name": "Lee, Jae Woo", "img": "http://www.cs.columbia.edu/mice/persons/getPhoto.php?personID=15539", "title": "Lecturer in Discipline", "url": "http://www.cs.columbia.edu/~jae/", "area": "Computer Science Education, Networks, Software Engineering, Cloud Computing", "email": "jae@columbia.edu"},
{"name": "Lipson, Hod", "img": "http://www.cs.columbia.edu/mice/persons/getPhoto.php?personID=24547", "title": "Professor of Mechanical Engineering, Affiliated with Computer Science", "url": "http://me.columbia.edu/hod-lipson", "area": "Robotics, Data Mining, Deep Learning, 3D Printing", "email": "hl2891@columbia.edu"},
{"name": "Malkin, Tal G", "img": "http://www.cs.columbia.edu/mice/persons/getPhoto.php?personID=2826", "title": "Associate Professor", "url": "http://www.cs.columbia.edu/~tal", "area": "Cryptography, Complexity Theory, Security, Randomized Algorithms", "email": "tal@columbia.edu"},
{"name": "McKeown, Kathleen", "img": "http://www.cs.columbia.edu/mice/persons/getPhoto.php?personID=68", "title": "Henry and Gertrude Rothschilds Professor of Computer Science", "url": "http://www.cs.columbia.edu/~kathy/", "area": "Natural Language Processing, Summarization, Multimedia, Digital Libraries", "email": "kathy@columbia.edu"},
{"name": "Misra, Vishal", "img": "http://www.cs.columbia.edu/mice/persons/getPhoto.php?personID=2278", "title": "Professor", "url": "http://www.cs.columbia.edu/~misra", "area": "Networking, With Particular Attention To Net Neutrality and the Economics of the Internet, Modeling and Performance Evaluation, Information Theory", "email": "misra@columbia.edu"},
{"name": "Nayar, Shree K", "img": "http://www.cs.columbia.edu/mice/persons/getPhoto.php?personID=161", "title": "T. C. Chang Professor of Computer Science", "url": "http://www.cs.columbia.edu/~nayar/", "area": "Computer Vision, Computer Graphics, Robotics, Human-Computer Interfaces", "email": "nayar@columbia.edu"},
{"name": "Nieh, Jason", "img": "http://www.cs.columbia.edu/mice/persons/getPhoto.php?personID=1112", "title": "Professor", "url": "http://www.cs.columbia.edu/~nieh/", "area": "Operating Systems, Mobile Computing, Cloud Computing, Networking, Security", "email": "nieh@columbia.edu"},
{"name": "Nowick, Steven", "img": "http://www.cs.columbia.edu/mice/persons/getPhoto.php?personID=248", "title": "Professor", "url": "http://www.cs.columbia.edu/~nowick/", "area": "Asynchronous and Mixed-Timing Digital Circuits and Systems, Computer-Aided Design, Networks-on-Chip, Interconnection Networks for Parallel Processors, Low-Power Digital Design", "email": "nowick@columbia.edu"},
{"name": "Pe'er, Dana", "img": "http://www.cs.columbia.edu/mice/persons/getPhoto.php?personID=15615", "title": "Professor of Biology, Affiliated with Computer Science", "url": "http://www.cs.columbia.edu/~dpeer", "area": "Computational Biology, Machine Learning, Biological Networks, Genomics and Systems Biology", "email": "dpeer@columbia.edu"},
{"name": "Pe'er, Itsik G", "img": "http://www.cs.columbia.edu/mice/persons/getPhoto.php?personID=15522", "title": "Associate Professor", "url": "http://www.cs.columbia.edu/~itsik", "area": "Computational Biology, Genomics, Bioinformatics", "email": "itsik@columbia.edu"},
{"name": "Pena-Mora, Feniosky", "img": "http://www.cs.columbia.edu/mice/persons/getPhoto.php?personID=20677", "title": "Professor of Civil Engineering, Affiliated with  Computer Science", "url": "http://civil.columbia.edu/feniosky-pe%C3%B1-mora-scd", "area": "Information Technology Support for Collaboration in Preparedness, Response and Recovery During Disasters Involving Critical Physical Infrastructures, Change Management, Conflict Resolution, Sustainable Construction, Visualization, Augmented Reality, and Processes Integration During the Design and Development of Large-scale Civil Engineering Systems", "email": "Feniosky@columbia.edu"},
{"name": "Radev, Dragomir R", "img": "http://www.cs.columbia.edu/mice/persons/getPhoto.php?personID=272", "title": "Visiting Professor", "url": "http://www.eecs.umich.edu/~radev/", "area": "Natural Language Processing, Information Retrieval, Artificial Intelligence, Social Media, Graph-based Methods", "email": "radev@columbia.edu"},
{"name": "Ross, Kenneth A", "img": "http://www.cs.columbia.edu/mice/persons/getPhoto.php?personID=195", "title": "Professor", "url": "http://www.cs.columbia.edu/~kar/", "area": "Database Systems, Query Processing, Declarative Languages, Genetics", "email": "kar@columbia.edu"},
{"name": "Rubenstein, Dan", "img": "http://www.cs.columbia.edu/mice/persons/getPhoto.php?personID=1967", "title": "Associate Professor", "url": "http://www.cs.columbia.edu/~danr/", "area": "Computer Networks, Network Robustness and Security, Multimedia  Networking, Performance Evaluation, Algorithms", "email": "danr@columbia.edu"},
{"url": "http://www1.ccls.columbia.edu/~ansaf/", "email": "ansaf@columbia.edu", "name": "Salleb-Aouissi, Ansaf", "img": "http://www.cs.columbia.edu/mice/persons/getPhoto.php?personID=15146", "area": "Data Mining, Machine Learning, Frequent Patterns, Classification, Ranking, Rule Learning"},
{"name": "Schulzrinne, Henning G", "img": "http://www.cs.columbia.edu/mice/persons/getPhoto.php?personID=16", "title": "Julian Clarence Levi Professor", "url": "http://www.cs.columbia.edu/~hgs/", "area": "Computer Networks, Multimedia Systems, Mobile and Wireless Systems, Ubiquitous and Pervasive Computing", "email": "hgs@columbia.edu"},
{"name": "Servedio, Rocco A.", "img": "http://www.cs.columbia.edu/mice/persons/getPhoto.php?personID=2916", "title": "Associate Professor", "url": "http://www.cs.columbia.edu/~rocco", "area": "Computational Complexity Theory, Randomness in Computing, Computational Learning Theory, Sublinear-time Algorithms", "email": "rocco@columbia.edu"},
{"name": "Sethumadhavan, Simha", "img": "http://www.cs.columbia.edu/mice/persons/getPhoto.php?personID=16116", "title": "Associate Professor", "url": "http://www.cs.columbia.edu/~simha", "area": "Computer Architecture, Security, VLSI Design, High Performance Computing", "email": "simha@columbia.edu"},
{"name": "Stein, Clifford", "img": "http://www.cs.columbia.edu/mice/persons/getPhoto.php?personID=2569", "title": "Professor, Joint with Industrial Engineering and Operations Research", "url": "http://ieor.columbia.edu/fac-bios/stein/faculty.html", "area": "Algorithms, Combinatorial Optimization, Network Algorithms, Scheduling, Theory of Computation", "email": "cliff@columbia.edu"},
{"name": "Stolfo, Salvatore J", "img": "http://www.cs.columbia.edu/mice/persons/getPhoto.php?personID=79", "title": "Professor of Computer Science", "url": "http://www.cs.columbia.edu/~sal/", "area": "Computer Security, Intrusion  and Anomaly Detection, Embedded Device Security, Data Mining/machine Learning", "email": "sal@columbia.edu"},
{"name": "Stroustrup, Bjarne", "img": "http://www.cs.columbia.edu/mice/persons/getPhoto.php?personID=13428", "title": "Visiting Professor", "url": "http://www.stroustrup.com/", "area": "Distributed Systems, Design, Programming Techniques, Software Development Tools, and Programming Languages", "email": "bjarne@columbia.edu"},
{"name": "Vapnik, Vladimir", "img": "http://www.cs.columbia.edu/mice/persons/getPhoto.php?personID=7169", "title": "Professor", "url": "http://www.clrc.rhul.ac.uk/people/vlad/", "area": "Machine Learning, Empirical Inference, Statistical Learning Theory", "email": "vv2116@columbia.edu"},
{"name": "Venkatasubramanian, Venkat", "img": "http://www.cs.columbia.edu/mice/persons/getPhoto.php?personID=20697", "title": "Professor of Chemical Engineering, Affiliated with Computer Science", "url": "http://cheme.columbia.edu/venkat-venkatasubramanian", "area": "Systemic Risk Management in Complex Systems, Informatics for Materials Design and Discovery, and Self-organization and Emergence in Complex Dynamical Systems", "email": "venkat@columbia.edu"},
{"name": "Wu, Eugene", "img": "http://www.cs.columbia.edu/mice/persons/getPhoto.php?personID=23170", "title": "Assistant Professor of Computer Science", "url": "http://www.eugenewu.net", "area": "Database, Visualization, Data Cleaning, Crowd Sourcing, Interaction, Data Explanation", "email": "ewu@columbia.edu"},
{"name": "Yang, Junfeng", "img": "http://www.cs.columbia.edu/mice/persons/getPhoto.php?personID=16119", "title": "Associate Professor", "url": "http://www.cs.columbia.edu/~junfeng", "area": "Operating Systems, Programming Languages, Security, Distributed Systems, Software Engineering, Networks", "email": "junfeng@columbia.edu"},
{"name": "Yannakakis, Mihalis", "img": "http://www.cs.columbia.edu/mice/persons/getPhoto.php?personID=5340", "title": "Percy K. and Vida L. W. Hudson Professor of Computer Science", "url": "http://www.cs.columbia.edu/~mihalis", "area": "Algorithms, Complexity Theory, Combinatorial Optimization, Databases, Testing and Verification", "email": "mihalis@columbia.edu"},
{"name": "Zheng, Changxi", "img": "http://www.cs.columbia.edu/mice/persons/getPhoto.php?personID=19243", "title": "Assistant Professor", "url": "http://www.cs.columbia.edu/~cxz/", "area": "Computer Graphics, Physically-based Multi-sensory Animation, Computational Acoustics, Scientific Computing, Robotics", "email": "cxz@columbia.edu"},
{"name": "Zussman, Gil", "img": "http://www.cs.columbia.edu/mice/persons/getPhoto.php?personID=16123", "title": "Associate Professor of Electrical Engineering, Affiliated  with Computer Science", "url": "http://www.ee.columbia.edu/~zussman/", "area": "Wireless and Mobile Networks and Systems, Computer Networks, Resilience and Survivability, Smart Grid", "email": "gil@columbia.edu"}]