[{"url": "http://www.cs.duke.edu/people/faculty/?csid=8", "title": "Professor of Computer Science and Mathematics", "email": ": pankaj at cs.duke.edu", "img": "http://www.cs.duke.edu/images/pic-fac/pankaj.jpg", "name": "Agarwal, Pankaj K."},
{"url": "http://www.cs.duke.edu/people/faculty/?csid=10", "title": "Professor of the Practice of Computer Science, Associate DUS", "email": ": ola at cs.duke.edu", "img": "http://www.cs.duke.edu/images/pic-fac/ola.jpg", "name": "Astrachan, Owen"},
{"url": "http://www.cs.duke.edu/people/faculty/?csid=1492", "title": "Associate Professor of Computer Science", "email": ": shivnath at cs.duke.edu", "img": "http://www.cs.duke.edu/images/pic-fac/shivnath.jpg", "name": "Babu, Shivnath"},
{"url": "http://www.cs.duke.edu/people/faculty/?csid=3930", "title": "Assistant Professor of Computer Science", "email": ": tbenson at cs.duke.edu", "img": "http://www.cs.duke.edu/images/pic-fac/tbenson.jpg", "name": "Benson, Theo"},
{"url": "http://www.cs.duke.edu/people/faculty/?csid=14", "title": "Associate Professor of Electrical and Computer Engineering and Computer Science", "email": ": jab at ee.duke.edu", "img": "http://www.cs.duke.edu/images/pic-fac/jab.jpg", "name": "Board Jr., John A."},
{"url": "http://www.cs.duke.edu/people/faculty/?csid=4408", "title": "Professor of Math and Computer Science", "email": ": bryant at math.duke.edu", "img": "http://www.cs.duke.edu/images/pic-fac/bryant.jpg", "name": "Bryant, Robert L."},
{"url": "http://www.cs.duke.edu/people/faculty/?csid=3565", "title": "Professor of Computer Science, Mathematics, and Electrical and Computer Engineering", "email": ": robert.calderbank at duke.edu", "img": "http://www.cs.duke.edu/images/pic-fac/calderbank.jpg", "name": "Calderbank, Robert"},
{"url": "http://www.cs.duke.edu/people/faculty/?csid=3895", "title": "Professor of Electrical and Computer Engineering and Computer Science", "email": ": krish at ee.duke.edu", "img": "http://www.cs.duke.edu/images/pic-fac/krish.jpg", "name": "Chakrabarty, Krishnendu"},
{"url": "http://www.cs.duke.edu/people/faculty/?csid=15", "title": "Professor of Computer Science", "email": ": chase at cs.duke.edu", "img": "http://www.cs.duke.edu/images/pic-fac/chase.jpg", "name": "Chase, Jeffrey S."},
{"url": "http://www.cs.duke.edu/people/faculty/?csid=1612", "title": "Professor of Computer Science, Economics, and Philosophy", "email": ": conitzer at cs.duke.edu", "img": "http://www.cs.duke.edu/images/pic-fac/conitzer.jpg", "name": "Conitzer, Vincent"},
{"url": "http://www.cs.duke.edu/people/faculty/?csid=204", "title": "Associate Professor of Computer Science and Electrical and Computer Engineering, DGS", "email": ": landon.cox at alumni.duke.edu", "img": "http://www.cs.duke.edu/images/pic-fac/lpcox.jpg", "name": "Cox, Landon"},
{"url": "http://www.cs.duke.edu/people/faculty/?csid=1611", "title": "Professor of Computer Science and Biochemistry", "email": ": brd at cs.duke.edu", "img": "http://www.cs.duke.edu/images/pic-fac/brd.jpg", "name": "Donald, Bruce R."},
{"url": "http://www.cs.duke.edu/people/faculty/?csid=67", "title": "Lecturer of Computer Science", "email": ": rcd at cs.duke.edu", "img": "http://www.cs.duke.edu/images/pic-fac/rcd.jpg", "name": "Duvall, Robert C."},
{"url": "http://www.cs.duke.edu/people/faculty/?csid=1435", "title": "Associate Professor of Electrical and Computer Engineering and Computer Science", "email": ": c.dwyer at duke.edu", "img": "http://www.cs.duke.edu/images/pic-fac/dwyer.jpg", "name": "Dwyer, Chris"},
{"url": "http://www.cs.duke.edu/people/faculty/?csid=3870", "title": "Assistant Professor of Ophthalmology, Biomedical Engineering, Electrical & Computer Engineering, and Computer Science", "email": ": sina.farsiu at duke.edu", "img": "http://www.cs.duke.edu/images/pic-fac/sina_farsiu.jpg", "name": "Farsiu, Sina"},
{"url": "http://www.cs.duke.edu/people/faculty/?csid=565", "title": "Associate Professor of the Practice of Computer Science", "email": ": forbes at cs.duke.edu", "img": "http://www.cs.duke.edu/images/pic-fac/forbes.jpg", "name": "Forbes, Jeffrey R. N."},
{"url": "http://www.cs.duke.edu/people/faculty/?csid=5507", "title": "Assistant Professor of Computer Science", "email": ": rongge at cs.duke.edu", "img": "http://www.cs.duke.edu/images/pic-fac/rongge.jpg", "name": "Ge, Rong"},
{"url": "http://www.cs.duke.edu/people/faculty/?csid=1579", "title": "Assistant Professor of Biostatistics & Bioinformatics and Computer Science", "email": ": raluca.gordan at duke.edu", "img": "http://www.cs.duke.edu/images/pic-fac/raluca.jpg", "name": "Gordan, Raluca-Mihaela"},
{"url": "http://www.cs.duke.edu/people/faculty/?csid=917", "title": "Professor of Computer Science, Statistical Science, and Biology", "email": ": amink at cs.duke.edu", "img": "http://www.cs.duke.edu/images/pic-fac/amink.jpg", "name": "Hartemink, Alexander J."},
{"url": "http://www.cs.duke.edu/people/faculty/?csid=5486", "title": "Associate Professor of Electrical and Computer Engineering, Mechanical Engineering and Materials Science, and Computer Science", "email": ": kris.hauser at duke.edu", "img": "http://www.cs.duke.edu/images/pic-fac/hauser.jpg", "name": "Hauser, Kris"},
{"url": "http://www.cs.duke.edu/people/faculty/?csid=4393", "title": "Assistant Professor of Statistical Science and Computer Science", "email": ": katherine.heller at duke.edu", "img": "http://www.cs.duke.edu/images/pic-fac/kheller.jpg", "name": "Heller, Katherine"},
{"url": "http://www.cs.duke.edu/people/faculty/?csid=3797", "title": "Assistant Professor of the Practice of Electrical and Computer Engineering and Computer Science", "email": ": adhilton at ece.duke.edu", "img": "http://www.cs.duke.edu/images/pic-fac/hilton.jpg", "name": "Hilton, Andrew"},
{"url": "http://www.cs.duke.edu/people/faculty/?csid=3791", "title": "Professor of Electrical and Computer Engineering, Computer Science, and Physics", "email": ": jungsang at ee.duke.edu", "img": "http://fds.duke.edu/photos/fac/u6309.jpg", "name": "Kim, Jungsang"},
{"url": "http://www.cs.duke.edu/people/faculty/?csid=4630", "title": "Assistant Professor of Computer Science and Electrical and Computer Engineering", "email": ": gdk at cs.duke.edu", "img": "http://www.cs.duke.edu/images/pic-fac/gdk.jpg", "name": "Konidaris, George"},
{"url": "http://www.cs.duke.edu/people/faculty/?csid=22", "title": "Professor of Computer Science and Electrical and Computer Engineering", "email": ": alvy at cs.duke.edu", "img": "http://www.cs.duke.edu/images/pic-fac/alvy.jpg", "name": "Lebeck, Alvin R."},
{"url": "http://www.cs.duke.edu/people/faculty/?csid=3716", "title": "Associate Professor of Electrical and Computer Engineering and Computer Science", "email": ": benjamin.c.lee at duke.edu", "img": "http://www.cs.duke.edu/images/pic-fac/bcl15.jpg", "name": "Lee, Benjamin C."},
{"url": "http://www.cs.duke.edu/people/faculty/?csid=11", "title": "Associate Professor of the Practice of Computer Science", "email": ": lucic at cs.duke.edu", "img": "http://www.cs.duke.edu/images/pic-fac/lucic.jpg", "name": "Lucic, Richard A."},
{"url": "http://www.cs.duke.edu/people/faculty/?csid=3924", "title": "Assistant Professor of Computer Science", "email": ": ashwin at cs.duke.edu", "img": "http://www.cs.duke.edu/images/pic-fac/ashwin.jpg", "name": "Machanavajjhala, Ashwin"},
{"url": "http://www.cs.duke.edu/people/faculty/?csid=1697", "title": "Professor of Mathematics and Computer Science", "email": ": mauro.maggioni at duke.edu", "img": "http://www.cs.duke.edu/images/pic-fac/maggioni.jpg", "name": "Maggioni, Mauro"},
{"url": "http://www.cs.duke.edu/people/faculty/?csid=2044", "title": "Professor of Computer Science", "email": ": bmm at cs.duke.edu", "img": "http://www.cs.duke.edu/images/pic-fac/bmm.jpg", "name": "Maggs, Bruce"},
{"url": "http://www.cs.duke.edu/people/faculty/?csid=1606", "title": "Professor of Statistical Science and Computer Science", "email": ": sayan at stat.duke.edu", "img": "http://www.cs.duke.edu/images/pic-fac/sayan.jpg", "name": "Mukherjee, Sayan"},
{"url": "http://www.cs.duke.edu/people/faculty/?csid=1459", "title": "Associate Professor of Computer Science", "email": ": kamesh at cs.duke.edu", "img": "http://www.cs.duke.edu/images/pic-fac/kamesh.jpg", "name": "Munagala, Kamesh"},
{"url": "http://www.cs.duke.edu/people/faculty/?csid=3929", "title": "Assistant Professor of Computer Science", "email": ": debmalya at cs.duke.edu", "img": "http://www.cs.duke.edu/images/pic-fac/debmalya.jpg", "name": "Panigrahi, Debmalya"},
{"url": "http://www.cs.duke.edu/people/faculty/?csid=442", "title": "Professor of Computer Science, Chair", "email": ": parr at cs.duke.edu", "img": "http://www.cs.duke.edu/images/pic-fac/parr.jpg", "name": "Parr, Ronald E."},
{"url": "http://www.cs.duke.edu/people/faculty/?csid=31", "title": "Professor of Computer Science", "email": ": reif at cs.duke.edu", "img": "http://www.cs.duke.edu/images/pic-fac/reif.jpg", "name": "Reif, John H."},
{"url": "http://www.cs.duke.edu/people/faculty/?csid=33", "title": "Professor of the Practice of Computer Science, DUS", "email": ": rodger at cs.duke.edu", "img": "http://www.cs.duke.edu/images/pic-fac/rodger.jpg", "name": "Rodger, Susan H."},
{"url": "http://www.cs.duke.edu/people/faculty/?csid=5506", "title": "Assistant Professor of Computer Science", "email": ": sudeepa at cs.duke.edu", "img": "http://www.cs.duke.edu/images/pic-fac/sudeepa.jpg", "name": "Roy, Sudeepa"},
{"url": "http://www.cs.duke.edu/people/faculty/?csid=3922", "title": "Professor of Electrical and Computer Engineering, Computer Science, and Biomedical Engineering", "email": ": guillermo.sapiro at duke.edu", "img": "http://www.cs.duke.edu/images/pic-fac/gs108.jpg", "name": "Sapiro, Guillermo"},
{"url": "http://www.cs.duke.edu/people/faculty/?csid=3790", "title": "Associate Professor of Statistical Science and Computer Science", "email": ": scott.schmidler at duke.edu", "img": "http://www.cs.duke.edu/images/pic-fac/schmidler.jpg", "name": "Schmidler, Scott C."},
{"url": "http://www.cs.duke.edu/people/faculty/?csid=1280", "title": "Professor of Electrical and Computer Engineering and Computer Science", "email": ": sorin at ee.duke.edu", "img": "http://www.cs.duke.edu/images/pic-fac/sorin.jpg", "name": "Sorin, Daniel J."},
{"url": "http://www.cs.duke.edu/people/faculty/?csid=37", "title": "Professor of Computer Science", "email": ": xiaobai at cs.duke.edu", "img": "http://www.cs.duke.edu/images/pic-fac/xiaobai.jpg", "name": "Sun, Xiaobai"},
{"url": "http://www.cs.duke.edu/people/faculty/?csid=920", "title": "Professor of Computer Science", "email": ": tomasi at cs.duke.edu", "img": "http://www.cs.duke.edu/images/pic-fac/tomasi.jpg", "name": "Tomasi, Carlo"},
{"url": "http://www.cs.duke.edu/people/faculty/?csid=36", "title": "Professor of Electrical and Computer Engineering and Computer Science", "email": ": kst at ee.duke.edu", "img": "http://www.cs.duke.edu/images/pic-fac/kst5.gif", "name": "Trivedi, Kishor S."},
{"url": "http://www.cs.duke.edu/people/faculty/?csid=918", "title": "Professor of Computer Science", "email": ": junyang at cs.duke.edu", "img": "http://www.cs.duke.edu/images/pic-fac/junyang.jpg", "name": "Yang, Jun"},
{"url": "http://www.cs.duke.edu/people/faculty/?csid=2164", "title": "Associate Professor of Computer Science and Electrical and Computer Engineering", "email": ": xwy at cs.duke.edu", "img": "http://www.cs.duke.edu/images/pic-fac/xwy.jpg", "name": "Yang, Xiaowei"},
{"name": "Agarwal, Pankaj K.", "img": "http://www.cs.duke.edu/images/pic-fac/pankaj.jpg", "title": "Professor of Computer Science and Mathematics", "url": "http://www.cs.duke.edu/people/faculty/?csid=8", "area": "Computational and combinatorial geometry, massive data processing, geographic information systems, ecological modeling, computational molecular biology, robotics. ", "email": ": pankaj at cs.duke.edu"},
{"url": "http://www.cs.duke.edu/people/faculty/?csid=3930", "title": "Assistant Professor of Computer Science", "email": ": tbenson at cs.duke.edu", "img": "http://www.cs.duke.edu/images/pic-fac/tbenson.jpg", "name": "Benson, Theo"},
{"name": "Babu, Shivnath", "img": "http://www.cs.duke.edu/images/pic-fac/shivnath.jpg", "title": "Associate Professor of Computer Science", "url": "http://www.cs.duke.edu/people/faculty/?csid=1492", "area": "Parallel and distributed database systems, MapReduce systems likeHadoop, Data management for cloud computing. ", "email": ": shivnath at cs.duke.edu"},
{"url": "http://www.cs.duke.edu/people/faculty/?csid=14", "title": "Associate Professor of Electrical and Computer Engineering and Computer Science", "email": ": jab at ee.duke.edu", "img": "http://www.cs.duke.edu/images/pic-fac/jab.jpg", "name": "Board Jr., John A."},
{"url": "http://www.cs.duke.edu/people/faculty/?csid=3895", "title": "Professor of Electrical and Computer Engineering and Computer Science", "email": ": krish at ee.duke.edu", "img": "http://www.cs.duke.edu/images/pic-fac/krish.jpg", "name": "Chakrabarty, Krishnendu"},
{"name": "Astrachan, Owen", "img": "http://www.cs.duke.edu/images/pic-fac/ola.jpg", "title": "Professor of the Practice of Computer Science, Associate DUS", "url": "http://www.cs.duke.edu/people/faculty/?csid=10", "area": "Paradigmatic changes in computer science education, instruction and pedagogy at scale, understanding programming and how to teach it. ", "email": ": ola at cs.duke.edu"},
{"url": "http://www.cs.duke.edu/people/faculty/?csid=4408", "title": "Professor of Math and Computer Science", "email": ": bryant at math.duke.edu", "img": "http://www.cs.duke.edu/images/pic-fac/bryant.jpg", "name": "Bryant, Robert L."},
{"name": "Calderbank, Robert", "img": "http://www.cs.duke.edu/images/pic-fac/calderbank.jpg", "title": "Professor of Computer Science, Mathematics, and Electrical and Computer Engineering", "url": "http://www.cs.duke.edu/people/faculty/?csid=3565", "area": "Signal processing, analysis of high dimensional data, machine learning, information theory and coding, wireless communication, quantum information theory, application of mathematics to science and engineering ", "email": ": robert.calderbank at duke.edu"},
{"name": "Duvall, Robert C.", "img": "http://www.cs.duke.edu/images/pic-fac/rcd.jpg", "title": "Lecturer of Computer Science", "url": "http://www.cs.duke.edu/people/faculty/?csid=67", "area": "Object-oriented programming, design patterns, graphics, animation and visualization,artificial life, and programming languages. ", "email": ": rcd at cs.duke.edu"},
{"name": "Donald, Bruce R.", "img": "http://www.cs.duke.edu/images/pic-fac/brd.jpg", "title": "Professor of Computer Science and Biochemistry", "url": "http://www.cs.duke.edu/people/faculty/?csid=1611", "area": "Computational Biology, Computational Chemistry, Structural    Biology, Biochemistry, Protein Design, Drug Design, NMR of    Biological Macromolecules, Microelectromechanical Systems (MEMS),    Micro-robotics, Geometric Algorithms ", "email": ": brd at cs.duke.edu"},
{"name": "Cox, Landon", "img": "http://www.cs.duke.edu/images/pic-fac/lpcox.jpg", "title": "Associate Professor of Computer Science and Electrical and Computer Engineering, DGS", "url": "http://www.cs.duke.edu/people/faculty/?csid=204", "area": "Experimental software systems with a focus on mobile computing, social networking, and security. ", "email": ": landon.cox at alumni.duke.edu"},
{"url": "http://www.cs.duke.edu/people/faculty/?csid=1612", "title": "Professor of Computer Science, Economics, and Philosophy", "email": ": conitzer at cs.duke.edu", "img": "http://www.cs.duke.edu/images/pic-fac/conitzer.jpg", "name": "Conitzer, Vincent"},
{"name": "Chase, Jeffrey S.", "img": "http://www.cs.duke.edu/images/pic-fac/chase.jpg", "title": "Professor of Computer Science", "url": "http://www.cs.duke.edu/people/faculty/?csid=15", "area": "<p>Utility computing, network storage and network I/O, distributed systems, operating systems, and large-scale network services.</p> ", "email": ": chase at cs.duke.edu"},
{"name": "Gordan, Raluca-Mihaela", "img": "http://www.cs.duke.edu/images/pic-fac/raluca.jpg", "title": "Assistant Professor of Biostatistics & Bioinformatics and Computer Science", "url": "http://www.cs.duke.edu/people/faculty/?csid=1579", "area": "Dr. Gordan is particularly interested in the mechanisms by which transcription factors are recruited to their specific DNA sites, both in vitro and in vivo, and how this recruitment is affected by changes in the DNA or protein sequence. Her work uses protein binding microarray assays and computational approaches that combine different types of information relevant for DNA binding and transcriptional regulation.  ", "email": ": raluca.gordan at duke.edu"},
{"name": "Hartemink, Alexander J.", "img": "http://www.cs.duke.edu/images/pic-fac/amink.jpg", "title": "Professor of Computer Science, Statistical Science, and Biology", "url": "http://www.cs.duke.edu/people/faculty/?csid=917", "area": "<p>Computational biology, machine learning, Bayesian statistics, systems biology, transcriptional regulation, genomics and epigenomics, graphical models, Bayesian networks, computational neurobiology, classification, feature selection.</p> ", "email": ": amink at cs.duke.edu"},
{"url": "http://www.cs.duke.edu/people/faculty/?csid=5507", "title": "Assistant Professor of Computer Science", "email": ": rongge at cs.duke.edu", "img": "http://www.cs.duke.edu/images/pic-fac/rongge.jpg", "name": "Ge, Rong"},
{"url": "http://www.cs.duke.edu/people/faculty/?csid=2164", "title": "Associate Professor of Computer Science and Electrical and Computer Engineering", "email": ": xwy at cs.duke.edu", "img": "http://www.cs.duke.edu/images/pic-fac/xwy.jpg", "name": "Yang, Xiaowei"},
{"name": "Yang, Jun", "img": "http://www.cs.duke.edu/images/pic-fac/junyang.jpg", "title": "Professor of Computer Science", "url": "http://www.cs.duke.edu/people/faculty/?csid=918", "area": "Databases and data-intensive systems in general, with particular interests in scalable data analytics and computational journalism. ", "email": ": junyang at cs.duke.edu"},
{"name": "Tomasi, Carlo", "img": "http://www.cs.duke.edu/images/pic-fac/tomasi.jpg", "title": "Professor of Computer Science", "url": "http://www.cs.duke.edu/people/faculty/?csid=920", "area": "Computer vision, medical imaging, and applied mathematics.<p>Current Projects:  Video analysis (funded by NSF), identity management for surveillance (funded by ARO), medical imaging and computer-assisted diagnosis (funded by NIH and Duke CTMS). ", "email": ": tomasi at cs.duke.edu"},
{"name": "Trivedi, Kishor S.", "img": "http://www.cs.duke.edu/images/pic-fac/kst5.gif", "title": "Professor of Electrical and Computer Engineering and Computer Science", "url": "http://www.cs.duke.edu/people/faculty/?csid=36", "area": "Modeling and analysis of fault-tolerant computers and networks. ", "email": ": kst at ee.duke.edu"},
{"name": "Sun, Xiaobai", "img": "http://www.cs.duke.edu/images/pic-fac/xiaobai.jpg", "title": "Professor of Computer Science", "url": "http://www.cs.duke.edu/people/faculty/?csid=37", "area": "Numerical analysis, matrix theory, high-performance scientific computing, and parallel computing.<p>Current Projects: <br>Theory and algorithm development for large matrix computation problems arising in computational science and engineering. ", "email": ": xiaobai at cs.duke.edu"},
{"name": "Sorin, Daniel J.", "img": "http://www.cs.duke.edu/images/pic-fac/sorin.jpg", "title": "Professor of Electrical and Computer Engineering and Computer Science", "url": "http://www.cs.duke.edu/people/faculty/?csid=1280", "area": "Computer architecture, multiprocessors, memory systems, verification, and analytical evaluation. ", "email": ": sorin at ee.duke.edu"},
{"url": "http://www.cs.duke.edu/people/faculty/?csid=3790", "title": "Associate Professor of Statistical Science and Computer Science", "email": ": scott.schmidler at duke.edu", "img": "http://www.cs.duke.edu/images/pic-fac/schmidler.jpg", "name": "Schmidler, Scott C."},
{"url": "http://www.cs.duke.edu/people/faculty/?csid=3922", "title": "Professor of Electrical and Computer Engineering, Computer Science, and Biomedical Engineering", "email": ": guillermo.sapiro at duke.edu", "img": "http://www.cs.duke.edu/images/pic-fac/gs108.jpg", "name": "Sapiro, Guillermo"},
{"url": "http://www.cs.duke.edu/people/faculty/?csid=5506", "title": "Assistant Professor of Computer Science", "email": ": sudeepa at cs.duke.edu", "img": "http://www.cs.duke.edu/images/pic-fac/sudeepa.jpg", "name": "Roy, Sudeepa"},
{"name": "Rodger, Susan H.", "img": "http://www.cs.duke.edu/images/pic-fac/rodger.jpg", "title": "Professor of the Practice of Computer Science, DUS", "url": "http://www.cs.duke.edu/people/faculty/?csid=33", "area": "Computer science education, interactive and visual tools for teaching, algorithm animation, design and analysis of algorithms, data structures, geometric algorithms, and parallel algorithms. ", "email": ": rodger at cs.duke.edu"},
{"name": "Reif, John H.", "img": "http://www.cs.duke.edu/images/pic-fac/reif.jpg", "title": "Professor of Computer Science", "url": "http://www.cs.duke.edu/people/faculty/?csid=31", "area": "Molecular Computation (DNA nanostructure self-assembly, DNA computation, molecular robotics). Algorithms (parallel algorithms, randomized algorithms, graph algorithms, algebraic algorithms, robot motion planning algorithms, data compression algorithms). Complexity Theory (complexity of robot motion planning and of games of incomplete knowledge). Optics (optical computation and solar concentrators). Quantum Computation (quantum sensing and compression).", "email": ": reif at cs.duke.edu"},
{"name": "Parr, Ronald E.", "img": "http://www.cs.duke.edu/images/pic-fac/parr.jpg", "title": "Professor of Computer Science, Chair", "url": "http://www.cs.duke.edu/people/faculty/?csid=442", "area": "Reasoning under uncertainty, Markov decision processes, Reinforcement learning, Bayesian networks, and Robotics. ", "email": ": parr at cs.duke.edu"},
{"name": "Panigrahi, Debmalya", "img": "http://www.cs.duke.edu/images/pic-fac/debmalya.jpg", "title": "Assistant Professor of Computer Science", "url": "http://www.cs.duke.edu/people/faculty/?csid=3929", "area": "Algorithms (theory and applications) ", "email": ": debmalya at cs.duke.edu"},
{"name": "Munagala, Kamesh", "img": "http://www.cs.duke.edu/images/pic-fac/kamesh.jpg", "title": "Associate Professor of Computer Science", "url": "http://www.cs.duke.edu/people/faculty/?csid=1459", "area": "Approximation algorithms; Computational economics; Scheduling theory; Data mining. ", "email": ": kamesh at cs.duke.edu"},
{"url": "http://www.cs.duke.edu/people/faculty/?csid=1606", "title": "Professor of Statistical Science and Computer Science", "email": ": sayan at stat.duke.edu", "img": "http://www.cs.duke.edu/images/pic-fac/sayan.jpg", "name": "Mukherjee, Sayan"},
{"url": "http://www.cs.duke.edu/people/faculty/?csid=2044", "title": "Professor of Computer Science", "email": ": bmm at cs.duke.edu", "img": "http://www.cs.duke.edu/images/pic-fac/bmm.jpg", "name": "Maggs, Bruce"},
{"url": "http://www.cs.duke.edu/people/faculty/?csid=1697", "title": "Professor of Mathematics and Computer Science", "email": ": mauro.maggioni at duke.edu", "img": "http://www.cs.duke.edu/images/pic-fac/maggioni.jpg", "name": "Maggioni, Mauro"},
{"url": "http://www.cs.duke.edu/people/faculty/?csid=3924", "title": "Assistant Professor of Computer Science", "email": ": ashwin at cs.duke.edu", "img": "http://www.cs.duke.edu/images/pic-fac/ashwin.jpg", "name": "Machanavajjhala, Ashwin"},
{"url": "http://www.cs.duke.edu/people/faculty/?csid=3716", "title": "Associate Professor of Electrical and Computer Engineering and Computer Science", "email": ": benjamin.c.lee at duke.edu", "img": "http://www.cs.duke.edu/images/pic-fac/bcl15.jpg", "name": "Lee, Benjamin C."},
{"name": "Lucic, Richard A.", "img": "http://www.cs.duke.edu/images/pic-fac/lucic.jpg", "title": "Associate Professor of the Practice of Computer Science", "url": "http://www.cs.duke.edu/people/faculty/?csid=11", "area": "<p>Tools for computer science education, management of research, industrial relations, and technology management and transfer.</p> ", "email": ": lucic at cs.duke.edu"},
{"name": "Lebeck, Alvin R.", "img": "http://www.cs.duke.edu/images/pic-fac/alvy.jpg", "title": "Professor of Computer Science and Electrical and Computer Engineering", "url": "http://www.cs.duke.edu/people/faculty/?csid=22", "area": "Computer architecture, nano-scale systems, memory system, energy efficient computing, and multiprocessors.<p>Current Projects:<br>\tArchitecting Resilient Memory Hierarchies, Architectures for Emerging Technologies, Multicore/Multiprocessor Systems. ", "email": ": alvy at cs.duke.edu"},
{"url": "http://www.cs.duke.edu/people/faculty/?csid=3791", "title": "Professor of Electrical and Computer Engineering, Computer Science, and Physics", "email": ": jungsang at ee.duke.edu", "img": "http://fds.duke.edu/photos/fac/u6309.jpg", "name": "Kim, Jungsang"},
{"name": "Konidaris, George", "img": "http://www.cs.duke.edu/images/pic-fac/gdk.jpg", "title": "Assistant Professor of Computer Science and Electrical and Computer Engineering", "url": "http://www.cs.duke.edu/people/faculty/?csid=4630", "area": "Artificial intelligence, robotics, reinforcement learning, machine learning, planning. ", "email": ": gdk at cs.duke.edu"},
{"url": "http://www.cs.duke.edu/people/faculty/?csid=3797", "title": "Assistant Professor of the Practice of Electrical and Computer Engineering and Computer Science", "email": ": adhilton at ece.duke.edu", "img": "http://www.cs.duke.edu/images/pic-fac/hilton.jpg", "name": "Hilton, Andrew"},
{"url": "http://www.cs.duke.edu/people/faculty/?csid=4393", "title": "Assistant Professor of Statistical Science and Computer Science", "email": ": katherine.heller at duke.edu", "img": "http://www.cs.duke.edu/images/pic-fac/kheller.jpg", "name": "Heller, Katherine"},
{"name": "Hauser, Kris", "img": "http://www.cs.duke.edu/images/pic-fac/hauser.jpg", "title": "Associate Professor of Electrical and Computer Engineering, Mechanical Engineering and Materials Science, and Computer Science", "url": "http://www.cs.duke.edu/people/faculty/?csid=5486", "area": "Professor Hauser's research focuses on robot motion planning and control, semiautonomous robots, and integrating perception and planning. Applications of this research have included automated vehicle collision avoidance, robotic manipulation, robot-assisted medicine, and legged locomotion. ", "email": ": kris.hauser at duke.edu"},
{"name": "Farsiu, Sina", "img": "http://www.cs.duke.edu/images/pic-fac/sina_farsiu.jpg", "title": "Assistant Professor of Ophthalmology, Biomedical Engineering, Electrical & Computer Engineering, and Computer Science", "url": "http://www.cs.duke.edu/people/faculty/?csid=3870", "area": "Computer aided diagnosis of ocular and neurological diseases; photonics imaging; image enhancement, reconstruction, and analysis; compressive sensing; super resolution; statistical signal processing. ", "email": ": sina.farsiu at duke.edu"},
{"name": "Forbes, Jeffrey R. N.", "img": "http://www.cs.duke.edu/images/pic-fac/forbes.jpg", "title": "Associate Professor of the Practice of Computer Science", "url": "http://www.cs.duke.edu/people/faculty/?csid=565", "area": "Computer science education, intelligent control and robotics, and network science  ", "email": ": forbes at cs.duke.edu"},
{"url": "http://www.cs.duke.edu/people/faculty/?csid=1435", "title": "Associate Professor of Electrical and Computer Engineering and Computer Science", "email": ": c.dwyer at duke.edu", "img": "http://www.cs.duke.edu/images/pic-fac/dwyer.jpg", "name": "Dwyer, Chris"}]