[{"name": "Yair Amir", "img": "http://www.cs.jhu.edu/wp-content/uploads/sites/8/2013/10/yair-amir.jpg", "title": "Professor AND CHAIR", "url": "http://www.cs.jhu.edu/faculty/yair-amir/", "area": "Systems, including intrusion tolerant clouds; critical infrastructure; large-scale survivable and secure distributed systems,Networks, including cloud networking, overlay networks, wireless mesh networks,Algorithms, including distributed algorithms, intrusion tolerance, fault tolerance, replication", "email": "yairamir@cs.jhu.edu"},
{"name": "Gregory D. Hager", "img": "http://www.cs.jhu.edu/wp-content/uploads/sites/8/2013/10/gregory-hager.jpg", "title": "Mandell Bellmore Professor", "url": "http://www.cs.jhu.edu/faculty/gregory-hager/", "area": "Computer Vision,Robotics,Medical Robotics,Human-Machine Systems", "email": "hager@cs.jhu.edu"},
{"name": "Yanif Ahmad", "img": "http://www.cs.jhu.edu/wp-content/uploads/sites/8/2013/09/Yanif-Ahmad.jpg", "title": "Assistant Professor", "url": "http://www.cs.jhu.edu/faculty/yanif-ahmad/", "area": "Data management,Computer Systems,Programming Languages,Scientific Computing,Machine Learning", "email": "yanif@cs.jhu.edu"},
{"name": "Susan Hohenberger", "img": "http://www.cs.jhu.edu/wp-content/uploads/sites/8/2013/09/Susan-1.jpg", "title": "Associate Research Professor", "url": "http://www.cs.jhu.edu/faculty/susan-hohenberger/", "area": "Cryptography,Computer security", "email": "susan@cs.jhu.edu"},
{"name": "Matthew D. Green", "img": "http://www.cs.jhu.edu/wp-content/uploads/sites/8/2015/06/matt-greene-_sp2.jpg", "title": "assistant professor", "url": "http://www.cs.jhu.edu/faculty/matthew-d-green/", "area": "Applied Cryptography,Privacy-Preserving Cryptographic Protocols,Cryptographic Engineering", "email": "mgreen@cs.jhu.edu"},
{"name": "Peter H. Froehlich", "img": "http://www.cs.jhu.edu/wp-content/uploads/sites/8/2013/09/peter-frohlich.jpg", "title": "Senior Lecturer", "url": "http://www.cs.jhu.edu/faculty/peter-froehlich/", "area": "Programming Languages,Software Engineering,Systems Software,Video Game Design,Web Development", "email": "phf@cs.jhu.edu"},
{"name": "Mark Dredze", "img": "http://www.cs.jhu.edu/wp-content/uploads/sites/8/2013/10/mark-dredze.jpg", "title": "Assistant Research Professor", "url": "http://www.cs.jhu.edu/faculty/mark-dredze/", "area": "Machine Learning,Natural Language Processing,Social Media,Health Informatics", "email": "mdredze@cs.jhu.edu"},
{"name": "Randal Burns", "img": "http://www.cs.jhu.edu/wp-content/uploads/sites/8/2013/10/randal-burns.jpg", "title": "Professor", "url": "http://www.cs.jhu.edu/faculty/randal-burns/", "area": "Large Data Sets for Scientific Applications,Query Processing for Data-Intensive Science Applications,Redundancy Coding and Auditing of Outsourced Storage Services,Adaptive Performance Management for Network Data Protocols,Scalable Systems that Support Neuroscience Imaging Analysis and Annotation", "email": "randal@cs.jhu.edu"},
{"name": "Abhishek Jain", "img": "http://www.cs.jhu.edu/wp-content/uploads/sites/8/2014/10/Jain-1024x682.jpg", "title": "ASSISTANT PROFESSOR", "url": "http://www.cs.jhu.edu/faculty/abhishek-jain/", "area": "Cryptography,Security,Theoretical Computer Science", "email": "abhishek@cs.jhu.edu"},
{"name": "Alexis Battle", "img": "http://www.cs.jhu.edu/wp-content/uploads/sites/8/2014/08/Battle-682x1024.jpg", "title": "ASSISTANT PROFESSOR", "url": "http://www.cs.jhu.edu/faculty/alexis-battle/", "area": "Genetics of complex traits,Use ofmachine learning and probabilistic models to untangle the effects of genetic variation on clinically relevant phenotypes,Graphical models,Transfer learning,Structured regularization methods", "email": "ajbattle@cs.jhu.edu"},
{"name": "Jason Eisner", "img": "http://www.cs.jhu.edu/wp-content/uploads/sites/8/2013/10/Eisner_JHU5645-copy-2-1024x682.jpg", "title": "Professor", "url": "http://www.cs.jhu.edu/faculty/jason-eisner/", "area": "Natural Language Processing (NLP),Computational Linguistics,Machine Learning,Declarative Programming", "email": "jason@cs.jhu.edu"},
{"name": "Raman Arora", "img": "http://www.cs.jhu.edu/wp-content/uploads/sites/8/2014/08/Arora-682x1024.jpg", "title": "ASSISTANT PROFESSOR", "url": "http://www.cs.jhu.edu/faculty/raman-arora/", "area": "Machine learning,Statistical signal processing,Stochastic approximation algorithms,Applications to speech and language processing", "email": "arora@cs.jhu.edu"},
{"name": "Michael Dinitz", "img": "http://www.cs.jhu.edu/wp-content/uploads/sites/8/2014/08/Dinitz-684x1024.jpg", "title": "ASSISTANT PROFESSOR", "url": "http://www.cs.jhu.edu/faculty/michael-dinitz/", "area": "Theoretical Computer Science,Approximation Algorithms,Computer Networking,Distributed Computing", "email": "mdinitz@cs.jhu.edu"},
{"name": "Gerald Masson", "img": "http://www.cs.jhu.edu/wp-content/uploads/sites/8/2013/10/gmasson3.jpg", "title": "Professor EMERITUS", "url": "http://www.cs.jhu.edu/faculty/gerald-masson/", "area": "Fault Tolerant Computing,Systems Diagnosis Theory,Distributed Computing,Real-Time Error Monitoring of Hardware/Software,Software Design for Testability,Interconnection Networks", "email": "masson@cs.jhu.edu"},
{"name": "Scott Smith", "img": "http://www.cs.jhu.edu/wp-content/uploads/sites/8/2013/10/Smith-996x1024.jpg", "title": "PROFESSOR", "url": "http://www.cs.jhu.edu/faculty/scott-smith/", "area": "Programming Languages,Type Theory", "email": "scott@cs.jhu.edu"},
{"name": "Alan Yuille", "img": "http://www.cs.jhu.edu/wp-content/uploads/sites/8/2016/01/JHU0728-Copy-767x1024.jpg", "title": "Bloomberg Distinguished Professor", "url": "http://www.cs.jhu.edu/faculty/alan-yuille/", "area": "Computational Models of Vision,Mathematical Models of Cognition,Artificial Intelligence,Neural Networks", "email": "alan@cs.jhu.edu"},
{"name": "David Yarowsky", "img": "", "title": "Professor", "url": "http://www.cs.jhu.edu/faculty/david-yarowsky/", "area": "Natural Language Processing,Spoken Language Systems,Machine Translation,Information Retrieval,Very Large Text Databases,Machine Learning", "email": "yarowsky@cs.jhu.edu"},
{"name": "Andreas Terzis", "img": "http://www.cs.jhu.edu/wp-content/uploads/sites/8/2013/10/andreas-terzis.jpg", "title": "Associate RESEARCH Professor", "url": "http://www.cs.jhu.edu/faculty/andreas-terzis/", "area": "Computer Networks,Low-Power Sensor Networks", "email": "terzis@cs.jhu.edu"},
{"name": "Xin Li", "img": "http://www.cs.jhu.edu/wp-content/uploads/sites/8/2014/08/Li-Xin-684x1024.jpg", "title": "Assistant Professor", "url": "http://www.cs.jhu.edu/faculty/xin-li/", "area": "Pesudorandomness,Complexity Theory,Distributed Computing,Cryptography", "email": "lixints@cs.jhu.edu"},
{"name": "Suchi Saria", "img": "http://www.cs.jhu.edu/wp-content/uploads/sites/8/2013/09/suchi-saria-e1455637149955.jpg", "title": "Assistant Professor", "url": "http://www.cs.jhu.edu/faculty/suchi-saria/", "area": "Machine learning,Computational health informatics,Probabilistic Methods,Time Series Models,Information extraction in domains with structured and unstructured data (e.g., text, sensing devices, electronic health records, smart rooms),Predictive modeling in healthcare.", "email": "ssaria@cs.jhu.edu"},
{"name": "Alex Szalay", "img": "http://www.cs.jhu.edu/wp-content/uploads/sites/8/2014/10/szalay-alexander-2005-for-web.jpg", "title": "BLOOMBERG DISTINGUISHED PROFESSOR", "url": "http://www.cs.jhu.edu/faculty/alex-szalay/", "area": "Data intensive computing", "email": "szalay@cs.jhu.edu"},
{"name": "Aviel Rubin", "img": "http://www.cs.jhu.edu/wp-content/uploads/sites/8/2015/07/Avi_Rubin-e1436966021923.png", "title": "Professor", "url": "http://www.cs.jhu.edu/faculty/aviel-rubin/", "area": "Computer Security,Applied Cryptography", "email": "rubin@cs.jhu.edu"},
{"name": "Benjamin Van Durme", "img": "http://www.cs.jhu.edu/wp-content/uploads/sites/8/2013/10/JHU2011-682x1024.jpg", "title": "Assistant Professor", "url": "http://www.cs.jhu.edu/faculty/benjamin-van-durme/", "area": "Natural Language Processing specifically computational semantics,Streaming/Randomized Algorithms", "email": "vandurme@cs.jhu.edu"},
{"name": "Russell H. Taylor", "img": "http://www.cs.jhu.edu/wp-content/uploads/sites/8/2013/09/russell-taylor.jpg", "title": "John C. Malone Professor", "url": "http://www.cs.jhu.edu/faculty/russell-h-taylor/", "area": "Computer-Integrated Interventional Medicine,Medical Robotics,Medical Imaging and Modeling", "email": "rht@cs.jhu.edu"},
{"name": "Ilya Shpitser", "img": "http://www.cs.jhu.edu/wp-content/uploads/sites/8/2015/08/Shpitser-retouched-Copy-908x1024.jpg", "title": "John C. Malone Assistant Professor", "url": "http://www.cs.jhu.edu/faculty/ilya-shpitser-3/", "area": "Causal inference and missing data,Graphical models,Longitudinal data analysis in medicine and epidemiology", "email": "ilyas@cs.jhu.edu"},
{"name": "Sara Miner More", "img": "http://www.cs.jhu.edu/wp-content/uploads/sites/8/2014/08/More-682x1024.jpg", "title": "Associate Teaching Professor", "url": "http://www.cs.jhu.edu/faculty/sara-more/", "area": "Computer science education,Cryptography and information flow, Foundations of computing", "email": "more@cs.jhu.edu"},
{"name": "Joanne Selinski", "img": "http://www.cs.jhu.edu/wp-content/uploads/sites/8/2013/09/joanne-selinski.jpg", "title": "Associate Teaching Professor", "url": "http://www.cs.jhu.edu/faculty/joanne-selinski/", "area": "Computer Science Education", "email": "joanne@cs.jhu.edu"},
{"name": "Simon Leonard", "img": "http://www.cs.jhu.edu/wp-content/uploads/sites/8/2015/03/Leonard-Simon.jpg", "title": "ASSISTANT RESEARCH PROFESSOR", "url": "http://www.cs.jhu.edu/faculty/simon-leonard/", "area": "Visual servoing,Hand-eye coordination", "email": "sleonard@cs.jhu.edu"},
{"name": "Benjamin Langmead", "img": "http://www.cs.jhu.edu/wp-content/uploads/sites/8/2013/09/ben-langmead.jpg", "title": "Assistant Professor", "url": "http://www.cs.jhu.edu/faculty/ben-langmead/", "area": "Genomics,Sequence Alignment,Text Indexing,High Performance Computing,Big Data", "email": "langmea@cs.jhu.edu"},
{"name": "Steven Salzberg", "img": "http://www.cs.jhu.edu/wp-content/uploads/sites/8/2014/11/Salzberg2.jpg", "title": "BLOOMBERG DISTINGUISHED PROFESSOR", "url": "http://www.cs.jhu.edu/faculty/steven-salzberg/", "area": "Genomics,Bioinformatics,Genome assembly,Gene finding,Sequence analysis algorithms", "email": "salzberg@cs.jhu.edu"},
{"name": "Philipp Koehn", "img": "http://www.cs.jhu.edu/wp-content/uploads/sites/8/2014/08/Koehn-684x1024.jpg", "title": "PROFESSOR", "url": "http://www.cs.jhu.edu/faculty/philipp-koehn/", "area": "Statistical Machine Translation", "email": "phi@cs.jhu.edu"},
{"name": "Peter Kazanzides", "img": "http://www.cs.jhu.edu/wp-content/uploads/sites/8/2013/10/Kazanzides-681x1024.jpg", "title": "RESEARCH PROFESSOR", "url": "http://www.cs.jhu.edu/faculty/peter-kazanzides/", "area": "Computer-integrated surgery and satellite servicing, which share common themes of human/machine interfaces to keep the human in the loop,Real-time sensing to account for uncertainty,System engineering to enable deployment in the real world", "email": "pkaz@cs.jhu.edu"},
{"name": "Austin Reiter", "img": "http://www.cs.jhu.edu/wp-content/uploads/sites/8/2014/08/Reiter.jpg", "title": "Assistant Research Professor", "url": "http://www.cs.jhu.edu/faculty/austin-reiter/", "area": "Applications of Computer Vision to Robotics, specifically in the field of interventional medicine and surgical technology.,Machine vision problems involving tracking,,3D reconstruction,Image registration,Visual recognition", "email": "areiter@cs.jhu.edu"},
{"name": "Nassir Navab", "img": "http://www.cs.jhu.edu/wp-content/uploads/sites/8/2014/08/Navab-684x1024.jpg", "title": "Research Professor", "url": "http://www.cs.jhu.edu/faculty/nassir-navab/", "area": "Computer-aided medical procedures,Augmented reality", "email": "nassir@cs.jhu.edu"}]