[{"addr": "32-G638", "img": "http://www.eecs.mit.edu/sites/default/files/person-photos/aaronson.jpg", "area": "CSAIL, II-Theory, Nanotech", "url": "http://www.csail.mit.edu/user/1324", "title": "Associate Professor of Electrical Engineering and Computer Science", "phone": "(617) 324-8356", "email": "aaronson@csail.mit.edu", "name": "Scott Aaronson"},
{"addr": "32-386", "img": "http://www.eecs.mit.edu/sites/default/files/person-photos/abelson_1.jpg", "area": "CSAIL, II-AI, Connections, Cybersecurity", "url": "http://www.csail.mit.edu/user/1535", "title": "Class of 1992 Professor", "phone": "(617) 253-5856", "email": "hal@mit.edu", "name": "Hal Abelson"},
{"addr": "36-766", "img": "http://www.eecs.mit.edu/sites/default/files/person-photos/adalsteinsson_1.jpg", "area": "RLE, I-InfoSys, I-BioMed, bio-EECS", "url": "http://www.rle.mit.edu/adalsteinsson", "title": "Professor of  Electrical Engineering and Associate Professor of Health Sciences and Technology", "phone": "(617) 324-3597", "email": "elfar@mit.edu", "name": "Elfar Adalsteinsson"},
{"addr": "32-G782", "img": "http://www.eecs.mit.edu/sites/default/files/person-photos/agarwal_0.jpg", "area": "CSAIL, I-Circuits, II-Systems, Big Data, Cybersecurity, Multicore", "url": "http://www.csail.mit.edu/user/723", "title": "Professor of Electrical Engineering and Computer Science", "phone": "(617) 253-1448", "email": "agarwal@mit.edu", "name": "Anant Agarwal"},
{"addr": "39-553", "img": "http://www.eecs.mit.edu/sites/default/files/person-photos/akinwande_0.jpg", "area": "MTL, 1-ApplPhysDev, Nanotech", "url": "http://mtlweb.mit.edu/~akinwand/", "title": "Professor of Electrical Engineering", "phone": "(617) 258-7974", "email": "akinwand@mtl.mit.edu", "name": "Akintunde Akinwande"},
{"addr": "32-G920", "img": "http://www.eecs.mit.edu/sites/default/files/person-photos/Alizadeh_web_2.jpg", "area": "CSAIL, II-Systems, Big Data, Connections, Cybersecurity", "url": "http://people.csail.mit.edu/alizadeh/", "title": "Assistant Professor of Computer Science", "phone": "(617) 253-5851", "email": "alizadeh@mit.edu", "name": "Mohammad Alizadeh"},
{"addr": "32-G778", "img": "http://www.eecs.mit.edu/sites/default/files/person-photos/amarasinghe_0.jpg", "area": "CSAIL, II-Systems, Big Data, Cybersecurity, Multicore", "url": "http://www.csail.mit.edu/user/693", "title": "Professor of Computer Science and Engineering; EECS Department Co-Education Officer", "phone": "(617) 253-8879", "email": "saman@csail.mit.edu", "name": "Saman Amarasinghe"},
{"addr": "39-427", "img": "http://www.eecs.mit.edu/sites/default/files/person-photos/Antoniadis.jpg", "area": "MTL, 1-ApplPhysDev, Nanotech", "url": "http://www-mtl.mit.edu/wpmu/daa/", "title": "Ray and Maria Stata Professor of Electrical Engineering and Computer Science", "phone": "(617) 253-4693", "email": "antoniadis@mtl.mit.edu", "name": "Dimitri Antoniadis"},
{"addr": "32-G866", "img": "http://www.eecs.mit.edu/sites/default/files/person-photos/arvind_0.jpg", "area": "CSAIL, II-Systems, Multicore, Wireless", "url": "http://www.csail.mit.edu/user/849", "title": "Charles W. & Jennifer C. Johnson Professor in Computer Science and Engineering", "phone": "(617) 253-6090", "email": "arvind@mit.edu", "name": " Arvind"},
{"addr": "5-206A", "img": "http://www.eecs.mit.edu/sites/default/files/person-photos/baggeroer_0.jpg", "area": "RLE, I-InfoSys, I-Circuits", "url": "http://www.rle.mit.edu/baggeroer", "title": "Professor of Mechanical, Ocean, and Electrical Engineering", "phone": "(617) 253-4336", "email": "abb@boreas.mit.edu", "name": "Arthur Baggeroer"},
{"addr": "32-G940", "img": "http://www.eecs.mit.edu/sites/default/files/person-photos/balakrishnan_0.jpg", "area": "CSAIL, II-Systems, Big Data, Cybersecurity, Wireless", "url": "http://nms.csail.mit.edu/~hari", "title": "Fujitsu Professor in Electrical Engineering and Computer Science", "phone": "(617) 253-8713", "email": "hari@csail.mit.edu", "name": "Hari Balakrishnan"},
{"addr": "13-3053", "img": "http://www.eecs.mit.edu/sites/default/files/person-photos/baldo.jpg", "area": "MTL, RLE, 1-ApplPhysDev, Energy", "url": "http://www.rle.mit.edu/baldo", "title": "Professor of Electrical Engineering", "phone": "617 452-5132", "email": "baldo@mit.edu", "name": "Marc A. Baldo"},
{"addr": "32-G468", "img": "http://www.eecs.mit.edu/sites/default/files/person-photos/barzilay_1.jpg", "area": "CSAIL, II-AI, Big Data", "url": "http://people.csail.mit.edu/regina/", "title": "Professor  ", "phone": "(617) 258-5706", "email": "regina@csail.mit.edu", "name": "Regina Barzilay"},
{"addr": "32-G574", "img": "http://www.eecs.mit.edu/sites/default/files/person-photos/berger.jpg", "area": "CSAIL, I-BioMed, II-Theory, Big Data, bio-EECS", "url": "http://people.csail.mit.edu/bab/", "title": "Professor of Applied Mathematics and Computer Science ", "phone": "617-252-1827", "email": "bab@csail.mit.edu", "name": "Bonnie A. Berger"},
{"addr": "36-219", "img": "http://www.eecs.mit.edu/sites/default/files/person-photos/berggren_0.jpg", "area": "MTL, RLE, 1-ApplPhysDev, Energy, Nanotech", "url": "http://www.rle.mit.edu/berggren", "title": "Professor of Electrical Engineering", "phone": "(617) 324-0272", "email": "berggren@mit.edu", "name": "Karl Berggren"},
{"addr": "32-G524", "img": "http://www.eecs.mit.edu/sites/default/files/person-photos/berners-lee_1.jpg", "area": "CSAIL, II-Systems", "url": "http://www.csail.mit.edu/user/769", "title": "3COM Founders Professor of Engineering in the MIT School of Engineering, joint with EECS and CSAIL", "phone": "(617) 253-5702", "email": "timbl@w3.org", "name": "Tim Berners-Lee"},
{"addr": "32-D660", "img": "http://www.eecs.mit.edu/sites/default/files/person-photos/bertsekas_0.jpg", "area": "LIDS, I-InfoSys", "url": "http://lids.mit.edu/people/faculty/bertsekas-dimitri.html", "title": "Jerry Mcafee (1940) Professor in Engineering", "phone": "(617) 253-7267", "email": "dimitrib@mit.edu", "name": "Dimitri Bertsekas"},
{"addr": "32-D728", "img": "http://www.eecs.mit.edu/sites/default/files/person-photos/berwick_1.jpg", "area": "LIDS, II-AI, bio-EECS", "url": "http://lids.mit.edu/people/faculty/berwick-robert.html", "title": "Professor of Computer Science and Engineering and Computational Linguistics", "phone": "(617) 253-8918", "email": "berwick@csail.mit.edu", "name": "Robert Berwick"},
{"addr": "76-453", "img": "http://www.eecs.mit.edu/sites/default/files/person-photos/bhatia.png", "area": "MTL, I-BioMed, bio-EECS, Nanotech", "url": "http://lmrt.mit.edu/about.html", "title": "John and Dorothy Wilson Professor of Biochemistry", "phone": "(617) 324-0221", "email": "sbhatia@mit.edu", "name": "Sangeeta Bhatia"},
{"addr": "39-415A", "img": "http://www.eecs.mit.edu/sites/default/files/person-photos/boning_0.jpg", "area": "MTL, 1-ApplPhysDev, Nanotech", "url": "http://mtlweb.mit.edu/~boning/", "title": "Professor of Electrical Engineering and Computer Science", "phone": "(617) 253-0931", "email": "boning@mtl.mit.edu", "name": "Duane Boning"},
{"addr": "36-709", "img": "http://www.eecs.mit.edu/sites/default/files/person-photos/braida_0.jpg", "area": "RLE, I-BioMed, bio-EECS", "url": "http://www.rle.mit.edu/braida", "title": "Henry Ellis Warren (1894) Professor", "phone": "(617) 253-2575", "email": "ldbraida@mit.edu", "name": "Louis Braida"},
{"addr": "32-D672", "img": "http://www.eecs.mit.edu/sites/default/files/person-photos/Bresler_web.jpg", "area": "LIDS, I-InfoSys, Big Data", "url": "http://www.mit.edu/~gbresler/", "title": "Bonnie and Marty (1964) Tenenbaum Career Development Professor", "phone": "(617) 324-1549", "email": "guy@mit.edu", "name": "Guy Bresler"},
{"addr": "32-G498", "img": "http://www.eecs.mit.edu/sites/default/files/person-photos/broderick.jpg", "area": "CSAIL, II-AI, Big Data", "url": "http://people.csail.mit.edu/tbroderick", "title": "Assistant Professor of Electrical Engineering and Computer Science", "phone": "617-324-6749", "email": "tbroderick@csail.mit.edu", "name": "Tamara Broderick"},
{"addr": "n/a", "img": "http://www.eecs.mit.edu/sites/default/files/person-photos/Brooks.jpg", "area": "CSAIL, I-Circuits, II-AI, Robotics", "url": "http://www.csail.mit.edu/user/818", "title": "Panasonic Professor of Robotics, Emeritus", "phone": "n/a", "email": "brooks@csail.mit.edu", "name": "Rodney Brooks"},
{"addr": "13-3138", "img": "http://www.eecs.mit.edu/sites/default/files/person-photos/bulovic_0.jpg", "area": "MTL, RLE, 1-ApplPhysDev, Energy, Nanotech", "url": "http://www.rle.mit.edu/bulovic", "title": "Fariborz Maseeh (1990) Professor in Emerging Technology", "phone": "(617) 253-7012", "email": "bulovic@mit.edu", "name": "Vladimir Bulovic"},
{"addr": "32-G782", "img": "http://www.eecs.mit.edu/sites/default/files/person-photos/Carbin_square.jpg", "area": "CSAIL, II-Systems, Big Data, Cybersecurity, Energy", "url": "http://people.csail.mit.edu/mcarbin/", "title": "Jamieson Career Development Assistant Professor", "phone": "(617) 253-5881", "email": "mcarbin@csail.mit.edu", "name": "Michael Carbin"},
{"addr": "36-545", "img": "http://www.eecs.mit.edu/sites/default/files/person-photos/chan_0.jpg", "area": "RLE, I-InfoSys, 1-ApplPhysDev", "url": "http://www.rle.mit.edu/chan", "title": "Joan and Irwin M. (1957) Jacobs Professor", "phone": "(617) 258-8222", "email": "chan@mit.edu", "name": "Vincent Chan"},
{"addr": "38-403", "img": "http://www.eecs.mit.edu/sites/default/files/person-photos/chandrakasan.png", "area": "MTL, I-Circuits, 1-ApplPhysDev, I-BioMed, Energy, Multicore, Nanotech, Wireless", "url": "http://mtlweb.mit.edu/~anantha/", "title": "Vannevar Bush Professor of Electrical Engineering and Computer Science", "phone": "(617) 253-4601; (617) 258-7619", "email": "anantha@mtl.mit.edu", "name": "Anantha Chandrakasan"},
{"addr": "32-G842", "img": "http://www.eecs.mit.edu/sites/default/files/person-photos/Chlipala_web.jpg", "area": "CSAIL, II-Systems, Cybersecurity", "url": "http://adam.chlipala.net/", "title": "Associate Professor", "phone": "(617) 324-8439", "email": "adamc@csail.mit.edu", "name": "Adam Chlipala"},
{"addr": "26-251", "img": "http://www.eecs.mit.edu/sites/default/files/person-photos/chuang_0.jpg", "area": "RLE, 1-ApplPhysDev, Nanotech", "url": "http://www.rle.mit.edu/chuang", "title": "Professor of Electrical Engineering", "phone": "(617) 253-1692", "email": "ichuang@mit.edu", "name": "Isaac Chuang"},
{"addr": "32-G816", "img": "http://www.eecs.mit.edu/sites/default/files/person-photos/clark_0.jpg", "area": "CSAIL, II-Systems, Connections, Cybersecurity, Wireless", "url": "http://www.csail.mit.edu/user/1526", "title": "Senior Research Scientist", "phone": "(617) 253-6003", "email": "ddc@csail.mit.edu", "name": "David Clark"},
{"addr": "32-G616", "img": "http://www.eecs.mit.edu/sites/default/files/person-photos/corbato_0.jpg", "area": "CSAIL, II-Systems", "url": "http://www.csail.mit.edu/user/1539", "title": "Professor of Computer Science and Engineering Emeritus", "phone": "(617) 253-6001", "email": "corbato@csail.mit.edu", "name": "Fernando Corbat\u00f3"},
{"addr": "32-D734", "img": "http://www.eecs.mit.edu/sites/default/files/person-photos/dahleh_0.jpg", "area": "LIDS, I-InfoSys, Connections", "url": "http://lids.mit.edu/people/faculty/dahleh-munther.html", "title": "William A. Coolidge Professor", "phone": "(617) 253-3892", "email": "dahleh@mit.edu", "name": "Munther Dahleh"},
{"addr": "36-G849", "img": "http://www.eecs.mit.edu/sites/default/files/person-photos/daniel_0.jpg", "area": "RLE, I-InfoSys, I-Circuits, 1-ApplPhysDev, bio-EECS, Nanotech", "url": "http://www.rle.mit.edu/daniel", "title": "Professor", "phone": "(617) 253-2631", "email": "luca@mit.edu", "name": "Luca Daniel"},
{"addr": "32-G694", "img": "http://www.eecs.mit.edu/sites/default/files/person-photos/daskalakis_0.jpg", "area": "CSAIL, II-Theory, Connections", "url": "http://www.csail.mit.edu/user/1825", "title": "X-Window Consortium Professor", "phone": "(617) 253-9643", "email": "costis@csail.mit.edu", "name": "Konstantinos Daskalakis"},
{"addr": "32-237", "img": "http://www.eecs.mit.edu/sites/default/files/person-photos/davis_0.jpg", "area": "CSAIL, II-AI", "url": "http://www.csail.mit.edu/user/805", "title": "Professor of Computer Science and Engineering", "phone": "(617) 253-5879", "email": "davis@csail.mit.edu", "name": "Randall Davis"},
{"addr": "39-567A", "img": "http://www.eecs.mit.edu/sites/default/files/person-photos/del_alamo_0.jpg", "area": "MTL, 1-ApplPhysDev, Nanotech", "url": "http://mtlweb.mit.edu/~alamo/", "title": "Donner Professor ", "phone": "(617) 253-4764", "email": "alamo@mit.edu", "name": "Jes\u00fas del Alamo"},
{"addr": "32-G680", "img": "http://www.eecs.mit.edu/sites/default/files/person-photos/demaine_0.jpg", "area": "CSAIL, II-Theory", "url": "http://www.csail.mit.edu/user/666", "title": "Professor of Computer Science and Engineering", "phone": "(617) 253-6871", "email": "edemaine@mit.edu", "name": "Erik Demaine"},
{"addr": "32-G868", "img": "http://www.eecs.mit.edu/sites/default/files/person-photos/dennis_0.jpg", "area": "CSAIL, II-Systems", "url": "http://www.csail.mit.edu/user/1552", "title": "Professor of Computer Science and Engineering Emeritus", "phone": "(617) 253-6856", "email": "dennis@csail.mit.edu", "name": "Jack Dennis"},
{"addr": "32-G844", "img": "http://www.eecs.mit.edu/sites/default/files/person-photos/devadas_0.jpg", "area": "CSAIL, I-Circuits, II-Systems, Big Data, Cybersecurity, Multicore", "url": "http://www.csail.mit.edu/user/792", "title": "Edwin Sibley Webster Professor of Electrical Engineering", "phone": "(617) 253-0454", "email": "devadas@mit.edu", "name": "Srini Devadas"},
{"addr": "13-3005", "img": "http://www.eecs.mit.edu/sites/default/files/person-photos/dresselhaus_0.jpg", "area": "MTL, 1-ApplPhysDev, Energy, Nanotech", "url": "http://mgm.mit.edu/", "title": "Professor of Electrical Engineering and Physics Emerita, Institute Professor", "phone": "(617) 253-6864", "email": "millie@mgm.mit.edu", "name": "Mildred Dresselhaus"},
{"addr": "32-D426", "img": "http://www.eecs.mit.edu/sites/default/files/person-photos/durand_0.jpg", "area": "CSAIL, II-AI", "url": "http://www.csail.mit.edu/user/1091", "title": "Professor of Computer Science and Engineering", "phone": "(617) 253-7223", "email": "fredo@mit.edu", "name": "Fredo Durand"},
{"addr": "32-868", "img": "http://www.eecs.mit.edu/sites/default/files/person-photos/emer_0.jpg", "area": "CSAIL, II-Systems, Multicore", "url": "http://www.csail.mit.edu/user/1060", "title": "Professor of the Practice", "phone": "(617) 258-9190", "email": "emer@csail.mit.edu", "name": "Joel Emer"},
{"addr": "38-692", "img": "http://www.eecs.mit.edu/sites/default/files/person-photos/Tony_Eng.jpg", "area": "I-Circuits, II-Theory", "url": "", "title": "Senior Lecturer", "phone": "617 253-5868", "email": "tleng@MIT.EDU", "name": "Tony Eng"},
{"addr": "36-591", "img": "http://www.eecs.mit.edu/sites/default/files/person-photos/englund_0.png", "area": "MTL, RLE, 1-ApplPhysDev, Nanotech", "url": "http://qplab.mit.edu/QP/index.php/home", "title": "Jamieson Career Development Assistant Professor of Electrical Engineering and Computer Science ", "phone": "617 324-7014", "email": "englund@mit.edu", "name": "Dirk R. Englund"},
{"addr": "32-G616", "img": "http://www.eecs.mit.edu/sites/default/files/person-photos/fano.jpg", "area": "CSAIL, II-Systems", "url": "http://www.csail.mit.edu/user/688", "title": "Ford Professor of Engineering, Emeritus", "phone": "(617) 253-6021", "email": "fano@csail.mit.edu", "name": "Robert Fano"},
{"addr": "13-3050", "img": "http://www.eecs.mit.edu/sites/default/files/person-photos/fonstad_0.jpg", "area": "MTL, 1-ApplPhysDev, Nanotech", "url": "", "title": "Professor Emeritus", "phone": "(617) 253-4634", "email": "fonstad@mit.edu", "name": "Clifton Fonstad"},
{"addr": "32-D634", "img": "http://www.eecs.mit.edu/sites/default/files/person-photos/forney_0.jpg", "area": "LIDS, I-InfoSys", "url": "http://lids.mit.edu/people/faculty/forney-david.html", "title": "Adjunct Professor of Electrical Engineering", "phone": "(617) 868-4855", "email": "forneyd@comcast.net", "name": "David Forney"},
{"addr": "36-889", "img": "http://www.eecs.mit.edu/sites/default/files/person-photos/freeman_d_0.jpg", "area": "RLE, I-BioMed, bio-EECS, Nanotech", "url": "http://www.rle.mit.edu/freeman", "title": "Professor of Electrical Engineering; MacVicar Faculty Fellow", "phone": "(617) 253-8795", "email": "freeman@mit.edu", "name": "Dennis Freeman"},
{"addr": "32-D476", "img": "http://www.eecs.mit.edu/sites/default/files/person-photos/freeman_w_0.jpg", "area": "CSAIL, II-AI, Big Data", "url": "http://www.csail.mit.edu/user/800", "title": "Thomas and Gerd Perkins Professor of Electrical Engineering and Computer Science", "phone": "(617) 253-8828", "email": "billf@csail.mit.edu", "name": "William Freeman"},
{"addr": "36-361", "img": "http://www.eecs.mit.edu/sites/default/files/person-photos/fujimoto_0.jpg", "area": "RLE, 1-ApplPhysDev, I-BioMed, bio-EECS", "url": "http://www.rle.mit.edu/fujimoto", "title": "Elihu Thomson Professor in Electrical Engineering", "phone": "(617) 253-8528", "email": "jgfuji@mit.edu", "name": "James Fujimoto"},
{"addr": "36-525", "img": "http://www.eecs.mit.edu/sites/default/files/person-photos/gallager_0.jpg", "area": "RLE, I-InfoSys", "url": "http://www.rle.mit.edu/gallager", "title": "Professor of Electrical Engineering, Emeritus", "phone": "(617) 253-2533", "email": "gallager@mit.edu", "name": "Robert Gallager"},
{"addr": "32-G542", "img": "http://www.eecs.mit.edu/sites/default/files/person-photos/gifford_1.jpg", "area": "CSAIL, II-AI, bio-EECS", "url": "http://www.csail.mit.edu/user/989", "title": "Professor of Computer Science and Engineering", "phone": "(617) 253-6039", "email": "dkg@mit.edu", "name": "David Gifford"},
{"addr": "32-G682", "img": "http://www.eecs.mit.edu/sites/default/files/person-photos/goldwasser_0.jpg", "area": "CSAIL, II-Theory, Cybersecurity", "url": "http://www.csail.mit.edu/user/733", "title": "RSA Professor ", "phone": "(617) 253-5914", "email": "shafi@csail.mit.edu", "name": "Shafrira Goldwasser"},
{"addr": "32-D470", "img": "http://www.eecs.mit.edu/sites/default/files/person-photos/golland_0.jpg", "area": "CSAIL, I-InfoSys, I-BioMed, II-AI, bio-EECS", "url": "http://www.csail.mit.edu/user/791", "title": "Professor of Electrical Engineering and Computer Science", "phone": "(617) 253-8005", "email": "polina@csail.mit.edu", "name": "Polina Golland"},
{"addr": "25-519", "img": "http://www.eecs.mit.edu/sites/default/files/person-photos/gray_m_0.jpg", "area": "I-Circuits, 1-ApplPhysDev, I-BioMed, bio-EECS", "url": "http://hst.mit.edu/users/mgraymitedu", "title": "J.W. Kieckhefer Professor of Health Sciences and Technology and Professor of Electrical Engineering and Computer Science, MIT", "phone": "(617) 258-8974", "email": "mgray@mit.edu", "name": "Martha Gray"},
{"addr": "38-344", "img": "http://www.eecs.mit.edu/sites/default/files/person-photos/gray_p_0.jpg", "area": "MTL, I-Circuits", "url": "http://libraries.mit.edu/archives/mithistory/biographies/p-gray.html", "title": "Professor of Electrical Engineering; MIT President Emeritus", "phone": "(617) 253-4665", "email": "pogo@mit.edu", "name": "Paul Gray"},
{"addr": "10-200", "img": "http://www.eecs.mit.edu/sites/default/files/person-photos/grimson.jpg", "area": "CSAIL, II-AI, bio-EECS", "url": "http://www.csail.mit.edu/user/807", "title": "Bernard M. Gordon Professor of Medical Engineering", "phone": "617-253-9742", "email": "welg@mit.edu", "name": "W. Eric L. Grimson"},
{"addr": "47-377", "img": "http://www.eecs.mit.edu/sites/default/files/person-photos/grodzinsky_0.jpg", "area": "1-ApplPhysDev, I-BioMed, bio-EECS", "url": "http://web.mit.edu/continuum/www/", "title": "Professor of Electrical, Mechanical and Biological Engineering; Director, Center for Biomedical Engineering", "phone": "(617) 253-4969", "email": "alg@mit.edu", "name": "Alan Grodzinsky"},
{"addr": "32-G966", "img": "http://www.eecs.mit.edu/sites/default/files/person-photos/guttag_1.jpg", "area": "CSAIL, I-BioMed, II-AI, bio-EECS", "url": "http://www.csail.mit.edu/user/798", "title": "Dugald C. Jackson Professor of Computer Science and Engineering", "phone": "(617) 253-6022", "email": "guttag@mit.edu", "name": "John Guttag"},
{"addr": "36-570", "img": "http://www.eecs.mit.edu/sites/default/files/person-photos/hagelstein_0.jpg", "area": "RLE, 1-ApplPhysDev", "url": "http://www.rle.mit.edu/hagelstein", "title": "Associate Professor of Electrical Engineering", "phone": "(617) 253-0899", "email": "plh@mit.edu", "name": "Peter Hagelstein"},
{"addr": "39-527A", "img": "http://www.eecs.mit.edu/sites/default/files/person-photos/han_r.png", "area": "MTL, I-Circuits, 1-ApplPhysDev, I-BioMed, Wireless", "url": "http://www-mtl.mit.edu/wpmu/han/", "title": "Assistant Professor of Electrical Engineering", "phone": "(617) 324-5281", "email": "ruonan@mit.edu", "name": "Ruonan Han"},
{"addr": "36-841", "img": "http://www.eecs.mit.edu/sites/default/files/person-photos/han_0.jpg", "area": "RLE, 1-ApplPhysDev, I-BioMed, bio-EECS, Energy, Nanotech", "url": "http://www.rle.mit.edu/han", "title": "Professor of Electrical Engineering and Biological Engineering", "phone": "(617) 253-2290", "email": "jyhan@mit.edu", "name": "Jongyoon Han"},
{"addr": "E25-545", "img": "http://www.eecs.mit.edu/sites/default/files/person-photos/Heldt.jpg", "area": "RLE, I-BioMed, bio-EECS", "url": "http://www.rle.mit.edu/people/directory/thomas-heldt/", "title": "Assistant Professor of Electrical and Biomedical Engineering", "phone": "617-324-5005", "email": "thomas@mit.edu", "name": "Thomas Heldt"},
{"addr": "38-497", "img": "http://www.eecs.mit.edu/sites/default/files/person-photos/Hennie.png", "area": "", "url": "", "title": "Professor of Computer Science and Engineering", "phone": "(617) 253-6090", "email": "hennie@eecs.mit.edu", "name": "Frederick Hennie III"},
{"addr": "32-D434", "img": "http://www.eecs.mit.edu/sites/default/files/person-photos/horn_0.jpg", "area": "CSAIL, II-AI", "url": "http://www.csail.mit.edu/user/802", "title": "Professor of Computer Science and Engineering", "phone": "(617) 253-5863", "email": "bkph@mit.edu", "name": "Berthold Horn"},
{"addr": "39-427A", "img": "http://www.eecs.mit.edu/sites/default/files/person-photos/hoyt_0.jpg", "area": "MTL, 1-ApplPhysDev, Nanotech", "url": "http://mtlweb.mit.edu/~jlhoyt/", "title": "Professor of Electrical Engineering; Director, Microsystems Technology Laboratories", "phone": "(617) 452-2873", "email": "jlhoyt@mtl.mit.edu", "name": "Judy Hoyt"},
{"addr": "36-465", "img": "http://www.eecs.mit.edu/sites/default/files/person-photos/hu_0.jpg", "area": "RLE, 1-ApplPhysDev, Nanotech", "url": "http://www.rle.mit.edu/hu", "title": "Distinguished Professor of Electrical Engineering and Computer Science", "phone": "(617) 253-1573", "email": "qhu@mit.edu", "name": "Qing Hu"},
{"addr": "32-G642", "img": "http://www.eecs.mit.edu/sites/default/files/person-photos/indyk_0.jpg", "area": "CSAIL, II-Theory, Big Data", "url": "http://www.csail.mit.edu/user/1540", "title": "Professor of Computer Science and Engineering", "phone": "(617) 452-3402", "email": "indyk@csail.mit.edu", "name": "Piotr Indyk"},
{"addr": "36-319", "img": "http://www.eecs.mit.edu/sites/default/files/person-photos/ippen_0.jpg", "area": "RLE, 1-ApplPhysDev, Nanotech", "url": "http://www.rle.mit.edu/ippen", "title": "Elihu Thomson Professor of Electrical Engineering and Physics", "phone": "(617) 253-8504", "email": "ippen@mit.edu", "name": "Erich Ippen"},
{"addr": "32-G498", "img": "http://www.eecs.mit.edu/sites/default/files/person-photos/jaakkola_0.jpg", "area": "CSAIL, II-AI, Big Data", "url": "http://people.csail.mit.edu/tommi/tommi.html", "title": "Professor of Computer Science and Engineering", "phone": "(617) 253-0440", "email": "tommi@csail.mit.edu", "name": "Tommi Jaakkola"},
{"addr": "32-G704", "img": "http://www.eecs.mit.edu/sites/default/files/person-photos/jackson_d_0.jpg", "area": "CSAIL, II-Systems, Cybersecurity", "url": "http://www.csail.mit.edu/user/727", "title": "Professor of Computer Science and Engineering", "phone": "(617) 258-8471", "email": "dnj@csail.mit.edu", "name": "Daniel Jackson"},
{"addr": "32-D624", "img": "http://www.eecs.mit.edu/sites/default/files/person-photos/jaillet_0.jpg", "area": "LIDS, I-InfoSys, Connections", "url": "http://lids.mit.edu/people/faculty/jaillet-patrick.html", "title": "Dugald C. Jackson Professor of Electrical Engineering and Computer Science, Co-director of the MIT Operations Research Center", "phone": "(617) 452-3379", "email": "jaillet@mit.edu", "name": "Patrick Jaillet"},
{"addr": "32-G472", "img": "http://www.eecs.mit.edu/sites/default/files/person-photos/jegelka.jpg", "area": "CSAIL, II-AI, Big Data", "url": "http://people.csail.mit.edu/stefje", "title": "Assistant Professor", "phone": "(617) 324-6748", "email": "stefje@MIT.EDU", "name": "Stefanie Jegelka"},
{"addr": "32-G992", "img": "http://www.eecs.mit.edu/sites/default/files/person-photos/kaashoek_0.jpg", "area": "CSAIL, II-Systems, Cybersecurity, Multicore", "url": "http://www.csail.mit.edu/user/1525", "title": "Charles A. Piper (1935) Professor ", "phone": "(617) 253-7149", "email": "kaashoek@csail.mit.edu", "name": "M. Frans Kaashoek"},
{"addr": "32-G486", "img": "http://www.eecs.mit.edu/sites/default/files/person-photos/kaelbling_0.jpg", "area": "CSAIL, II-AI, Robotics", "url": "http://www.csail.mit.edu/user/808", "title": "Panasonic Professor ", "phone": "(617) 258-9695", "email": "lpk@csail.mit.edu", "name": "Leslie Kaelbling"},
{"addr": "36-351", "img": "http://www.eecs.mit.edu/sites/default/files/person-photos/kaertner_0.jpg", "area": "RLE, 1-ApplPhysDev, Nanotech", "url": "http://www.rle.mit.edu/kaertner", "title": "Professor of Electrical Engineering", "phone": "(617) 452-3616", "email": "kaertner@mit.edu", "name": "Franz Kaertner"},
{"addr": "32-G592", "img": "http://www.eecs.mit.edu/sites/default/files/person-photos/karger_0.jpg", "area": "CSAIL, II-AI, II-Systems, II-Theory, Big Data, Connections", "url": "http://www.csail.mit.edu/user/1542", "title": "Professor of Computer Science and Engineering", "phone": "(617) 258-6167", "email": "karger@csail.mit.edu", "name": "David Karger"},
{"addr": "10-172", "img": "http://www.eecs.mit.edu/sites/default/files/person-photos/kassakian_0.jpg", "area": "RLE, I-Circuits, 1-ApplPhysDev, Energy, Nanotech", "url": "http://www.rle.mit.edu/kassakian", "title": "Professor of Electrical Engineering", "phone": "(617) 253-3448", "email": "jgk@mit.edu", "name": "John Kassakian"},
{"addr": "32-G936", "img": "http://www.eecs.mit.edu/sites/default/files/person-photos/katabi_0.jpg", "area": "CSAIL, II-Systems, Cybersecurity, Wireless", "url": "http://www.csail.mit.edu/user/687", "title": "Andrew (1956) and Erna Viterbi Professor of Electrical Engineering and Computer Science", "phone": "(617) 324-6027", "email": "dina@csail.mit.edu", "name": "Dina Katabi"},
{"addr": "32-G564", "img": "http://www.eecs.mit.edu/sites/default/files/person-photos/kellis_0.jpg", "area": "CSAIL, II-AI, bio-EECS", "url": "http://www.csail.mit.edu/user/1562", "title": "Professor", "phone": "(617) 253-2419", "email": "manoli@mit.edu", "name": "Manolis Kellis"},
{"addr": "10-098", "img": "http://www.eecs.mit.edu/sites/default/files/person-photos/kirtley_0.jpg", "area": "RLE, I-Circuits, 1-ApplPhysDev, Energy", "url": "http://www.rle.mit.edu/kirtley", "title": "Professor of Electrical Engineering", "phone": "(617) 253-2357", "email": "kirtley@mit.edu", "name": "James Kirtley, Jr."},
{"addr": "36-287", "img": "http://www.eecs.mit.edu/sites/default/files/person-photos/kolodziejski_0.jpg", "area": "RLE, 1-ApplPhysDev, Energy, Nanotech", "url": "http://www.rle.mit.edu/kolodziejski", "title": "Professor of Electrical Engineering; Graduate Officer", "phone": "(617) 253-6868", "email": "leskolo@mit.edu", "name": "Leslie Kolodziejski"},
{"addr": "13-3065", "img": "http://www.eecs.mit.edu/sites/default/files/person-photos/kong_jing_0.jpg", "area": "MTL, RLE, 1-ApplPhysDev, Energy, Nanotech", "url": "http://www.rle.mit.edu/jkong", "title": "Professor of Electrical Engineering", "phone": "(617) 253-4068", "email": "jingkong@mit.edu", "name": "Jing Kong"},
{"addr": "32-G924", "img": "http://www.eecs.mit.edu/sites/default/files/person-photos/lampson_0.jpg", "area": "CSAIL, II-Systems", "url": "http://www.csail.mit.edu/user/1575", "title": "Adjunct Professor of Computer Science and Engineering", "phone": "(425) 703-5925", "email": "blampson@microsoft.com", "name": "Butler Lampson"},
{"addr": "10-176", "img": "http://www.eecs.mit.edu/sites/default/files/person-photos/lang_0.jpg", "area": "MTL, RLE, I-InfoSys, I-Circuits, 1-ApplPhysDev, Energy, Nanotech", "url": "http://www.rle.mit.edu/lang", "title": "Vitesse Professor of Electrical Engineering", "phone": "(617) 253-4687", "email": "lang@mit.edu", "name": "Jeffrey Lang"},
{"addr": "39-553A", "img": "http://www.eecs.mit.edu/sites/default/files/person-photos/lee_0.jpg", "area": "MTL, I-Circuits, 1-ApplPhysDev", "url": "http://www-mtl.mit.edu/researchgroups/hslee/", "title": "Advanced Television and Signal Processing (ATSP) Professor of Electrical Engineering", "phone": "(617) 253-5174", "email": "hslee@mtl.mit.edu", "name": "Hae-Seung Lee"},
{"addr": "10-069", "img": "http://www.eecs.mit.edu/sites/default/files/person-photos/leeb_2.jpg", "area": "RLE, I-Circuits, 1-ApplPhysDev, Energy", "url": "http://www.rle.mit.edu/leeb", "title": "Professor of Electrical and Mechanical Engineering; MacVicar Faculty Fellow", "phone": "(617) 253-9360", "email": "sbleeb@mit.edu", "name": "Steven Leeb"},
{"addr": "32-G768", "img": "http://www.eecs.mit.edu/sites/default/files/person-photos/leiserson_0.jpg", "area": "CSAIL, II-Theory, Multicore", "url": "http://www.csail.mit.edu/user/960", "title": "Edwin Sibley Webster Professor", "phone": "(617) 253-5833", "email": "cel@mit.edu", "name": "Charles Leiserson"},
{"addr": "36-653", "img": "http://www.eecs.mit.edu/sites/default/files/person-photos/lim_0.jpg", "area": "RLE, I-InfoSys", "url": "http://www.rle.mit.edu/lim", "title": "Professor of Electrical Engineering", "phone": "(617) 253-8143", "email": "jslim@mit.edu", "name": "Jae Lim"},
{"addr": "32-G942", "img": "http://www.eecs.mit.edu/sites/default/files/person-photos/liskov_0.jpg", "area": "CSAIL, II-Systems, Cybersecurity", "url": "http://www.csail.mit.edu/user/971", "title": "Insitute Professor", "phone": "(617) 253-5886", "email": "liskov@csail.mit.edu", "name": "Barbara Liskov"},
{"addr": "39-553A", "img": "http://www.eecs.mit.edu/sites/default/files/person-photos/Liu_Web_0.jpg", "area": "MTL, 1-ApplPhysDev, Nanotech", "url": "", "title": "Assistant Professor", "phone": "617-253-0019", "email": "luqiao@mit.edu", "name": "Luqiao Liu"},
{"addr": "32-G608", "img": "http://www.eecs.mit.edu/sites/default/files/person-photos/lo.jpg", "area": "CSAIL, II-AI, Big Data, Connections", "url": "http://www.argentumlux.org/home-42.html", "title": "Charles E. and Susan T. Harris Professor ", "phone": "617 253-0920", "email": "alo@MIT.EDU", "name": "Andrew Lo"},
{"addr": "32-G492", "img": "http://www.eecs.mit.edu/sites/default/files/person-photos/lozano-perez_0.jpg", "area": "CSAIL, II-AI, bio-EECS, Robotics", "url": "http://www.csail.mit.edu/user/810", "title": "School of Engineering Professor in Teaching Excellence", "phone": "(617) 253-7889", "email": "tlp@mit.edu", "name": "Tom\u00e1s Lozano-P\u00e9rez"},
{"addr": "17-438", "img": "http://www.eecs.mit.edu/sites/default/files/person-photos/lu_0.jpg", "area": "RLE, I-BioMed, bio-EECS, Nanotech", "url": "http://www.rle.mit.edu/sbg/", "title": "Associate Professor of Electrical Engineering", "phone": "(617) 715-4808", "email": "timlu@mit.edu", "name": "Timothy Lu"},
{"addr": "32-G938", "img": "http://www.eecs.mit.edu/sites/default/files/person-photos/lynch_1.jpg", "area": "CSAIL, II-Theory, Wireless", "url": "http://www.csail.mit.edu/user/990", "title": "NEC Professor of Software Science and Engineering", "phone": "(617) 253-7225", "email": "lynch@csail.mit.edu", "name": "Nancy Lynch"},
{"addr": "32-G938", "img": "http://www.eecs.mit.edu/sites/default/files/person-photos/madden.jpg", "area": "CSAIL, II-Systems, Big Data, Energy, Wireless", "url": "http://www.csail.mit.edu/user/877", "title": "Professor of Computer Science and Engineering", "phone": "(617) 258-6643", "email": "madden@csail.mit.edu", "name": "Samuel Madden"},
{"addr": "32-G666", "img": "http://www.eecs.mit.edu/sites/default/files/person-photos/madry.jpg", "area": "CSAIL, II-Theory, Big Data", "url": "http://people.csail.mit.edu/madry/", "title": "Assistant Professor of Computer Science", "phone": "(617) 324-6739", "email": "madry@mit.edu", "name": "Aleksander Madry"},
{"addr": "32-G604", "img": "http://www.eecs.mit.edu/sites/default/files/person-photos/magnanti_0.jpg", "area": "CSAIL, I-InfoSys, II-Theory", "url": "http://www.csail.mit.edu/user/1327", "title": "Institute Professor", "phone": "(617) 253-6604", "email": "magnanti@mit.edu", "name": "Thomas Magnanti"},
{"addr": "25-505", "img": "http://www.eecs.mit.edu/sites/default/files/person-photos/mark_0.jpg", "area": "I-BioMed, bio-EECS", "url": "http://lcp.mit.edu/", "title": "Distinguished Professor of Health Sciences and Technology and Electrical Engineering and Computer Science", "phone": "(617) 253-7818", "email": "rgmark@mit.edu", "name": "Roger Mark"},
{"addr": "32-D426", "img": "http://www.eecs.mit.edu/sites/default/files/person-photos/matusik_0.jpg", "area": "CSAIL, II-AI, Robotics", "url": "http://people.csail.mit.edu/wojciech/", "title": "Esther and Harold E. Edgerton Associate Professor", "phone": "(617) 324-8432", "email": "wojciech@csail.mit.edu", "name": "Wojciech Matusik"},
{"addr": "32-D626", "img": "http://www.eecs.mit.edu/sites/default/files/person-photos/medard_1.jpg", "area": "RLE, I-InfoSys, Wireless", "url": "http://www.rle.mit.edu/medard/", "title": "Cecil H. Green Professor of Electrical Engineering and Computer Science", "phone": "(617) 253-3167", "email": "medard@mit.edu", "name": "Muriel M\u00e9dard"},
{"addr": "32-D730", "img": "http://www.eecs.mit.edu/sites/default/files/person-photos/megretski_0.jpg", "area": "LIDS, I-InfoSys", "url": "http://lids.mit.edu/people/faculty/megretski-alex.html", "title": "Professor of Electrical Engineering", "phone": "(617) 253-9828", "email": "ameg@mit.edu", "name": "Alexandre Megretski"},
{"addr": "32-G624", "img": "http://www.eecs.mit.edu/sites/default/files/person-photos/meyer152752_200x205.jpg", "area": "CSAIL, II-Theory", "url": "http://www.csail.mit.edu/user/993", "title": "Hitachi America Professor of Engineering", "phone": "(617) 253-6024", "email": "meyer@csail.mit.edu", "name": "Albert Meyer"},
{"addr": "32-G644", "img": "http://www.eecs.mit.edu/sites/default/files/person-photos/micali_0.jpg", "area": "CSAIL, II-Theory, Connections", "url": "http://www.csail.mit.edu/user/994", "title": "Ford Professor of Computer Science and Engineering; Associate Department Head", "phone": "(617) 253-5949", "email": "silvio@csail.mit.edu", "name": "Silvio Micali"},
{"addr": "32-G718", "img": "http://www.eecs.mit.edu/sites/default/files/person-photos/miller_0.jpg", "area": "CSAIL, II-AI, II-Systems, Big Data, Connections, Cybersecurity", "url": "http://www.csail.mit.edu/user/698", "title": "Professor of Computer Science and Engineering", "phone": "(617) 324-6028", "email": "rcm@mit.edu", "name": "Rob Miller"},
{"addr": "32-D562", "img": "http://www.eecs.mit.edu/sites/default/files/person-photos/mitter_0.jpg", "area": "LIDS, I-InfoSys", "url": "http://lids.mit.edu/people/faculty/mitter-sanjoy.html", "title": "Professor of Electrical Engineering and Engineering Systems", "phone": "(617) 253-2160", "email": "mitter@mit.edu", "name": "Sanjoy Mitter"},
{"addr": "32-G972", "img": "http://www.eecs.mit.edu/sites/default/files/person-photos/morris_0.jpg", "area": "CSAIL, II-Systems, Cybersecurity, Multicore, Wireless", "url": "http://www.csail.mit.edu/user/972", "title": "Professor of Computer Science and Engineering", "phone": "(617) 253-5983", "email": "rtm@csail.mit.edu", "name": "Robert Morris"},
{"addr": "32-249", "img": "http://www.eecs.mit.edu/sites/default/files/person-photos/moses_0.jpg", "area": "CSAIL, II-AI", "url": "http://www.csail.mit.edu/user/1000", "title": "Professor of Computer Science and Engineering and Engineering Systems; Institute Professor", "phone": "(617) 253-8592", "email": "moses@mit.edu", "name": "Joel Moses"},
{"addr": "32-G606", "img": "http://www.eecs.mit.edu/sites/default/files/person-photos/moshkovitz_0.jpg", "area": "CSAIL, II-Theory", "url": "http://people.csail.mit.edu/dmoshkov/", "title": "ITT Career Development Professor in Computer Technology", "phone": "+1 (617) 253-1355", "email": "dana.moshkovitz@gmail.com", "name": "Dana Moshkovitz"},
{"addr": "36-615D", "img": "http://www.eecs.mit.edu/sites/default/files/person-photos/oppenheim_0.jpg", "area": "RLE, I-InfoSys, bio-EECS", "url": "http://www.rle.mit.edu/oppenheim", "title": "Ford Professor of Engineering", "phone": "(617) 253-4177", "email": "avo@mit.edu", "name": "Alan Oppenheim"},
{"addr": "13-3006", "img": "http://www.eecs.mit.edu/sites/default/files/person-photos/orlando_0.jpg", "area": "RLE, 1-ApplPhysDev, Nanotech", "url": "http://www.rle.mit.edu/orlando", "title": "Professor of Electrical Engineering", "phone": "(617) 253-5888", "email": "orlando@mit.edu", "name": "Terry Orlando"},
{"addr": "32-D630", "img": "http://www.eecs.mit.edu/sites/default/files/person-photos/ozdaglar_0.jpg", "area": "LIDS, I-InfoSys, Connections", "url": "http://lids.mit.edu/people/faculty/ozdaglar-asuman.html", "title": "Professor of Electrical Engineering and Computer Science", "phone": "(617) 324-0058", "email": "asuman@mit.edu", "name": "Asuman Ozdaglar"},
{"addr": "39-567B", "img": "http://www.eecs.mit.edu/sites/default/files/person-photos/Palacios.png", "area": "MTL, 1-ApplPhysDev, Energy, Nanotech", "url": "http://web.mit.edu/tpalacios/", "title": "Associate Professor of Electrical Engineering", "phone": "(617) 324-2395", "email": "tpalacios@mit.edu", "name": "Tom\u00e1s Palacios"},
{"addr": "32-D726", "img": "http://www.eecs.mit.edu/sites/default/files/person-photos/parrilo_0.jpg", "area": "LIDS, I-InfoSys, Connections", "url": "http://lids.mit.edu/people/faculty/parrilo-pablo.html", "title": "Professor of Electrical Engineering and Computer Science", "phone": "(617) 324-1542", "email": "parrilo@mit.edu", "name": "Pablo Parrilo"},
{"addr": "36-825", "img": "http://www.eecs.mit.edu/sites/default/files/person-photos/peake_0.jpg", "area": "RLE", "url": "http://www.rle.mit.edu/peake", "title": "Professor of Electrical and Bioengineering, Emeritus", "phone": "(617) 573-3376", "email": "Bill_Peake@meei.harvard.edu", "name": "William Peake"},
{"addr": "32-G780", "img": "http://www.eecs.mit.edu/sites/default/files/person-photos/peh_0.jpg", "area": "CSAIL, I-Circuits, II-Systems, Multicore, Wireless", "url": "http://projects.csail.mit.edu/cgi-bin/wiki/view/LSPgroup/WebHome", "title": "Professor of Electrical Engineering and Computer Science", "phone": "(617) 324-8428", "email": "peh@csail.mit.edu", "name": "Li-Shiuan Peh"},
{"addr": "38-344", "img": "http://www.eecs.mit.edu/sites/default/files/person-photos/penfield.jpg", "area": "MTL, I-Circuits", "url": "http://www-mtl.mit.edu/~penfield/", "title": "Professor of Electrical Engineering, Emeritus", "phone": "(617) 253-2506", "email": "penfield@mit.edu", "name": "Paul Penfield, Jr."},
{"addr": "10-039", "img": "http://www.eecs.mit.edu/sites/default/files/person-photos/perreault_0.jpg", "area": "MTL, RLE, I-Circuits, 1-ApplPhysDev, Energy", "url": "http://www.rle.mit.edu/perreault", "title": "Professor of Electrical Engineering", "phone": "(617) 258-6038", "email": "djperrea@mit.edu", "name": "David Perreault"},
{"addr": "32-D668", "img": "http://www.eecs.mit.edu/sites/default/files/person-photos/polyanskiy_0.jpg", "area": "LIDS, I-InfoSys, Wireless", "url": "http://people.lids.mit.edu/yp/homepage/", "title": "Robert J. Shillman (1974) Career Development Assistant Professor of Electrical Engineering and Computer Science", "phone": "(617) 324-0047", "email": "yp@mit.edu", "name": "Yury Polyanskiy"},
{"addr": "36-491", "img": "http://www.eecs.mit.edu/sites/default/files/person-photos/ram_0.jpg", "area": "RLE, 1-ApplPhysDev, bio-EECS, Energy, Nanotech", "url": "http://www.rle.mit.edu/ram", "title": "Professor of Electrical Engineering; Associate Director, Research Laboratory of Electronics", "phone": "(617) 253-4182", "email": "rajeev@mit.edu", "name": "Rajeev Ram"},
{"addr": "3-208", "img": "http://www.eecs.mit.edu/sites/default/files/person-photos/reif_0.jpg", "area": "MTL, 1-ApplPhysDev, Nanotech", "url": "http://president.mit.edu/", "title": "Professor of Electrical Engineering  ", "phone": "(617) 253-0148", "email": "reif@mit.edu", "name": "L. Rafael Reif"},
{"addr": "32-G744", "img": "http://www.eecs.mit.edu/sites/default/files/person-photos/rinard_0.jpg", "area": "CSAIL, II-Systems, Cybersecurity", "url": "http://www.csail.mit.edu/user/724", "title": "Professor of Computer Science and Engineering", "phone": "(617) 258-6922", "email": "rinard@csail.mit.edu", "name": "Martin Rinard"},
{"addr": "32-G692", "img": "http://www.eecs.mit.edu/sites/default/files/person-photos/rivest_0.jpg", "area": "CSAIL, II-Theory, Cybersecurity", "url": "http://www.csail.mit.edu/user/1294", "title": "Vannevar Bush Professor", "phone": "(617) 253-5880", "email": "rivest@mit.edu", "name": "Ronald Rivest"},
{"addr": "38-587", "img": "http://www.eecs.mit.edu/sites/default/files/person-photos/rubinfeld.jpg", "area": "CSAIL, II-Theory, Big Data", "url": "http://www.csail.mit.edu/user/896", "title": "Professor of Computer Science and Engineering", "phone": "(617) 253-6090", "email": "ronitt@csail.mit.edu", "name": "Ronitt Rubinfeld"},
{"addr": "32-374", "img": "http://www.eecs.mit.edu/sites/default/files/person-photos/rus_0.jpg", "area": "CSAIL, II-AI, Robotics, Wireless", "url": "http://www.csail.mit.edu/user/876", "title": "Andrew (1956) and Erna Viterbi Professor ", "phone": "(617) 258-7567", "email": "rus@csail.mit.edu", "name": "Daniela Rus"},
{"addr": "32-G838", "img": "http://www.eecs.mit.edu/sites/default/files/person-photos/sanchez.jpg", "area": "CSAIL, II-Systems, Big Data, Multicore", "url": "http://www.csail.mit.edu/user/2990", "title": "TIBCO Founders Professor", "phone": "(617) 715-4886", "email": "sanchez@csail.mit.edu", "name": "Daniel Sanchez"},
{"addr": "10-140H", "img": "http://www.eecs.mit.edu/sites/default/files/person-photos/schindall_0.jpg", "area": "RLE, I-Circuits, Energy, Nanotech", "url": "http://lees.mit.edu/lees/schindall_j.htm", "title": "Bernard M. Gordon Professor of the Practice", "phone": "(617) 253-3934", "email": "joels@mit.edu", "name": "Joel Schindall"},
{"addr": "3-240", "img": "http://www.eecs.mit.edu/sites/default/files/person-photos/schmidt_0.jpg", "area": "MTL, 1-ApplPhysDev, bio-EECS, Nanotech", "url": "http://web.mit.edu/maschmid/index.html", "title": "Professor of Electrical Engineering ", "phone": "(617) 253-7817", "email": "schmidt@mtl.mit.edu", "name": "Martin A. Schmidt"},
{"addr": "32-D670", "img": "http://www.eecs.mit.edu/sites/default/files/person-photos/shah_0.jpg", "area": "LIDS, I-InfoSys, II-AI, Connections, Robotics, Wireless", "url": "http://lids.mit.edu/people/faculty/shah-devavrat.html", "title": "Associate Professor of Electrical Engineering and Computer Science", "phone": "(617) 253-4670", "email": "devavrat@mit.edu", "name": "Devavrat Shah"},
{"addr": "36-517", "img": "http://www.eecs.mit.edu/sites/default/files/person-photos/shapiro_0.jpg", "area": "RLE, I-InfoSys, I-Circuits, 1-ApplPhysDev, Nanotech", "url": "http://www.rle.mit.edu/shapiro", "title": "Julius A. Stratton Professor of Electrical Engineering and Physics", "phone": "(617) 253-4179", "email": "jhs@mit.edu", "name": "Jeffrey Shapiro"},
{"addr": "32-G622", "img": "http://www.eecs.mit.edu/sites/default/files/person-photos/shavit_0.jpg", "area": "CSAIL, II-Theory", "url": "http://www.cs.tau.ac.il/~shanir/", "title": "Professor of Electrical Engineering and Computer Science", "phone": "(617)  324-8440", "email": "shanir@csail.mit.edu", "name": "Nir Shavit"},
{"addr": "36-225", "img": "http://www.eecs.mit.edu/sites/default/files/person-photos/smith_h_0.jpg", "area": "RLE, 1-ApplPhysDev, Nanotech", "url": "http://www.rle.mit.edu/smith", "title": "Professor of Electrical Engineering", "phone": "(617) 253-6865", "email": "hismith@mit.edu", "name": "Henry Smith"},
{"addr": "39-527B", "img": "http://www.eecs.mit.edu/sites/default/files/person-photos/sodini_0.jpg", "area": "MTL, I-Circuits, 1-ApplPhysDev, I-BioMed, Wireless", "url": "http://www-mtl.mit.edu/researchgroups/sodini/", "title": "Clarence J. LeBel Professor of Electrical Engineering", "phone": "(617) 253-4938", "email": "sodini@mit.edu", "name": "Charles Sodini"},
{"addr": "32-G840", "img": "http://www.eecs.mit.edu/sites/default/files/person-photos/solar-lezama_0.jpg", "area": "CSAIL, II-Systems, Multicore", "url": "http://www.csail.mit.edu/user/1792", "title": "Assistant Professor", "phone": "(617) 324-8356", "email": "asolar@csail.mit.edu", "name": "Armando Solar-Lezama"},
{"addr": "32-G916", "img": "http://www.eecs.mit.edu/sites/default/files/person-photos/stonebraker_0.jpg", "area": "CSAIL, II-Systems, Big Data", "url": "http://www.csail.mit.edu/user/1547", "title": "Adjunct Professor of Computer Science and Engineering", "phone": "(617) 253-3538", "email": "stonebraker@csail.mit.edu", "name": "Michael Stonebraker"},
{"addr": "36-796", "img": "http://www.eecs.mit.edu/sites/default/files/person-photos/stultz_0.jpg", "area": "RLE, I-BioMed, bio-EECS", "url": "http://www.rle.mit.edu/stultz", "title": "Professor in Biomedical Engineering", "phone": "(617) 253-4961", "email": "cmstultz@mit.edu", "name": "Collin Stultz"},
{"addr": "32-385", "img": "http://www.eecs.mit.edu/sites/default/files/person-photos/sussman_0.jpg", "area": "CSAIL, II-AI, bio-EECS, Connections", "url": "http://www.csail.mit.edu/user/1512", "title": "Panasonic Professor ", "phone": "(617) 253-5874", "email": "gjs@mit.edu", "name": "Gerald Sussman"},
{"addr": "38-260", "img": "http://www.eecs.mit.edu/sites/default/files/person-photos/sze.jpg", "area": "MTL, RLE, I-InfoSys, I-Circuits, II-AI, II-Systems, Big Data, Energy, Wireless", "url": "http://www.rle.mit.edu/people/directory/vivienne-sze/", "title": "Emanuel E. Landsman (1958) Career Development Professor", "phone": "617.324.7352", "email": "sze@mit.edu", "name": "Vivienne Sze"},
{"addr": "32-254", "img": "http://www.eecs.mit.edu/sites/default/files/person-photos/szolovits_0.jpg", "area": "CSAIL, I-BioMed, II-AI, bio-EECS", "url": "http://www.csail.mit.edu/user/1513", "title": "Professor of Computer Science and Engineering and Health Sciences and Technology", "phone": "(617) 253-3476", "email": "psz@mit.edu", "name": "Peter Szolovits"},
{"addr": "32-380B", "img": "http://www.eecs.mit.edu/sites/default/files/person-photos/tedrake_1.jpg", "area": "CSAIL, II-AI, Robotics", "url": "http://www.csail.mit.edu/user/833", "title": "Associate Professor of Computer Science and Engineering", "phone": "(617) 253-1778 or (617) 297-ROBOT", "email": "russt@csail.mit.edu", "name": "Russell Tedrake"},
{"addr": "32-G790", "img": "http://www.eecs.mit.edu/sites/default/files/person-photos/terman_0.jpg", "area": "CSAIL, I-Circuits, II-Systems, Big Data", "url": "http://www.csail.mit.edu/user/660", "title": "Senior Lecturer", "phone": "(617) 253-6038", "email": "cjt@csail.mit.edu", "name": "Christopher Terman"},
{"addr": "32-212", "img": "http://www.eecs.mit.edu/sites/default/files/person-photos/tidor_0.jpg", "area": "CSAIL, I-BioMed, II-AI, bio-EECS, Nanotech", "url": "http://www.csail.mit.edu/user/801", "title": "Professor of Electrical Engineering and Computer Science, and Biological Engineering", "phone": "(617) 253-7258", "email": "tidor@mit.edu", "name": "Bruce Tidor"},
{"addr": "32D-462", "img": "http://www.eecs.mit.edu/sites/default/files/person-photos/torralba_0.jpg", "area": "CSAIL, II-AI, Big Data", "url": "http://www.csail.mit.edu/user/793", "title": "Associate Professor", "phone": "(617) 253-7258", "email": "torralba@csail.mit.edu", "name": "Antonio Torralba"},
{"addr": "32-D662", "img": "http://www.eecs.mit.edu/sites/default/files/person-photos/tsitsiklis_0.jpg", "area": "LIDS, I-InfoSys, Connections", "url": "http://lids.mit.edu/people/faculty/tsitsiklis-john.html", "title": "Clarence Joseph LeBel Professor of Electrical Engineering and Computer Science; Associate Director of the Laboratory for Information and Decision Systems, LIDS", "phone": "(617) 253-6175", "email": "jnt@mit.edu", "name": "John Tsitsiklis"},
{"addr": "32-D634", "img": "http://www.eecs.mit.edu/sites/default/files/person-photos/Uhler_web_0.jpg", "area": "LIDS, I-InfoSys, Big Data, bio-EECS", "url": "http://bit.ly/1md4RMZ", "title": "Henry L. & Grace Doherty Assistant Professor, Ocean Utilization; Assistant Professor, Electrical Engineering and Computer Science", "phone": "(617) 253-4181", "email": "cuhler@mit.edu", "name": "Caroline Uhler"},
{"addr": "32-G696", "img": "http://www.eecs.mit.edu/sites/default/files/person-photos/vaikuntanathan_0.jpg", "area": "CSAIL, II-Theory, Cybersecurity", "url": "http://people.csail.mit.edu/vinodv/", "title": "Steven and Renee Finn Career Development Professor", "phone": "(617) 324-8444", "email": "vinodv@csail.mit.edu", "name": "Vinod Vaikuntanathan"},
{"addr": "10-140K", "img": "http://www.eecs.mit.edu/sites/default/files/person-photos/verghese_0.jpg", "area": "RLE, I-InfoSys, I-Circuits, 1-ApplPhysDev, I-BioMed, bio-EECS", "url": "http://www.rle.mit.edu/verghese", "title": "Henry Ellis Warren (1894) Professor", "phone": "(617) 253-4612", "email": "verghese@mit.edu", "name": "George Verghese"},
{"addr": "36-824", "img": "http://www.eecs.mit.edu/sites/default/files/person-photos/voldman_0.jpg", "area": "RLE, 1-ApplPhysDev, I-BioMed, bio-EECS, Nanotech", "url": "http://www.rle.mit.edu/voldman", "title": "Professor of Electrical Engineering; Co-director, Medical Electronic Device Realization Center (MEDRC)", "phone": "(617) 253-2094", "email": "voldman@mit.edu", "name": "Joel Voldman"},
{"addr": "32-G786", "img": "http://www.eecs.mit.edu/sites/default/files/person-photos/ward_0.jpg", "area": "CSAIL, II-Systems, Multicore", "url": "http://www.csail.mit.edu/user/1517", "title": "Professor of Computer Science and Engineering", "phone": "(617) 253-2094", "email": "ward@mit.edu", "name": "Stephen Ward"},
{"addr": "13-3102", "img": "http://www.eecs.mit.edu/sites/default/files/person-photos/warde_0.jpg", "area": "MTL, 1-ApplPhysDev", "url": "http://bit.ly/1R1UpFc", "title": "Professor of Electrical Engineering", "phone": "(617) 253-6858", "email": "warde@mit.edu", "name": "Cardinal Warde"},
{"addr": "26-349", "img": "http://www.eecs.mit.edu/sites/default/files/person-photos/watts_0.jpg", "area": "RLE, 1-ApplPhysDev", "url": "http://www.rle.mit.edu/watts", "title": " KDD Career Development Professor in Communications and Technology", "phone": "(617) 253-3073", "email": "mwatts@mit.edu", "name": "Michael Watts"},
{"addr": "39-553a", "img": "http://www.eecs.mit.edu/sites/default/files/person-photos/weinstein.jpg", "area": "MTL, I-InfoSys, 1-ApplPhysDev", "url": "http://hybrid.mit.edu/", "title": " Associate Professor of electrical engineering", "phone": "(617) 253-8930", "email": "dana@mtl.mit.edu", "name": "Dana Weinstein"},
{"addr": "47-223", "img": "http://www.eecs.mit.edu/sites/default/files/person-photos/weiss_0.jpg", "area": "CSAIL, I-BioMed, II-AI, bio-EECS", "url": "http://people.csail.mit.edu/rweiss/", "title": "Professor", "phone": "(617) 253-8966; (617) 715-4150", "email": "rweiss@mit.edu", "name": "Ron Weiss"},
{"addr": "36-825", "img": "http://www.eecs.mit.edu/sites/default/files/person-photos/TomWeiss.jpg", "area": "RLE, I-BioMed, bio-EECS", "url": "", "title": "Professor of Electrical and Bioengineering, Emeritus", "phone": "617 969-1474", "email": "tfweiss@mit.edu", "name": "Thomas F. Weiss"},
{"addr": "36-817", "img": "http://www.eecs.mit.edu/sites/default/files/person-photos/white_0.jpg", "area": "RLE, I-InfoSys, I-Circuits, II-Theory, bio-EECS, Nanotech", "url": "http://www.rle.mit.edu/white", "title": "Cecil H. Green Professor of Electrical Engineering", "phone": "(617) 253-2543", "email": "white@mit.edu", "name": "Jacob White"},
{"addr": "32-D582", "img": "http://www.eecs.mit.edu/sites/default/files/person-photos/willsky_0.jpg", "area": "CSAIL, LIDS, I-InfoSys, II-AI", "url": "http://lids.mit.edu/people/faculty/willsky-alan.html", "title": "Edwin Sibley Webster Professor of Electrical Engineering; Director, Laboratory for Information and Decision Systems, LIDS", "phone": "(617) 253-2356", "email": "willsky@mit.edu", "name": "Alan Willsky"},
{"addr": "4-205", "img": "http://www.eecs.mit.edu/sites/default/files/person-photos/wilson_0.jpg", "area": "", "url": "http://meche.mit.edu/people/faculty/index.html?id=99", "title": "Professor of Electrical and    Mechanical Engineering, Emeritus", "phone": "(617) 253-2356", "email": "glwilson@mit.edu", "name": "Gerald Wilson"},
{"addr": "32-251", "img": "http://www.eecs.mit.edu/sites/default/files/person-photos/winston_1.jpg", "area": "CSAIL, II-AI", "url": "http://www.csail.mit.edu/user/804", "title": "Ford Professor of Engineering", "phone": "(617) 253-6754", "email": "phw@csail.mit.edu", "name": "Patrick Winston"},
{"addr": "36-677", "img": "http://www.eecs.mit.edu/sites/default/files/person-photos/wornell_0.jpg", "area": "RLE, I-InfoSys, bio-EECS, Wireless", "url": "http://www.rle.mit.edu/sia", "title": "Sumitomo Professor of Engineering", "phone": "(617) 253-3513", "email": "gww@mit.edu", "name": "Gregory Wornell"},
{"addr": "36-834", "img": "http://www.eecs.mit.edu/sites/default/files/person-photos/yanik_0.jpg", "area": "RLE, 1-ApplPhysDev, I-BioMed, bio-EECS, Nanotech", "url": "http://www.rle.mit.edu/yanik", "title": "Associate Professor of Electrical Engineering", "phone": "(617) 253-1583", "email": "yanik@mit.edu", "name": "Mehmet Fatih Yanik"},
{"addr": "32-G996", "img": "http://www.eecs.mit.edu/sites/default/files/person-photos/zaharia.jpg", "area": "CSAIL, II-Systems, Big Data", "url": "http://people.csail.mit.edu/matei", "title": "Douglas Ross (1954) Career Development Professor of Software Technology", "phone": "(617) 253-0004", "email": "matei@mit.edu", "name": "Matei Zaharia"},
{"addr": "10-174", "img": "http://www.eecs.mit.edu/sites/default/files/person-photos/zahn_0.jpg", "area": "RLE, 1-ApplPhysDev, Nanotech", "url": "http://www.rle.mit.edu/zahn", "title": "Thomas and Gerd Perkins Professor of Electrical Engineering", "phone": "(617) 253-4688", "email": "zahn@mit.edu", "name": "Markus Zahn"},
{"addr": "32-G994", "img": "http://www.eecs.mit.edu/sites/default/files/person-photos/zeldovich_0.jpg", "area": "CSAIL, II-Systems, Big Data, Cybersecurity, Multicore, Wireless", "url": "http://people.csail.mit.edu/nickolai/", "title": "Associate Professor", "phone": "(617) 253-6005", "email": "nickolai@csail.mit.edu", "name": "Nickolai Zeldovich"},
{"addr": "36-660", "img": "http://www.eecs.mit.edu/sites/default/files/person-photos/zheng.jpg", "area": "RLE, I-InfoSys, Wireless", "url": "http://www.rle.mit.edu/zheng", "title": "Professor of Electrical Engineering", "phone": "(617) 452-2941", "email": "lizhong@mit.edu", "name": "Lizhong Zheng"},
{"addr": "32-G470", "img": "http://www.eecs.mit.edu/sites/default/files/person-photos/zue_0.jpg", "area": "CSAIL, I-InfoSys, I-Circuits, II-AI", "url": "http://www.csail.mit.edu/user/1522", "title": "Delta Electronics Professor ", "phone": "(617) 253-8513", "email": "zue@csail.mit.edu", "name": "Victor Zue"}]