[{"name": "Anasse Bari", "img": "http://www.cs.nyu.edu/media/faculty_photos/Bari_16-0015_0795_250x250.jpg", "title": "Clinical Assistant Professor of Computer Science", "url": "http://cs.nyu.edu/~abari/", "area": "Predictive Analytics, Machine Learning, Biologically Inspired Knowledge Discovery, and Data Science", "email": " abari at cs.nyu.edu "},
{"name": "Clark  Barrett", "img": "http://www.cs.nyu.edu/media/faculty_photos/Barrett_250x250.jpg", "title": "Associate Professor of Computer Science", "url": "http://cs.nyu.edu/~barrett/", "area": "Propositional satisfiability (SAT), satisfiability modulo theories (SMT), automated deduction and applied logic, proof-producing algorithms, formal and semi-formal verification of hardware and software, and combining verification systems.", "email": " barrett at cs.nyu.edu "},
{"name": "Marsha Berger", "img": "http://www.cs.nyu.edu/media/faculty_photos/Berger_16-0015_0251_250x250.jpg", "title": "Silver Professor of Computer Science and Mathematics", "url": "http://cs.nyu.edu/~berger/", "area": "Computational fluid dynamics, adaptive methods, and parallel scientific computing.", "email": " berger at cs.nyu.edu "},
{"name": "Amos Bloomberg", "img": "http://www.cs.nyu.edu/media/faculty_photos/Bloomberg_250x250.jpg", "title": "Clinical Assistant Professor of Computer Science", "url": "http://cs.nyu.edu/~amos", "area": "", "email": " amos at cs.nyu.edu "},
{"name": "Richard Bonneau", "img": "http://www.cs.nyu.edu/media/faculty_photos/Bonneau_250x250.jpg", "title": "Associate Professor of Biology and Computer Science", "url": "http://cs.nyu.edu/~bonneau/", "area": "Algorithms for learning regulatory networks/biological control, computational structural biology, and systems-biology.", "email": " rb133 at nyu.edu "},
{"name": "Kyunghyun Cho", "img": "http://www.cs.nyu.edu/media/faculty_photos/Cho_16-0015_1000_250x250.jpg", "title": "Assistant Professor of Computer Science", "url": "http://kyunghyuncho.me/", "area": "Machine learning, natural languages, machine translation, artificial intelligence", "email": " kyunghyun.cho at nyu.edu "},
{"name": "Joshua Clayton", "img": "http://www.cs.nyu.edu/media/faculty_photos/Clayton_16-0015_0908_250x250.jpg", "title": "Clinical Assistant Professor of Computer Science", "url": "http://cs.nyu.edu/cs/faculty/clayton/", "area": "", "email": " jclayton at cs.nyu.edu "},
{"name": "Richard  Cole", "img": "http://www.cs.nyu.edu/media/faculty_photos/Cole_16-0015_1415_250x250.jpg", "title": "Silver Professor of Computer Science", "url": "http://cs.nyu.edu/cs/faculty/cole/", "area": "Algorithmics, algorithmic economics and game theory, algorithms in nature and society.", "email": " cole at cs.nyu.edu "},
{"name": "Patrick  Cousot", "img": "http://www.cs.nyu.edu/media/faculty_photos/Cousot_16-0015_1348_250x250.jpg", "title": "Silver Professor of Computer Science", "url": "http://cs.nyu.edu/~pcousot/", "area": "Abstract interpretation, semantics, verifcation, and static analysis.", "email": " pcousot at cs.nyu.edu "},
{"name": "Ernest Davis", "img": "http://www.cs.nyu.edu/media/faculty_photos/Davis_16-0015_0748_250x250.jpg", "title": "Professor of Computer Science", "url": "http://cs.nyu.edu/cs/faculty/davise/", "area": "Artificial intelligence, knowledge representation, and automated commonsense reasoning.", "email": " davise at cs.nyu.edu "},
{"name": "Yevgeniy Dodis", "img": "http://www.cs.nyu.edu/media/faculty_photos/Dodis_16-0015_1192_250x250.jpg", "title": "Professor of Computer Science", "url": "http://cs.nyu.edu/~dodis/", "area": "Cryptography, security, information theory, complexity theory, algorithms.", "email": " dodis at cs.nyu.edu "},
{"name": "Deena Engel", "img": "http://www.cs.nyu.edu/media/faculty_photos/Engel_16-0015_0870_250x250.jpg", "title": "Clinical Professor of Computer Science", "url": "http://cs.nyu.edu/~deena/", "area": "", "email": " deena at cs.nyu.edu "},
{"name": "Rob Fergus", "img": "http://www.cs.nyu.edu/media/faculty_photos/Fergus_16-0015_1004.jpg", "title": "Associate Professor of Computer Science", "url": "http://cs.nyu.edu/~fergus/", "area": "Computer vision and computational photography.", "email": " fergus at cs.nyu.edu "},
{"name": "Jean-Claude Franchitti", "img": "http://www.cs.nyu.edu/media/faculty_photos/Franchitti_250x250.jpg", "title": "Clinical Associate Professor of Computer Science", "url": "http://cs.nyu.edu/~jcf/", "area": "", "email": " jcf at cs.nyu.edu "},
{"name": "Davi Geiger", "img": "http://www.cs.nyu.edu/media/faculty_photos/Geiger_16-0015_0112_250x250.jpg", "title": "Associate Professor of Computer Science and Neural Science", "url": "http://cs.nyu.edu/cs/faculty/geiger/", "area": "Computer Vision and Learning, with recent interest in the use of Group and Quantum methods.", "email": " geiger at cs.nyu.edu "},
{"name": "Benjamin Goldberg", "img": "http://www.cs.nyu.edu/media/faculty_photos/Goldberg_250x250.jpg", "title": "Associate Professor of Computer Science", "url": "http://cs.nyu.edu/cs/faculty/goldberg/", "area": "Design and implementation of programming languages, compiler verification, and compiler optimizations.", "email": " goldberg at cs.nyu.edu "},
{"name": "Allan Gottlieb", "img": "http://www.cs.nyu.edu/media/faculty_photos/Gottlieb_16-0015_0163_250x250.jpg", "title": "Professor of Computer Science", "url": "http://cs.nyu.edu/~gottlieb/", "area": "Parallel computing, computer architecture, operating systems, distributed systems, and free software.", "email": " gottlieb at cs.nyu.edu "},
{"name": "Ralph Grishman", "img": "http://www.cs.nyu.edu/media/faculty_photos/Grishman_16-0015_1234_250x250.jpg", "title": "Professor of Computer Science", "url": "http://cs.nyu.edu/cs/faculty/grishman/", "area": "Natural language processing.", "email": " grishman at cs.nyu.edu "},
{"name": "Nathan Hull", "img": "http://www.cs.nyu.edu/media/faculty_photos/Hull_16-0015_0212_250x250.jpg", "title": "Clinical Associate Professor of Computer Science", "url": "http://cs.nyu.edu/cs/faculty/hull/", "area": "", "email": " hull at cs.nyu.edu "},
{"name": "Craig Kapp", "img": "http://www.cs.nyu.edu/media/faculty_photos/Kapp_16-0015_0937_250x250.jpg", "title": "Clinical Assistant Professor of Computer Science", "url": "http://cims.nyu.edu/~kapp/", "area": "", "email": " kapp at cs.nyu.edu "},
{"name": "Zvi Kedem", "img": "http://www.cs.nyu.edu/media/faculty_photos/Kedem_16-0015_0426_250x250.jpg", "title": "Professor of Computer Science", "url": "http://cs.nyu.edu/cs/faculty/kedem/", "area": "Algorithmic techniques for designing computer-based systems.", "email": " kedem at cs.nyu.edu "},
{"name": "Subhash Khot", "img": "http://www.cs.nyu.edu/media/faculty_photos/Khot_250x250.jpg", "title": "Professor of Computer Science", "url": "http://cs.nyu.edu/~khot/", "area": "Algorithms, computational complexity, and computational intractability.", "email": " khot at cs.nyu.edu "},
{"name": "Joanna Klukowska", "img": "http://www.cs.nyu.edu/media/faculty_photos/Klukowska_16-0015_0533_250x250.jpg", "title": "Clinical Assistant Professor of Computer Science", "url": "http://cs.nyu.edu/~joannakl/", "area": "", "email": " joannakl at cs.nyu.edu "},
{"name": "Evan Korth", "img": "http://www.cs.nyu.edu/media/faculty_photos/Korth_16-0015_1376_250x250.jpg", "title": "Clinical Professor of Computer Science", "url": "http://cs.nyu.edu/~korth/", "area": "", "email": " korth at cs.nyu.edu "},
{"name": "Yann LeCun", "img": "http://www.cs.nyu.edu/media/faculty_photos/Lecun_16-0015_0310_250x250.jpg", "title": "Silver Professor of Computer Science", "url": "http://yann.lecun.com", "area": "Machine learning, computer vision, autonomous robotics, computational neuroscience, computational statistics, computational economics, hardware architectures for vision, digital libraries, and data compression.", "email": " yann at cs.nyu.edu "},
{"name": "Jinyang Li", "img": "http://www.cs.nyu.edu/media/faculty_photos/Li_16-0015_0086_250x250.jpg", "title": "Associate Professor of Computer Science", "url": "http://cs.nyu.edu/~jinyang/", "area": "Distributed systems, operating systems, wireless networks.", "email": " jinyang at cs.nyu.edu "},
{"name": "Bhubaneswar Mishra", "img": "http://www.cs.nyu.edu/media/faculty_photos/Mishra_16-0015_0263_250x250.jpg", "title": "Professor of Computer Science and Mathematics", "url": "http://cs.nyu.edu/cs/faculty/mishra/", "area": "Bioinformatics, algorithmic algebra, robotics, computational biology, and computational finance.", "email": " mishra at cs.nyu.edu "},
{"name": "Mehryar Mohri", "img": "http://www.cs.nyu.edu/media/faculty_photos/Mohri_16-0015_0666_250x250.jpg", "title": "Professor of Computer Science", "url": "http://cs.nyu.edu/cs/faculty/mohri/", "area": "Machine learning, computational biology, text and speech processing, algorithms, and theory.", "email": " mohri at cs.nyu.edu "},
{"name": "Sana Odeh", "img": "http://www.cs.nyu.edu/media/faculty_photos/Odeh_16-0015_1254_250x250.jpg", "title": "Clinical Associate Professor of Computer Science", "url": "http://cs.nyu.edu/~odeh/", "area": "", "email": " sao1 at nyu.edu "},
{"name": "Michael Overton", "img": "http://www.cs.nyu.edu/media/faculty_photos/Overton_16-0015_0604_250x250.jpg", "title": "Professor of Computer Science and Mathematics", "url": "http://cs.nyu.edu/cs/faculty/overton/", "area": "Numerical analysis, linear algebra, optimization, and mathematical programming.", "email": " overton at cs.nyu.edu "},
{"name": "Daniele Panozzo", "img": "http://www.cs.nyu.edu/media/faculty_photos/Panozzo_250x250.jpg", "title": "Assistant Professor of Computer Science", "url": "http://cs.nyu.edu/~panozzo/", "area": "Geometry Processing, Computer Graphics and Digital Fabrication", "email": " panozzo at cs.nyu.edu "},
{"name": "Kenneth Perlin", "img": "http://www.cs.nyu.edu/media/faculty_photos/Perlin_16-0015_1040_250x250.jpg", "title": "Professor of Computer Science", "url": "http://cs.nyu.edu/~perlin/", "area": "Computer graphics, simulation, computer/human interface, multimedia, and animation.", "email": " perlin at cs.nyu.edu "},
{"name": "Theodore Rappaport", "img": "http://www.cs.nyu.edu/media/faculty_photos/Rappaport_250x250.jpg", "title": "Professor of Computer Science", "url": "http://cs.nyu.edu/~tsr/", "area": "Wireless communication systems and networks, compressed sensing for wireless and video applications, RF/Analog circuit design, antennas and propagation, wireless for medical applications.", "email": " tsr at nyu.edu "},
{"name": "Oded Regev", "img": "http://www.cs.nyu.edu/media/faculty_photos/Regev_16-0015_0376_250x250.jpg", "title": "Professor of Computer Science", "url": "http://www.cims.nyu.edu/~regev/", "area": "Lattice-based cryptography, quantum computation, and mathematical aspects of theoretical computer science.", "email": " regev at cs.nyu.edu "},
{"name": "Dennis  Shasha", "img": "http://www.cs.nyu.edu/media/faculty_photos/Shasha_16-0015_0005_250x250.jpg", "title": "Professor of Computer Science", "url": "http://cs.nyu.edu/cs/faculty/shasha/", "area": "Network inference and protein design for biology, software for searching databases of trees and graphs, outsourcing data while preserving privacy, finding patterns in time series, DNA computing, and puzzles.", "email": " shasha at cs.nyu.edu "},
{"title": "Clinical Assistant Professor of Computer Science", "img": "http://www.cs.nyu.edu/media/faculty_photos/Shepherd_16-0015_0468_250x250.jpg", "email": " shepherd at cs.nyu.edu ", "name": "Randy Shepherd", "area": ""},
{"name": "Victor  Shoup", "img": "http://www.cs.nyu.edu/media/faculty_photos/Shoup_16-0015_0725_250x250.jpg", "title": "Professor of Computer Science", "url": "http://cs.nyu.edu/cs/faculty/shoup/", "area": "Cryptography and algorithms.", "email": " shoup at cs.nyu.edu "},
{"name": "Alan  Siegel", "img": "http://www.cs.nyu.edu/media/faculty_photos/Siegel_16-0015_0819_250x250.jpg", "title": "Associate Professor of Computer Science", "url": "http://cs.nyu.edu/cs/faculty/siegel/", "area": "VLSI design, analysis of algorithms, lower bounds, parallel algorithms, probability, and combinatorial geometry.", "email": " siegel at cs.nyu.edu "},
{"name": "David Sontag", "img": "http://www.cs.nyu.edu/media/faculty_photos/Sontag_16-0015_0144_250x250.jpg", "title": "Assistant Professor of Computer Science", "url": "http://www.cs.nyu.edu/~dsontag/", "area": "Machine learning, graphical models, artificial intelligence", "email": " dsontag at cs.nyu.edu "},
{"name": "Joel Spencer", "img": "http://www.cs.nyu.edu/media/faculty_photos/Spencer_16-0015_1314_250x250.jpg", "title": "Professor of Mathematics and Computer Science", "url": "http://cs.nyu.edu/cs/faculty/spencer/", "area": "Theoretical computer science and discrete mathematics.", "email": " spencer at cs.nyu.edu "},
{"name": "Lakshminarayanan Subramanian", "img": "http://www.cs.nyu.edu/media/faculty_photos/Subramanian_16-0015_0690_250x250.jpg", "title": "Associate Professor of Computer Science", "url": "http://cs.nyu.edu/~lakshmi/", "area": "Networks, distributed systems, computing for development .", "email": " lakshmi at cs.nyu.edu "},
{"name": "Lloyd N. Trefethen", "img": "http://www.cs.nyu.edu/media/faculty_photos/Trefethen_250x250.jpg", "title": "Global Distinguished Professor of Computer Science and Mathematics", "url": "http://cs.nyu.edu/cs/faculty/trefethen/", "area": "", "email": " trefethen at cs.nyu.edu "},
{"name": "Joseph Versoza", "img": "http://www.cs.nyu.edu/media/faculty_photos/Versoza_16-0015_0393_250x250.jpg", "title": "Clinical Assistant Professor of Computer Science", "url": "http://cs.nyu.edu/%7Ejversoza/", "area": "", "email": " jversoza at cs.nyu.edu "},
{"name": "Michael Walfish", "img": "http://www.cs.nyu.edu/media/faculty_photos/Walfish_16-0015_1156_250x250.jpg", "title": "Associate Professor of Computer Science", "url": "http://www.cs.utexas.edu/~mwalfish", "area": "Systems, security, and networks.", "email": " mwalfish at cs.nyu.edu "},
{"name": "Thomas Wies", "img": "http://www.cs.nyu.edu/media/faculty_photos/Wies_16-0015_0573_250x250.jpg", "title": "Assistant Professor of Computer Science", "url": "http://cs.nyu.edu/wies/", "area": "Program analysis and verification; automated deduction; concurrent software; software productivity", "email": " wies at cs.nyu.edu "},
{"name": "Margaret Wright", "img": "http://www.cs.nyu.edu/media/faculty_photos/Wright_250x250.jpg", "title": "Silver Professor of Computer Science and Mathematics", "url": "http://cs.nyu.edu/mhw/", "area": "Optimization, scientific computing, and linear algebra.", "email": " mhw at cs.nyu.edu "},
{"name": "Chee Yap", "img": "http://www.cs.nyu.edu/media/faculty_photos/Yap_16-0015_0061_250x250.jpg", "title": "Professor of Computer Science", "url": "http://cs.nyu.edu/cs/faculty/yap/", "area": "Computational geometry, computer algebra, visualization, algorithmic robotics, complexity theory, and numerical robustness issues and exact computation.", "email": " yap at cs.nyu.edu "},
{"name": "Mohamed Zahran", "img": "http://www.cs.nyu.edu/media/faculty_photos/Zahran_16-0015_0337_250x250.jpg", "title": "Clinical Associate Professor of Computer Science", "url": "http://www.mzahran.com", "area": "Parallel computing, hardware/software interaction, and computer architecture.", "email": " mzahran at cs.nyu.edu "},
{"name": "Denis Zorin", "img": "http://www.cs.nyu.edu/media/faculty_photos/Zorin_16-0015_0510_250x250.jpg", "title": "Professor of Computer Science and Mathematics", "url": "http://cs.nyu.edu/~dzorin/", "area": "Computer graphics, geometric modeling, subdivision surfaces, multiresolution surface representations, fluid and solid simulation, and perceptually based methods for computer graphics.", "email": " dzorin at cs.nyu.edu "}]