[{"name": "RAJ ACHARYA", "img": "www.eecs.psu.edu/dir/photos/ACHARYA-RAJ.jpg", "title": "Professor and Director", "url": "http://www.eecs.psu.edu/departments/directory-detail.aspx?q=RUA1&LandOn=Gen", "area": "Bioinformatics, data mining, networked multimedia computing, disease informatics, multimedia information retrieval, biomedical imaging, fractals, information fusion, visualization.", "email": "acharya@cse.psu.edu"},
{"url": "http://www.eecs.psu.edu/departments/directory-detail.aspx?q=MKA9&LandOn=Gen", "title": "ASSISTANT PROFESSOR", "email": "MKA9@psu.edu", "img": "www.eecs.psu.edu/dir/photos/ALMEKKAWY-MOHAMED.jpg", "name": "MOHAMED ALMEKKAWY"},
{"url": "http://www.eecs.psu.edu/departments/directory-detail.aspx?q=GPA5039&LandOn=Gen", "title": "ASSISTANT PROFESSOR", "email": "gpa5039@psu.edu", "img": "www.eecs.psu.edu/dir/photos/nophoto.jpg", "name": "GUILLAUME AUPY"},
{"name": "KULTEGIN AYDIN", "img": "www.eecs.psu.edu/dir/photos/AYDIN-KULTEGIN.jpg", "title": "DEPARTMENT HEAD AND PROFESSOR", "url": "http://www.eecs.psu.edu/departments/directory-detail.aspx?q=AQX&LandOn=Gen", "area": "Microwave and millimeter wave propagation and scattering in the atmosphere, Radar remote sensing, Radar measurements of clouds and precipitation, Radar meteorology.", "email": "k-aydin@psu.edu"},
{"url": "http://www.eecs.psu.edu/departments/directory-detail.aspx?q=KDB18&LandOn=Gen", "title": "Administrative Support Assistant, Undergraduate Program, Masters of Engineering Program", "email": "KDB18@psu.edu", "img": "www.eecs.psu.edu/dir/photos/nophoto.jpg", "name": "KATELEN BAIR"},
{"name": "JESSE BARLOW", "img": "www.eecs.psu.edu/dir/photos/BARLOW-JESSE.jpg", "title": "PROFESSOR", "url": "http://www.eecs.psu.edu/departments/directory-detail.aspx?q=B58&LandOn=Gen", "area": "Numerical linear algebra, scientific computing, linear algebra in signal and image processing.", "email": "barlow@cse.psu.edu"},
{"name": "PIOTR BERMAN", "img": "www.eecs.psu.edu/dir/photos/nophoto.jpg", "title": "ASSOCIATE PROFESSOR", "url": "http://www.eecs.psu.edu/departments/directory-detail.aspx?q=PXB9&LandOn=Gen", "area": "Computational complexity, approximation algorithms, theory of distributed systems, computational molecular biology.", "email": "berman@cse.psu.edu"},
{"url": "http://www.eecs.psu.edu/departments/directory-detail.aspx?q=LXB50&LandOn=Gen", "title": "INSTRUCTOR", "email": "LXB50@psu.edu", "img": "www.eecs.psu.edu/dir/photos/BILEN-LENNART.jpg", "name": "LENNART BILEN"},
{"name": "SVEN BILEN", "img": "www.eecs.psu.edu/dir/photos/BILEN-SVEN.jpg", "title": "HEAD OF SEDTAPP/PROFESSOR", "url": "http://www.eecs.psu.edu/departments/directory-detail.aspx?q=SGB100&LandOn=Gen", "area": "electrodynamic-tethers; measurements of space plasmas and environments; spacecraft-plasma interactions; plasma diagnostics; engineering design and entrepreneurship; innovative design; software-defined radio; systems", "email": "sbilen@psu.edu"},
{"name": "JAMES BREAKALL", "img": "www.eecs.psu.edu/dir/photos/BREAKALL-JAMES.jpg", "title": "PROFESSOR and APPLIED RESEARCH LAB APPOINTMENT", "url": "http://www.eecs.psu.edu/departments/directory-detail.aspx?q=JKB1&LandOn=Gen", "area": "Antennas, Propagation, Computational EM modeling, Radio engineering, Electromagnetics, Analog.", "email": "jimb@psu.edu"},
{"url": "http://www.eecs.psu.edu/departments/directory-detail.aspx?q=JSB44&LandOn=Gen", "title": "Assistant to Director", "email": "JSB44@psu.edu", "img": "www.eecs.psu.edu/dir/photos/BROWN-JESSICA.jpg", "name": "JESSICA BROWN"},
{"name": "CONNIE BURGER", "img": "www.eecs.psu.edu/dir/photos/nophoto.jpg", "title": "FACILIITIES REPRESENTATIVE", "url": "http://www.eecs.psu.edu/departments/directory-detail.aspx?q=CJD3&LandOn=Gen", "area": "Assistant Facilities Coordinator", "email": "cjbece@engr.psu.edu"},
{"url": "http://www.eecs.psu.edu/departments/directory-detail.aspx?q=VXC12&LandOn=Gen", "title": "ASSISTANT PROFESSOR", "email": "VXC12@psu.edu", "img": "www.eecs.psu.edu/dir/photos/CADAMBE-VIVECK.jpg", "name": "VIVECK CADAMBE"},
{"name": "GUOHONG CAO", "img": "www.eecs.psu.edu/dir/photos/CAO-GUOHONG.jpg", "title": "PROFESSOR", "url": "http://www.eecs.psu.edu/departments/directory-detail.aspx?q=GXC27&LandOn=Gen", "area": "Mobile computing, wireless networks, distributed fault-tolerant computing.", "email": "gxc27@psu.edu"},
{"name": "KYUSUN CHOI", "img": "www.eecs.psu.edu/dir/photos/CHOI-KYUSUN.jpg", "title": "ASSOCIATE PROFESSOR", "url": "http://www.eecs.psu.edu/departments/directory-detail.aspx?q=KXC104&LandOn=Gen", "area": "Mixed-signal VLSI circuit design, RF ASICs, DSP architecture for RF signal, wireless embedded microcontroller.", "email": "kyusun@cse.psu.edu"},
{"name": "ROGER CHRISTMAN", "img": "www.eecs.psu.edu/dir/photos/CHRISTMAN-ROGER.jpg", "title": "INSTRUCTOR", "url": "http://www.eecs.psu.edu/departments/directory-detail.aspx?q=DVL&LandOn=Gen", "area": "System integration, design, and development; imperative language compilation.", "email": "christma@cse.psu.edu"},
{"url": "http://www.eecs.psu.edu/departments/directory-detail.aspx?q=RTC12&LandOn=Gen", "title": "ASSOCIATE PROFESSOR", "email": "rtc12@psu.edu", "img": "www.eecs.psu.edu/dir/photos/COLLINS-ROBERT.jpg", "name": "ROBERT COLLINS"},
{"name": "LEE CORAOR", "img": "www.eecs.psu.edu/dir/photos/nophoto.jpg", "title": "Emeritus Professor", "url": "http://www.eecs.psu.edu/departments/directory-detail.aspx?q=LDC1&LandOn=Gen", "area": "Digital systems, Field programmamble gate arrays, Microprocessor/microcontroller systems, Computer architecture.", "email": "LDC1@psu.edu"},
{"name": "CHITARANJAN DAS", "img": "www.eecs.psu.edu/dir/photos/nophoto.jpg", "title": "DISTINGUISHED PROFESSOR", "url": "http://www.eecs.psu.edu/departments/directory-detail.aspx?q=CXD12&LandOn=Gen", "area": "Computer architecture, parallel and distributed computing, cluster systems, Internet QoS, mobile computing, performance evaluation, fault-tolerant computing, multimedia.", "email": "das@cse.psu.edu"},
{"name": "JOHN DOHERTY", "img": "www.eecs.psu.edu/dir/photos/nophoto.jpg", "title": "PROFESSOR", "url": "http://www.eecs.psu.edu/departments/directory-detail.aspx?q=JFD6&LandOn=Gen", "area": "Communications: Wireless, Spread Spectrum, Sonar, Radar, Compression, Interference Suppression, Equalization; Signal Processing:  Adaptive, Image, Speech, Biomedical, Echo Cancellation.", "email": "jfd6@psu.edu"},
{"name": "JOHN DOMICO", "img": "www.eecs.psu.edu/dir/photos/DOMICO-JOHN.jpg", "title": "MANAGER OF INFORMATION SYSTEMS", "url": "http://www.eecs.psu.edu/departments/directory-detail.aspx?q=JAD230&LandOn=Gen", "area": "Systems planning, System and network administration, Directing technical staff, project management.", "email": "domico@cse.psu.edu"},
{"url": "http://www.eecs.psu.edu/departments/directory-detail.aspx?q=BAE124&LandOn=Gen", "title": "SYSTEMS ADMINISTRATOR", "email": "beinfalt@cse.psu.edu", "img": "www.eecs.psu.edu/dir/photos/nophoto.jpg", "name": "BARBARA EINFALT"},
{"url": "http://www.eecs.psu.edu/departments/directory-detail.aspx?q=MFF5187&LandOn=Gen", "title": "INSTRUCTOR", "email": "MFF5187@psu.edu", "img": "www.eecs.psu.edu/dir/photos/FAROOQUE-MAHFUZA.jpg", "name": "MAHFUZA FAROOQUE"},
{"url": "http://www.eecs.psu.edu/departments/directory-detail.aspx?q=JXF140&LandOn=Gen", "title": "INSTRUCTOR", "email": "JXF140@psu.edu", "img": "www.eecs.psu.edu/dir/photos/nophoto.jpg", "name": "JUNICHIRO FUKUYAMA"},
{"url": "http://www.eecs.psu.edu/departments/directory-detail.aspx?q=fhs&LandOn=Gen", "title": "PROFESSOR", "email": "FHS@psu.edu", "img": "www.eecs.psu.edu/dir/photos/FURER-MARTIN.jpg", "name": "MARTIN FURER"},
{"name": "Chris GIEBINK", "img": "www.eecs.psu.edu/dir/photos/GIEBINK-NOEL.jpg", "title": "ASSISTANT PROFESSOR", "url": "http://www.eecs.psu.edu/departments/directory-detail.aspx?q=NCG2&LandOn=Gen", "area": "Optoelectronics and photonics, organic semiconductors.", "email": "ncg2@psu.edu"},
{"name": "C. Lee Giles", "img": "www.eecs.psu.edu/dir/photos/nophoto.jpg", "title": "David Reese Professor at the College of Information Sciences and Technology", "url": "http://www.eecs.psu.edu/departments/directory-detail.aspx?q=clg20&LandOn=Gen", "area": "His current research and research group interests are in intelligent information processing systems", "email": "clg20@psu.edu"},
{"name": "WEIHUA GUAN", "img": "www.eecs.psu.edu/dir/photos/GUAN-WEIHUA.JPG", "title": "ASSISTANT PROFESSOR", "url": "http://www.eecs.psu.edu/departments/directory-detail.aspx?q=WZG111&LandOn=Gen", "area": "Urban transportation systems; Public transportation; Multimodal traffic operations", "email": "WZG111@psu.edu"},
{"name": "SUMEET GUPTA", "img": "www.eecs.psu.edu/dir/photos/GUPTA-SUMEET.jpg", "title": "Monkowski Assistant Professor", "url": "http://www.eecs.psu.edu/departments/directory-detail.aspx?q=SKG157&LandOn=Gen", "area": "Low-power variation aware VLSI design, spintronics, nano-scale device-circuit modeling.", "email": "SKG157@psu.edu"},
{"url": "http://www.eecs.psu.edu/departments/directory-detail.aspx?q=AJH31&LandOn=Gen", "title": "SYSTEMS ADMINISTRATOR", "email": "ahack@engr.psu.edu", "img": "www.eecs.psu.edu/dir/photos/HACKENBERG-ADAM.jpg", "name": "ADAM HACKENBERG"},
{"name": "SEAN HALLGREN", "img": "www.eecs.psu.edu/dir/photos/HALLGREN-SEAN.jpg", "title": "PROFESSOR", "url": "http://www.eecs.psu.edu/departments/directory-detail.aspx?q=SJH26&LandOn=Gen", "area": "Quantum computation, Theoretical computer science.", "email": "SJH26@PSU.EDU"},
{"name": "JOHN HANNAN", "img": "www.eecs.psu.edu/dir/photos/HANNAN-JOHN.jpg", "title": "Interim Associate Department Head", "url": "http://www.eecs.psu.edu/departments/directory-detail.aspx?q=JJH9&LandOn=Gen", "area": "App Development, Programming language semantics and implementation, Program analysis and verification, Logic and computation, Functional programming.", "email": "hannan@cse.psu.edu"},
{"url": "http://www.eecs.psu.edu/departments/directory-detail.aspx?q=KDH162&LandOn=Gen", "title": "NETWORK SYSTEMS SPECIALIST", "email": "kdh162@cse.psu.edu", "img": "www.eecs.psu.edu/dir/photos/HARTLEY-KEM.jpg", "name": "KEM HARTLEY"},
{"name": "AMY HASAN", "img": "www.eecs.psu.edu/dir/photos/HASAN-AMY.jpg", "title": "ADMINISTRATIVE SUPPORT COORDINATOR", "url": "http://www.eecs.psu.edu/departments/directory-detail.aspx?q=ALH31&LandOn=Gen", "area": "Financial manager, Departmental Human Relations, Research concerns", "email": "ALH31@psu.edu"},
{"name": "DON HELLER", "img": "www.eecs.psu.edu/dir/photos/HELLER-DON.jpg", "title": "EMERITUS PROFESSOR", "url": "http://www.eecs.psu.edu/departments/directory-detail.aspx?q=DEH25&LandOn=Gen", "area": "Numerical Analysis, Parallel Computation, Computer Architecture, Operating Systems (technology-oriented algorithm design and analysis)", "email": "dheller@cse.psu.edu"},
{"url": "http://www.eecs.psu.edu/departments/directory-detail.aspx?q=MAH32&LandOn=Gen", "title": "ADMINISTRATIVE SUPPORT ASSISTANT", "email": "MAH32@psu.edu", "img": "www.eecs.psu.edu/dir/photos/nophoto.jpg", "name": "MARY HENDERSON"},
{"name": "WILLIAM HIGGINS", "img": "www.eecs.psu.edu/dir/photos/HIGGINS-WILLIAM.jpg", "title": "DISTINGUISHED PROFESSOR", "url": "http://www.eecs.psu.edu/departments/directory-detail.aspx?q=WEH2&LandOn=Gen", "area": "3D Medical Image Processing, Virtual Endoscopy, Image Processing, Computer Vision, Visualization", "email": "weh2@psu.edu"},
{"name": "Vasant Honavar", "img": "www.eecs.psu.edu/dir/photos/Honavar-Vasant.jpg", "title": "Professor and Edward Frymoyer Chair of Information Sciences and Technology", "url": "http://www.eecs.psu.edu/departments/directory-detail.aspx?q=vuh11&LandOn=Gen", "area": "Current research and teaching interests include Artificial Intelligence, Machine Learning, Bioinformatics, Big Data Analytics, Computational Molecular Biology, Data Mining, Discovery Informatics, Information Integration, Computational Neuroscience, Neuroinformatics, Knowledge Representation and Inference, Semantic Technologies, Social Informatics, Security Informatics, and Health Informatics.", "email": "vuh14@psu.edu"},
{"url": "http://www.eecs.psu.edu/departments/directory-detail.aspx?q=JJH2&LandOn=Gen", "title": "ADMINISTRATIVE SUPPORT ASSISTANT, GRADUATE PROGRAM", "email": "jjh2@engr.psu.edu", "img": "www.eecs.psu.edu/dir/photos/nophoto.jpg", "name": "JENNIFER HOUSER"},
{"name": "MARY JANE (JANIE) IRWIN", "img": "www.eecs.psu.edu/dir/photos/IRWIN-MARY%20JANE%20(JANIE).jpg", "title": "Robert Knoll Professor of Computer Science and Engineering", "url": "http://www.eecs.psu.edu/departments/directory-detail.aspx?q=MJI&LandOn=Gen", "area": "Computer architecture, VLSI systems design, embedded and mobile computing systems design, electronic design automation", "email": "mji@cse.psu.edu"},
{"name": "THOMAS JACKSON", "img": "www.eecs.psu.edu/dir/photos/JACKSON-THOMAS.jpg", "title": "Robert E. Kirby Chair Professor", "url": "http://www.eecs.psu.edu/departments/directory-detail.aspx?q=TNJ1&LandOn=Gen", "area": "Microfabrication, semiconductor devices, thin film transistors, flexible electronics, device physics, oxide semiconductors, organic electronic devices, display technology, photovoltaic devices, optoelectronic integration", "email": "tnj1@psu.edu"},
{"name": "SHERRYDAWN JACKSON", "img": "www.eecs.psu.edu/dir/photos/JACKSON-SHERRY.jpg", "title": "ADMINISTRATIVE SUPPORT ASSISTANT", "url": "http://www.eecs.psu.edu/departments/directory-detail.aspx?q=SDJ2&LandOn=Gen", "area": "Graduate Program", "email": "SDJ2@psu.edu"},
{"url": "http://www.eecs.psu.edu/departments/directory-detail.aspx?q=TRJ1&LandOn=Gen", "title": "PROFESSOR", "email": "TRJ1@psu.edu", "img": "www.eecs.psu.edu/dir/photos/JAEGER-TRENT.jpg", "name": "TRENT JAEGER"},
{"name": "KENNETH JENKINS", "img": "www.eecs.psu.edu/dir/photos/JENKINS-WILLIAM.jpg", "title": "PROFESSOR", "url": "http://www.eecs.psu.edu/departments/directory-detail.aspx?q=WKJ1&LandOn=Gen", "area": "Digital signal processing algorithms, multidimensional array processing, computer imaging, one and two dimensional adaptive digital filtering, and VLSI architectures for signal processing", "email": "jenkins@engr.psu.edu"},
{"name": "MAHMUT KANDEMIR", "img": "www.eecs.psu.edu/dir/photos/nophoto.jpg", "title": "PROFESSOR", "url": "http://www.eecs.psu.edu/departments/directory-detail.aspx?q=MTK2&LandOn=Gen", "area": "Embedded systems, optimizing compilers, power-aware computing, large-scale data management.", "email": "mtk2@psu.edu"},
{"name": "TIMOTHY KANE", "img": "www.eecs.psu.edu/dir/photos/KANE-TIMOTHY.jpg", "title": "PROFESSOR", "url": "http://www.eecs.psu.edu/departments/directory-detail.aspx?q=TJK7&LandOn=Gen", "area": "Optical Remote Sensing, Laser Radar, Lidar, Atmospheric and Oceanic Dynamics and Chemistry, Space Weather and Science", "email": "tjk7@psu.edu"},
{"name": "MOHSEN KAVEHRAD", "img": "www.eecs.psu.edu/dir/photos/KAVEHRAD-MOHSEN.jpg", "title": "PROFESSOR", "url": "http://www.eecs.psu.edu/departments/directory-detail.aspx?q=MXK40&LandOn=Gen", "area": "Communications & Networking: Wireless, Optical, Signal Theory and Processing", "email": "mkavehrad@psu.edu"},
{"url": "http://www.eecs.psu.edu/departments/directory-detail.aspx?q=BAU1&LandOn=Gen", "title": "ADMINISTRATIVE SUPPORT ASSISTANT, FACILITIES COORDINATOR (IST Building)", "email": "beth@cse.psu.edu", "img": "www.eecs.psu.edu/dir/photos/KENNEDY-BETH.jpg", "name": "BETH KENNEDY"},
{"url": "http://www.eecs.psu.edu/departments/directory-detail.aspx?q=GIK2&LandOn=Gen", "title": "PROFESSOR", "email": "kesidis@engr.psu.edu", "img": "www.eecs.psu.edu/dir/photos/KESIDIS-GEORGE.jpg", "name": "GEORGE KESIDIS"},
{"name": "IAM-CHOON KHOO", "img": "www.eecs.psu.edu/dir/photos/KHOO-IAM-CHOON.jpg", "title": "William E. Leonhard Professor", "url": "http://www.eecs.psu.edu/departments/directory-detail.aspx?q=ICK1&LandOn=Gen", "area": "Liquid crystals, Nonlinear Optics, Electro-Optics, Lasers, eye/sensor protection, optical physics, optical materials", "email": "ick1@psu.edu"},
{"name": "MEHDI KIANI", "img": "www.eecs.psu.edu/dir/photos/KIANI-MEHDI.jpg", "title": "ASSISTANT PROFESSOR", "url": "http://www.eecs.psu.edu/departments/directory-detail.aspx?q=MUK42&LandOn=Gen", "area": "Analog, mixed-signal, RF, and power-management integrated circuits and systems for wireless, biomedical, and sensing/actuating applications", "email": "MUK42@psu.edu"},
{"url": "http://www.eecs.psu.edu/departments/directory-detail.aspx?q=DUK17&LandOn=Gen", "title": "ASSOCIATE PROFESSOR", "email": "dkifer@psu.edu", "img": "www.eecs.psu.edu/dir/photos/nophoto.jpg", "name": "DANIEL KIFER"},
{"name": "CONSTANTINO LAGOA", "img": "www.eecs.psu.edu/dir/photos/LAGOA-CONSTANTINO.jpg", "title": "PROFESSOR", "url": "http://www.eecs.psu.edu/departments/directory-detail.aspx?q=CML18&LandOn=Gen", "area": "Application of probability to robustness analysis and control, robustness analysis and control of nonlinear systems and discrete event dynamical systems, traffic control in computer networks", "email": "lagoa@engr.psu.edu"},
{"name": "THOMAS LAPORTA", "img": "www.eecs.psu.edu/dir/photos/LAPORTA-THOMAS.jpg", "title": "William E. Leonhard Chair Professor", "url": "http://www.eecs.psu.edu/departments/directory-detail.aspx?q=TFL12&LandOn=Gen", "area": "Mobility management, mobile data systems including networks, protocols, and applications, signaling and control for telecommunication networks, security for wireless networks.", "email": "tfl12@psu.edu"},
{"url": "http://www.eecs.psu.edu/departments/directory-detail.aspx?q=JWL11&LandOn=Gen", "title": "Proposal and Award Generalist", "email": "jenny@cse.psu.edu", "img": "www.eecs.psu.edu/dir/photos/LATCHFORD-JENNY.jpg", "name": "JENNY LATCHFORD"},
{"name": "WANG LEE", "img": "www.eecs.psu.edu/dir/photos/LEE-WANG.jpg", "title": "ASSOCIATE PROFESSOR", "url": "http://www.eecs.psu.edu/departments/directory-detail.aspx?q=WUL2&LandOn=Gen", "area": "Pervasive/mobile computing, database systems, security, peer-to-peer systems, wireless networks, internet technologies, telecommunications management network (TMN).", "email": "wlee@cse.psu.edu"},
{"name": "ZHIWEN LIU", "img": "www.eecs.psu.edu/dir/photos/LIU-ZHIWEN.jpg", "title": "PROFESSOR", "url": "http://www.eecs.psu.edu/departments/directory-detail.aspx?q=ZZL1&LandOn=Gen", "area": "Ultrafast optics, imaging, holography", "email": "zliu@psu.edu"},
{"url": "http://www.eecs.psu.edu/departments/directory-detail.aspx?q=YUL11&LandOn=Gen", "title": "PROFESSOR", "email": "YUL11@psu.edu", "img": "www.eecs.psu.edu/dir/photos/nophoto.jpg", "name": "YANXI LIU"},
{"name": "KAMESH MADDURI", "img": "www.eecs.psu.edu/dir/photos/MADDURI-KAMESH.jpg", "title": "ASSISTANT PROFESSOR", "url": "http://www.eecs.psu.edu/departments/directory-detail.aspx?q=KXM85&LandOn=Gen", "area": "Combinatorial scientific computing; scalable scientific data analysis and management; parallel graph algorithms, with applications to computational biology and social network analysis", "email": "madduri@cse.psu.edu"},
{"url": "http://www.eecs.psu.edu/departments/directory-detail.aspx?q=MPM114&LandOn=Gen", "title": "INSTRUCTOR; UNDERGRADUATE ADVISOR", "email": "MPM114@psu.edu", "img": "www.eecs.psu.edu/dir/photos/nophoto.jpg", "name": "MARK MAHON"},
{"name": "JOHN MATHEWS", "img": "www.eecs.psu.edu/dir/photos/MATHEWS-JOHN.jpg", "title": "PROFESSOR", "url": "http://www.eecs.psu.edu/departments/directory-detail.aspx?q=JDM9&LandOn=Gen", "area": "Remote sensing, Space science, Ionospheric/plasma physics, Meteor physics, Planetary astronomy.", "email": "jdm9@psu.edu"},
{"name": "JEFFREY MAYER", "img": "www.eecs.psu.edu/dir/photos/MAYER-JEFFREY.jpg", "title": "ASSOCIATE PROFESSOR", "url": "http://www.eecs.psu.edu/departments/directory-detail.aspx?q=JSM10&LandOn=Gen", "area": "Electromechanical systems", "email": "jsm10@psu.edu"},
{"name": "PATRICK MCDANIEL", "img": "www.eecs.psu.edu/dir/photos/nophoto.jpg", "title": "DISTINGUISHED PROFESSOR", "url": "http://www.eecs.psu.edu/departments/directory-detail.aspx?q=PDM12&LandOn=Gen", "area": "Systems and network security, security policy, networking, distributed systems, public policy, network management, applied cryptography, privacy.", "email": "mcdaniel@cse.psu.edu"},
{"url": "http://www.eecs.psu.edu/departments/directory-detail.aspx?q=pzm11&LandOn=Gen", "title": "ASSISTANT PROFESSOR", "email": "pzm11@psu.edu", "img": "www.eecs.psu.edu/dir/photos/MEDVEDEV-PAUL.jpg", "name": "PAUL MEDVEDEV"},
{"name": "DAVID MILLER", "img": "www.eecs.psu.edu/dir/photos/MILLER-DAVID.jpg", "title": "PROFESSOR", "url": "http://www.eecs.psu.edu/departments/directory-detail.aspx?q=DJM25&LandOn=Gen", "area": "Signal processing", "email": "djm25@psu.edu"},
{"url": "http://www.eecs.psu.edu/departments/directory-detail.aspx?q=CLM39&LandOn=Gen", "title": "ADMINISTRATIVE SUPPORT ASSISTANT", "email": "CLM39@psu.edu", "img": "www.eecs.psu.edu/dir/photos/nophoto.jpg", "name": "CINDY MILLIRON"},
{"name": "Suzanne Mohney", "img": "www.eecs.psu.edu/dir/photos/nophoto.jpg", "title": "Professor of Materials Science", "url": "http://www.eecs.psu.edu/departments/directory-detail.aspx?q=sem2&LandOn=Gen", "area": "Electronic and photonic materials, particularly metals and semiconductors for use in electronic and optoelectronic devices. Mohney is especially interested in the synthesis and processing of thin films and nanostructures, as well as their materials and electrical characterization.", "email": "sem2@psu.edu"},
{"name": "VISHAL MONGA", "img": "www.eecs.psu.edu/dir/photos/MONGA-VISHAL.jpg", "title": "ASSOCIATE PROFESSOR", "url": "http://www.eecs.psu.edu/departments/directory-detail.aspx?q=VUM4&LandOn=Gen", "area": "Convex optimization methods in imaging, image processing and signal/image classification.", "email": "vmonga@engr.psu.edu"},
{"url": "http://www.eecs.psu.edu/departments/directory-detail.aspx?q=MAM973&LandOn=Gen", "title": "SYSTEMS ADMINISTRATOR", "email": "MAM973@psu.edu", "img": "www.eecs.psu.edu/dir/photos/MORGAN-MICHAEL.jpg", "name": "MICHAEL MORGAN"},
{"url": "http://www.eecs.psu.edu/departments/directory-detail.aspx?q=CSM20&LandOn=Gen", "title": "INSTRUCTIONAL DESIGNER", "email": "CSM20@psu.edu", "img": "www.eecs.psu.edu/dir/photos/MURPHY-CATHERINE.jpg", "name": "CATHERINE MURPHY"},
{"name": "RAM NARAYANAN", "img": "www.eecs.psu.edu/dir/photos/NARAYANAN-RAM.jpg", "title": "PROFESSOR", "url": "http://www.eecs.psu.edu/departments/directory-detail.aspx?q=RMN12&LandOn=Gen", "area": "Electromagnetics, microwave engineering, radar systems, communication systems, remote sensing.", "email": "RMN12@psu.edu"},
{"name": "VIJAYKRISHNAN NARAYANAN", "img": "www.eecs.psu.edu/dir/photos/NARAYANAN-VIJAYKRISHNAN.jpg", "title": "DISTINGUISHED PROFESSOR", "url": "http://www.eecs.psu.edu/departments/directory-detail.aspx?q=VXN9&LandOn=Gen", "area": "Energy-aware and reliable systems, soft error testing and protection, embedded Java, nano/VLSI systems, computer architecture.", "email": "vijay@cse.psu.edu"},
{"url": "http://www.eecs.psu.edu/departments/directory-detail.aspx?q=DMN3&LandOn=Gen", "title": "ADMINISTRATIVE SUPPORT ASSISTANT", "email": "DMN3@psu.edu", "img": "www.eecs.psu.edu/dir/photos/NELSON-DAWN.jpg", "name": "DAWN NELSON"},
{"url": "http://www.eecs.psu.edu/departments/directory-detail.aspx?q=ZXN10&LandOn=Gen", "title": "Charles H. Fetter Assistant Professor", "email": "ZXN10@psu.edu", "img": "www.eecs.psu.edu/dir/photos/NI-XINGJIE.jpg", "name": "XINGJIE NI"},
{"name": "VICTOR PASKO", "img": "www.eecs.psu.edu/dir/photos/PASKO-VICTOR.jpg", "title": "Professor and Graduate Program Coordinator", "url": "http://www.eecs.psu.edu/departments/directory-detail.aspx?q=VPP1&LandOn=Gen", "area": "Dr. Pasko's research interests include atmospheric electrodynamics, atmospheric gravity waves, gas discharge phenomena, computational plasma physics and electromagnetics.", "email": "VPASKO@PSU.EDU"},
{"name": "ERIC PRESCOTT", "img": "www.eecs.psu.edu/dir/photos/PRESCOTT-ERIC.jpg", "title": "SENIOR SYSTEMS ANALYST", "url": "http://www.eecs.psu.edu/departments/directory-detail.aspx?q=EDP109&LandOn=Gen", "area": "Operations support, HPC, Linux.", "email": "prescott@cse.psu.edu"},
{"url": "http://www.eecs.psu.edu/departments/directory-detail.aspx?q=SLH9&LandOn=Gen", "title": "ASSISTANT PROFESSOR", "email": "quick@cse.psu.edu", "img": "www.eecs.psu.edu/dir/photos/QUICK-SUSAN.jpg", "name": "SUSAN QUICK"},
{"name": "SOFYA RASKHODNIKOVA", "img": "www.eecs.psu.edu/dir/photos/RASKHODNIKOVA-SOFYA.jpg", "title": "ASSOCIATE PROFESSOR", "url": "http://www.eecs.psu.edu/departments/directory-detail.aspx?q=SXR48&LandOn=Gen", "area": "Theoretical computer science: sublinear-time algorithms (in particular, property testing), private data analysis, approximation algorithms, randomized algorithms and complexity theory.", "email": "SXR48@psu.edu"},
{"url": "http://www.eecs.psu.edu/departments/directory-detail.aspx?q=CDF117&LandOn=Gen", "title": "FINANCIAL ASSISTANT", "email": "CDF117@psu.edu", "img": "www.eecs.psu.edu/dir/photos/REARICK-CRYSTAL.jpg", "name": "CRYSTAL REARICK"},
{"url": "http://www.eecs.psu.edu/departments/directory-detail.aspx?q=GBR6&LandOn=Gen", "title": "ADMINISTRATIVE SUPPORT ASSISTANT", "email": "GBR6@psu.edu", "img": "www.eecs.psu.edu/dir/photos/nophoto.jpg", "name": "GABRIELE RHINEHART"},
{"url": "http://www.eecs.psu.edu/departments/directory-detail.aspx?q=EMS21&LandOn=Gen", "title": "PROPOSAL AND AWARD GENERALIST", "email": "EMS21@psu.edu", "img": "www.eecs.psu.edu/dir/photos/ROGERS-ERIN.jpg", "name": "ERIN ROGERS"},
{"url": "http://www.eecs.psu.edu/departments/directory-detail.aspx?q=ACR13&LandOn=Gen", "title": "FINANCIAL ASSISTANT", "email": "ACR13@psu.edu", "img": "www.eecs.psu.edu/dir/photos/nophoto.jpg", "name": "ANNIE ROYER"},
{"name": "JERZY RUZYLLO", "img": "www.eecs.psu.edu/dir/photos/RUZYLLO-JERZY.jpg", "title": "DISTINGUISHED PROFESSOR", "url": "http://www.eecs.psu.edu/departments/directory-detail.aspx?q=JXR6&LandOn=Gen", "area": "Semiconductor materials and devices, integrated circuit manufacturing science and engineering, MEMS.", "email": "jruzyllo@psu.edu"},
{"name": "DAVID SALVIA", "img": "www.eecs.psu.edu/dir/photos/SALVIA-DAVID.jpg", "title": "Director of Academic Affairs", "url": "http://www.eecs.psu.edu/departments/directory-detail.aspx?q=ADS102&LandOn=Gen", "area": "Digital signal processing, Communications, Undergraduate academic advisor.", "email": "dsalvia@psu.edu"},
{"url": "http://www.eecs.psu.edu/departments/directory-detail.aspx?q=jms1257&LandOn=Gen", "title": "ASSISTANT PROFESSOR", "email": "jms1257@psu.edu", "img": "www.eecs.psu.edu/dir/photos/nophoto.jpg", "name": "JOHN SAMPSON"},
{"name": "JEFFREY SCHIANO", "img": "www.eecs.psu.edu/dir/photos/nophoto.jpg", "title": "ASSOCIATE PROFESSOR", "url": "http://www.eecs.psu.edu/departments/directory-detail.aspx?q=JLS32&LandOn=Gen", "area": "Feedback control systems; nuclear  quadrupole resonance (NQR);  optimization of NQR detection systems using feedback control; high-temperature superconducting NQR probes; contraband  detection using NQR; feedback control of quantum mechanical processes.", "email": "jls32@psu.edu"},
{"url": "http://www.eecs.psu.edu/departments/directory-detail.aspx?q=CLS118&LandOn=Gen", "title": "PROGRAM AND EVENTS COORDINATOR", "email": "CLS118@psu.edu", "img": "www.eecs.psu.edu/dir/photos/Schultz-CATHERINE.jpg", "name": "CATHERINE SCHULTZ"},
{"name": "STEVEN SHAFFER", "img": "www.eecs.psu.edu/dir/photos/SHAFFER-STEVEN.jpg", "title": "ASSISTANT PROFESSOR", "url": "http://www.eecs.psu.edu/departments/directory-detail.aspx?q=SCS12&LandOn=Gen", "area": "Distance education; Computer science education", "email": "SCS12@psu.edu"},
{"name": "ANAND SIVASUBRAMANIAM", "img": "www.eecs.psu.edu/dir/photos/nophoto.jpg", "title": "PROFESSOR", "url": "http://www.eecs.psu.edu/departments/directory-detail.aspx?q=AXS53&LandOn=Gen", "area": "Operating systems, computer architecture, databases, mobile computing, performance evaluation.", "email": "anand@cse.psu.edu"},
{"name": "ADAM SMITH", "img": "www.eecs.psu.edu/dir/photos/SMITH-ADAM.jpg", "title": "ASSOCIATE PROFESSOR", "url": "http://www.eecs.psu.edu/departments/directory-detail.aspx?q=ADS22&LandOn=Gen", "area": "Cryptography, data privacy, quantum computing.", "email": "ADS22@psu.edu"},
{"url": "http://www.eecs.psu.edu/departments/directory-detail.aspx?q=NDS156&LandOn=Gen", "title": "FINANCIAL ASSISTANT", "email": "NDS156@psu.edu", "img": "www.eecs.psu.edu/dir/photos/SNYDER-NICOLE.jpg", "name": "NICOLE SNYDER"},
{"url": "http://www.eecs.psu.edu/departments/directory-detail.aspx?q=BJS5332&LandOn=Gen", "title": "INSTRUCTOR", "email": "bsottile@psu.edu", "img": "www.eecs.psu.edu/dir/photos/Sottile-Brad.jpg", "name": "Brad Sottile"},
{"url": "http://www.eecs.psu.edu/departments/directory-detail.aspx?q=pjw3&LandOn=Gen", "title": "ADMINISTRATIVE SUPPORT COORDINATOR", "email": "pjw3@psu.edu", "img": "www.eecs.psu.edu/dir/photos/STAUFFER-PAMELA.jpg", "name": "PAMELA STAUFFER"},
{"name": "SRINIVAS TADIGADAPA", "img": "www.eecs.psu.edu/dir/photos/TADIGADAPA-SRINIVAS.jpg", "title": "PROFESSOR", "url": "http://www.eecs.psu.edu/departments/directory-detail.aspx?q=SAT10&LandOn=Gen", "area": "Microelectromechanical systems, Microsensors, Microactuators, PZT MEMS, BioMEMS, Nanoscale devices, and Structures.", "email": "sat10@psu.edu"},
{"url": "http://www.eecs.psu.edu/departments/directory-detail.aspx?q=met14&LandOn=Gen", "title": "SYSTEMS ADMINISTRATOR", "email": "mtamminga@psu.edu", "img": "www.eecs.psu.edu/dir/photos/nophoto.jpg", "name": "MARK TAMMINGA"},
{"name": "Gang Tan", "img": "www.eecs.psu.edu/dir/photos/Tan-Gang.jpg", "title": "Associate Professor", "url": "http://www.eecs.psu.edu/departments/directory-detail.aspx?q=gxt29&LandOn=Gen", "area": "Software security, programming languages, computer security, software\r\nengineering, formal methods, program verification.", "email": "gxt29@psu.edu"},
{"url": "http://www.eecs.psu.edu/departments/directory-detail.aspx?q=LMG183&LandOn=Gen", "title": "ADMINISTRATIVE SUPPORT ASSISTANT", "email": "LMG183@psu.edu", "img": "www.eecs.psu.edu/dir/photos/TIMKO-LISA.jpg", "name": "LISA TIMKO"},
{"name": "Susan Trolier-McKinstry", "img": "www.eecs.psu.edu/dir/photos/nophoto.jpg", "title": "Professor of Ceramic Science", "url": "http://www.eecs.psu.edu/departments/directory-detail.aspx?q=set1&LandOn=Gen", "area": "Her main research interests include thin films for dielectric and piezoelectric applications.  Her group studies the fundamental mechanisms that contribute to the measured properties, processing studies for electroceramic films, and integration of functional materials into microelectromechanical systems", "email": "set1@psu.edu"},
{"name": "KENJI UCHINO", "img": "www.eecs.psu.edu/dir/photos/UCHINO-KENJI.jpg", "title": "PROFESSOR", "url": "http://www.eecs.psu.edu/departments/directory-detail.aspx?q=KXU1&LandOn=Gen", "area": "Piezoelectric device developments, including materials, device designing and fabrication process; Applications to actuators/sensors; Micro-ultrasonic motors; Piezo-transformers; Energy harvesting; and Robotics.", "email": "kenjiuchino@psu.edu"},
{"url": "http://www.eecs.psu.edu/departments/directory-detail.aspx?q=JVU1&LandOn=Gen", "title": "ASSOCIATE PROFESSOR and APPLIED RESEARCH LAB APPOINTMENT", "email": "JVU1@psu.edu", "img": "www.eecs.psu.edu/dir/photos/URBINA-JULIO.jpg", "name": "JULIO URBINA"},
{"name": "BHUVAN URGAONKAR", "img": "www.eecs.psu.edu/dir/photos/nophoto.jpg", "title": "ASSOCIATE PROFESSOR", "url": "http://www.eecs.psu.edu/departments/directory-detail.aspx?q=BUU1&LandOn=Gen", "area": "Analytical modeling and optimization of computer systems; Cloud computing and data centers; Distributed computing; Fault tolerance; Operating systems; Power management; Sustainable information technology.", "email": "BUU1@psu.edu"},
{"url": "http://www.eecs.psu.edu/departments/directory-detail.aspx?q=ACV2&LandOn=Gen", "title": "SENIOR SYSTEMS ANALYST", "email": "ACV2@psu.edu", "img": "www.eecs.psu.edu/dir/photos/VALLALLA-ANTHONY.jpg", "name": "ANTHONY VALLALLA"},
{"url": "http://www.eecs.psu.edu/departments/directory-detail.aspx?q=ACV&LandOn=Gen", "title": "INSTRUCTOR", "email": "ACV@psu.edu", "img": "www.eecs.psu.edu/dir/photos/VERBANEC-ALAN.jpg", "name": "ALAN VERBANEC"},
{"name": "DOUGLAS WERNER", "img": "www.eecs.psu.edu/dir/photos/WERNER-DOUGLAS.jpg", "title": "John L. and Genevieve H. McCain Chair Professor", "url": "http://www.eecs.psu.edu/departments/directory-detail.aspx?q=DHW&LandOn=Gen", "area": "Antenna design, Computational electromagnetics, Fractal antennas, Genetically engineered antennas, Electromagnetic wave Interaction with materials, Metamaterials.", "email": "dhw@psu.edu"},
{"name": "Mark Wharton", "img": "www.eecs.psu.edu/dir/photos/Wharton-Mark.jpg", "title": "ASSOCIATE PROFESSOR", "url": "http://www.eecs.psu.edu/departments/directory-detail.aspx?q=MJW12&LandOn=Gen", "area": "Electronic circuit design, with an emphasis on communications systems; includes audio, video, baseband, IF, RF and microwave circuitry.", "email": "MarkWharton@psu.edu"},
{"name": "TIMOTHY WHEELER", "img": "www.eecs.psu.edu/dir/photos/WHEELER-TIMOTHY.jpg", "title": "ASSISTANT PROFESSOR", "url": "http://www.eecs.psu.edu/departments/directory-detail.aspx?q=TFW1&LandOn=Gen", "area": "Sounding rocket instrumentation, Analog sensors, Space sciences.", "email": "tfw1@psu.edu"},
{"url": "http://www.eecs.psu.edu/departments/directory-detail.aspx?q=jla221&LandOn=Gen", "title": "FINANCIAL ASSISTANT", "email": "JLA221@psu.edu", "img": "www.eecs.psu.edu/dir/photos/WHITFORD-JESSICA.jpg", "name": "JESSICA Whitford"},
{"name": "AYLIN YENER", "img": "www.eecs.psu.edu/dir/photos/YENER-AYLIN.jpg", "title": "PROFESSOR", "url": "http://www.eecs.psu.edu/departments/directory-detail.aspx?q=AUY1&LandOn=Gen", "area": "Wireless communications", "email": "AUY1@psu.edu"},
{"name": "SHIZHUO YIN", "img": "www.eecs.psu.edu/dir/photos/nophoto.jpg", "title": "PROFESSOR", "url": "http://www.eecs.psu.edu/departments/directory-detail.aspx?q=SXY105&LandOn=Gen", "area": "Electro-optic and photonic devices and their applications to communications, sensors, and biophotonics.", "email": "sxy105@psu.edu"},
{"name": "QIMING ZHANG", "img": "www.eecs.psu.edu/dir/photos/ZHANG-QIMING.jpg", "title": "DISTINGUISHED PROFESSOR", "url": "http://www.eecs.psu.edu/departments/directory-detail.aspx?q=QXZ1&LandOn=Gen", "area": "Electronic materials and devices, electronic polymers, dielectric and capacitor, sensor, actuator, transducer, thin films, MEMS, computer memories, phase transformation in ferroelectrics, composites.", "email": "qxz1@psu.edu"},
{"url": "http://www.eecs.psu.edu/departments/directory-detail.aspx?q=DBZ5017&LandOn=Gen", "title": "ASSISTANT PROFESSOR", "email": "DBZ5017@psu.edu", "img": "www.eecs.psu.edu/dir/photos/nophoto.jpg", "name": "DANFENG ZHANG"},
{"url": "http://www.eecs.psu.edu/departments/directory-detail.aspx?q=SXZ10&LandOn=Gen", "title": "ASSOCIATE PROFESSOR", "email": "siyang@psu.edu", "img": "www.eecs.psu.edu/dir/photos/ZHENG-SIYANG.jpg", "name": "SIYANG ZHENG"},
{"name": "SENCUN ZHU", "img": "www.eecs.psu.edu/dir/photos/ZHU-SENCUN.jpg", "title": "ASSOCIATE PROFESSOR", "url": "http://www.eecs.psu.edu/departments/directory-detail.aspx?q=SXZ16&LandOn=Gen", "area": "Network and systems security,  software plagiarism detection, smartphone security, children online safety, privacy.", "email": "szhu@cse.psu.edu"},
{"name": "MINGHUI ZHU", "img": "www.eecs.psu.edu/dir/photos/ZHU-MINGHUI.jpg", "title": "Dorothy Quiggle Assistant Professor", "url": "http://www.eecs.psu.edu/departments/directory-detail.aspx?q=muz16&LandOn=Gen", "area": "Systems and control, multi-agent networks, distributed algorithms, robotics", "email": "muz16@psu.eud"}]