[{"name": "Robert 'Corky' Cartwright", "img": "http://www.cs.rice.edu/uploadedImages/Computer_Science/People/Profiles/Faculty/Cartwright.jpg?n=1753", "title": "Professor of Computer Science", "url": "http://www.cs.rice.edu/~cork", "area": "Programming language design and implementation, program semantics, program verification", "email": "cork@rice.edu"},
{"name": "Swarat Chaudhuri", "img": "http://www.cs.rice.edu/uploadedImages/Computer_Science/People/Profiles/Faculty/Chaudhuri.jpg?n=8217", "title": "Associate Professor of Computer Science", "url": "http://www.cs.rice.edu/~sc40", "area": "Automated reasoning, formal methods, computer-aided programming, logic, game theory", "email": "swarat@rice.edu"},
{"name": "Keith D. Cooper", "img": "http://www.cs.rice.edu/uploadedImages/Computer_Science/People/Profiles/Faculty/Cooper.jpg?n=8311", "title": "L. John and Ann H. Doerr Chair in Computational Engineering", "url": "http://www.cs.rice.edu/~keith", "area": "Compiler construction, code optimization, code generation, program analysis", "email": "keith@rice.edu"},
{"name": "Alan L. Cox", "img": "http://www.cs.rice.edu/uploadedImages/Computer_Science/People/Profiles/Faculty/Cox.jpg?n=3255", "title": "Professor of Computer Science and of Electrical and Computer Engineering", "url": "http://www.cs.rice.edu/~alc", "area": "Operating systems, computer architecture", "email": "alc@rice.edu"},
{"name": "Scott Cutler", "img": "http://www.cs.rice.edu/uploadedImages/Computer_Science/People/Profiles/Faculty/Cutler.jpg?n=878", "title": "Professor in the Practice of Computer Technology in Computer Science and in Electrical and Computer Engineering", "url": "http://www.cs.rice.edu/~cutler", "area": "Consumer electronics", "email": "cutler@rice.edu"},
{"name": "Ronald N. Goldman", "img": "http://www.cs.rice.edu/uploadedImages/Computer_Science/People/Profiles/Faculty/Goldman.jpg?n=3222", "title": "Professor of Computer Science", "url": "http://www.cs.rice.edu/~rng", "area": "Computer graphics, geometric modeling", "email": "rng@rice.edu"},
{"name": "John Greiner", "img": "http://www.cs.rice.edu/uploadedImages/Computer_Science/People/Profiles/Faculty/Greiner.jpg?n=1915", "title": "Lecturer in Computer Science", "url": "http://www.cs.rice.edu/~greiner", "area": "Algorithms, theory of computation", "email": "greiner@rice.edu"},
{"name": "Christopher M.  Jermaine", "img": "http://www.cs.rice.edu/uploadedImages/Computer_Science/People/Profiles/Faculty/Jermaine.jpg?n=4566", "title": "Associate Professor of Computer Science", "url": "http://www.cs.rice.edu/~cmj4", "area": "Databases, data management, data mining, machine learning", "email": "christopher.m.jermaine@rice.edu"},
{"name": "David B. Johnson", "img": "http://www.cs.rice.edu/uploadedImages/Computer_Science/People/Profiles/Faculty/Johnson.jpg?n=2307", "title": "Professor of Computer Science and of Electrical and Computer Engineering", "url": "http://www.cs.rice.edu/~dbj/", "area": "Wireless and mobile networking protocols", "email": "dbj@rice.edu"},
{"name": "Lydia E. Kavraki", "img": "http://www.cs.rice.edu/uploadedImages/Computer_Science/People/Profiles/Faculty/Kavraki.jpg?n=815", "title": "Noah Harding Professor of Computer Science", "url": "http://www.cs.rice.edu/~kavraki", "area": "Robotics algorithms, motion planning, algorithms for bioinformatics and biomedicine", "email": "kavraki@rice.edu"},
{"name": "John Mellor-Crummey", "img": "http://www.cs.rice.edu/uploadedImages/Computer_Science/People/Profiles/Faculty/Mellor-Crummey.jpg?n=520", "title": "Professor of Computer Science and of Electrical and Computer Engineering", "url": "http://www.cs.rice.edu/~johnmc/", "area": "High-performance computing, optimizing compilers, performance analysis", "email": "johnmc@rice.edu"},
{"name": "Luay Nakhleh", "img": "http://www.cs.rice.edu/uploadedImages/Computer_Science/People/Profiles/Faculty/Nakhleh.jpg?n=6203", "title": "Associate Professor of Computer Science, of Ecology and Evolutionary Biology, and of Biochemistry and Cell Biology", "url": "http://www.cs.rice.edu/~nakhleh", "area": "Combinatorial and statistical methodologies for data analysis, with special emphasis on biological data", "email": "nakhleh@rice.edu"},
{"name": "T. S. Eugene Ng", "img": "http://www.cs.rice.edu/uploadedImages/Computer_Science/People/Profiles/Faculty/Ng.jpg?n=1834", "title": "Associate Professor of Computer Science and of Electrical and Computer Engineering", "url": "http://www.cs.rice.edu/~eugeneng", "area": "Network models, network architectures, optical networks, holistic networked systems for big data", "email": "eugeneng@rice.edu"},
{"name": "Krishna V. Palem", "img": "http://www.cs.rice.edu/uploadedImages/Computer_Science/People/Profiles/Faculty/Palem.jpg?n=3866", "title": "Ken and Audrey Kennedy Professor of Computer Science", "url": "http://www.cs.rice.edu/~kvp1", "area": "Adaptive architectures and computing, algorithms, compiler optimizations, embedded systems, low energy computing, nanoelectronics", "email": "krishna.v.palem@rice.edu"},
{"name": "Scott Rixner", "img": "http://www.cs.rice.edu/uploadedImages/Computer_Science/People/Profiles/Faculty/Rixner.jpg?n=5612", "title": "Professor of Computer Science and of Electrical and Computer Engineering", "url": "http://www.cs.rice.edu/~rixner", "area": "Computer architecture, operating systems", "email": "rixner@rice.edu"},
{"name": "Vivek Sarkar", "img": "http://www.cs.rice.edu/uploadedImages/Computer_Science/People/Profiles/Faculty/Sarkar.jpg?n=6414", "title": "Chair, Department of Computer Science", "url": "http://vsarkar.blogs.rice.edu", "area": "Parallel programming languages, compilers, program analysis, runtime systems", "email": "vivek.sarkar@rice.edu"},
{"name": "Anshumali Shrivastava", "img": "http://www.cs.rice.edu/uploadedImages/Computer_Science/People/Profiles/Faculty/shrivastavaanshumali.jpg", "title": "Assistant Professor of Computer Science, of Electrical and Computer Engineering, and of Statistics", "url": "http://www.cs.rice.edu/~as143/", "area": "Large scale machine learning, randomized algorithms for big data, graphs and social networks mining", "email": "anshumali@rice.edu"},
{"name": "Devika Subramanian", "img": "http://www.cs.rice.edu/uploadedImages/Computer_Science/People/Profiles/Faculty/Subramanian.jpg?n=8301", "title": "Professor of Computer Science and of Electrical and Computer Engineering", "url": "http://www.cs.rice.edu/~devika", "area": "Artificial intelligence, statistical machine learning, natural language processing, algorithms and tools for predictive modeling in engineering and in the natural and social sciences:  hurricane wind damage risk, clinical cardiology, signaling networks in systems biology, conflict prediction from wire news", "email": "devika@rice.edu"},
{"name": "Linda Torczon", "img": "http://www.cs.rice.edu/uploadedImages/Computer_Science/People/Profiles/Faculty/Torczon.jpg?n=2210", "title": "Assistant Chair, Department of Computer Science", "url": "http://www.cs.rice.edu/~linda", "area": "Code generation, code optimization, program analysis", "email": "linda@rice.edu"},
{"name": "Moshe Y. Vardi", "img": "http://www.cs.rice.edu/uploadedImages/Computer_Science/People/Profiles/Faculty/Vardi.jpg?n=200", "title": "Karen Ostrum George Distinguished Service Professor in Computational Engineering", "url": "http://www.cs.rice.edu/~vardi", "area": "Automated reasoning, databases, computational complexity theory, design specification and verification", "email": "vardi@rice.edu"},
{"name": "Dan S. Wallach", "img": "http://www.cs.rice.edu/uploadedImages/Computer_Science/People/Profiles/Faculty/Wallach.jpg?n=6270", "title": "Professor of Computer Science and of Electrical and Computer Engineering", "url": "http://www.cs.rice.edu/~dwallach", "area": "Computer systems, cybersecurity", "email": "dwallach@rice.edu"},
{"name": "Joe D. Warren", "img": "http://www.cs.rice.edu/uploadedImages/Computer_Science/People/Profiles/Faculty/Warren.jpg?n=680", "title": "Professor of Computer Science", "url": "http://www.cs.rice.edu/~jwarren", "area": "Computer graphics, computational geometry protocols", "email": "jwarren@rice.edu"},
{"name": "Stephen Wong", "img": "http://www.cs.rice.edu/uploadedImages/Computer_Science/People/Profiles/Faculty/Wong.jpg?n=4765", "title": "Lecturer in Computer Science", "url": "http://www.bandgap.cs.rice.edu/personal/adrice_swong/public/default.aspx", "area": "Object-oriented algorithm and system design", "email": "swong@rice.edu"},
{"name": "Michael Byrne", "img": "http://www.cs.rice.edu/uploadedImages/Computer_Science/People/Profiles/Faculty/MikeByrne.jpg?n=8464", "title": "Professor of Psychology and of Computer Science", "url": "https://psychology.rice.edu/Content.aspx?id=279", "area": "Human factors/human-computer interaction, computational modeling/artificial intelligence, statistics, cognition, decision-making, memory", "email": "byrne@rice.edu"},
{"name": "Joseph R. Cavallaro", "img": "http://www.cs.rice.edu/uploadedImages/Computer_Science/People/Profiles/Faculty/JoeCavallaro.jpg?n=8955", "title": "Professor of Electrical and Computer Engineering and of Computer Science", "url": "http://www.ece.rice.edu/~cavallar/", "area": "Special-purpose VLSI processor architectures", "email": "cavallar@rice.edu"},
{"name": "G. Anthony Gorry", "img": "http://www.cs.rice.edu/uploadedImages/Computer_Science/People/Profiles/Faculty/TonyGorry.jpg?n=9830", "title": "Friedkin Chair of Management", "url": "http://business.rice.edu/Anthony_Gorry/", "area": "The effects of digital technology on organizations and society", "email": "tony@rice.edu"},
{"name": "Edward W. Knightly", "img": "http://www.cs.rice.edu/uploadedImages/Computer_Science/People/Profiles/Faculty/EdwardKnightly.jpg?n=5774", "title": "Department Chair and Professor of Electrical and Computer Engineering", "url": "http://www.ece.rice.edu/knightly.aspx", "area": "Wireless networks, urban-scale testbeds, clean-slate design, diverse spectrum access, multi-antenna systems, hardware platforms, high-performance protocol design, security, performance evaluation", "email": "knightly@rice.edu"},
{"name": "Marcia K. O Malley", "img": "http://www.cs.rice.edu/uploadedImages/Computer_Science/People/Profiles/Faculty/MarciaOMalley.jpg?n=2274", "title": "Associate Professor of Mechanical Engineering and of Computer Science", "url": "http://mech.rice.edu/omalley/", "area": "Design, modeling, and control of electromechanical devices and systems:  design and control of haptic interfaces and bilateral telemanipulation systems, development of human-machine interfaces for human-assisted movement and the modeling of human-robot interactions.", "email": "omalleym@rice.edu"},
{"name": "James M. Tour", "img": "http://www.cs.rice.edu/uploadedImages/Computer_Science/People/Profiles/Faculty/JimTour.jpg?n=3595", "title": "T. T. and W. F. Chao Professor of Chemistry", "url": "http://chemistry.rice.edu/facultydetail.aspx?riceid=1027", "area": "Green carbon research, graphene, organic chemistry, nanotechnology, nanomedicine, materials science, polymer chemistry, K-12 educational outreach", "email": "tour@rice.edu"},
{"name": "Peter J. Varman", "img": "http://www.cs.rice.edu/uploadedImages/Computer_Science/People/Profiles/Faculty/PeterVarman.jpg?n=9722", "title": "Professor of Electrical and Computer Engineering and of Computer Science", "url": "http://www.ece.rice.edu/Varman.aspx", "area": "Computer systems, storage and memory systems, virtualization and resource management, cloud computing ", "email": "pjv@rice.edu"},
{"name": "Ashok Veeraraghavan", "img": "http://www.cs.rice.edu/uploadedImages/Computer_Science/People/Profiles/Faculty/AshokVeeraraghavan.jpg?n=1538", "title": "Assistant Professor of Electrical and Computer Engineering and of Computer Science", "url": "http://www.ece.rice.edu/veeraraghavan.aspx", "area": "Computational imaging, compressive sensing for imaging, signal processing and computer vision", "email": "vashok@rice.edu"},
{"name": "Lin Zhong", "img": "http://www.cs.rice.edu/uploadedImages/Computer_Science/People/Profiles/Faculty/LinZhong.jpg?n=2787", "title": "Associate Professor of Electrical and Computer Engineering and of Computer Science", "url": "http://www.ece.rice.edu/lzhong.aspx", "area": "Mobile and embedded systems, human factors, nanoelectronics", "email": "lzhong@rice.edu"},
{"name": "Weiwei Zhong", "img": "http://www.cs.rice.edu/uploadedImages/Computer_Science/People/Profiles/Faculty/WeiweiZhong.jpg?n=6896", "title": "Assistant Professor of Biochemistry and Cell Biology and of Computer Science", "url": "http://biosciences.rice.edu/facultydetail.aspx?riceid=195448", "area": "Genetic interaction networks, computer vision system for animal development and behavioral analysis", "email": "weiwei.zhong@rice.edu"},
{"name": "Erez Lieberman Aiden", "img": "http://www.cs.rice.edu/uploadedImages/Computer_Science/People/Profiles/Faculty/ErezLieberman.jpeg?n=2807", "title": "Adjunct Assistant Professor of Computer Science and of Computational and Applied Mathematics", "url": "https://www.bcm.edu/people/view/b15682ac-ffed-11e2-be68-080027880ca6/21b16cdc-3826-11e3-9de7-005056b104be", "area": "Integrating mathematical and physical theory with the invention of new technologies with a central focus on the study of how genomes fold", "email": "erez.aiden@rice.edu"},
{"name": "Eric Allen", "img": "http://www.cs.rice.edu/uploadedImages/Computer_Science/People/Profiles/Faculty/AllenEric.jpg?n=3086", "title": "Adjunct Professor of Computer Science", "url": "https://www.linkedin.com/pub/eric-allen/0/444/9b0", "area": "Parallel computing, quantitative software engineering, functional programming, machine learning", "email": "eallen@rice.edu"},
{"name": "Fay Briggs", "img": "http://www.cs.rice.edu/uploadedImages/Computer_Science/People/Profiles/Faculty/BriggsFaye.jpg?n=7266", "title": "Adjunct Professor of Computer Science and of Electrical and Computer Engineering", "url": "https://www.linkedin.com/pub/fay%C3%A9-briggs/3/599/660", "area": "Computer systems architecture, big data and data analytics applications", "email": "faye.briggs@rice.edu"},
{"name": "Robert C. Bronk", "img": "http://www.cs.rice.edu/uploadedImages/Computer_Science/People/Profiles/Faculty/ChrisBronk.jpg?n=149", "title": "Adjunct Associate Professor of Computer Science", "url": "http://www.uh.edu/technology/departments/ilt/people/faculty/?l=bronk&f=chris", "area": "Cyber geopolitics with additional work in organizational innovation, knowledge management, and intelligence studies", "email": "rcbronk@rice.edu"},
{"name": "Ken Chen", "img": "http://www.cs.rice.edu/uploadedImages/Computer_Science/People/Profiles/Faculty/KenChen.jpeg?n=1478", "title": "Adjunct Assistant Professor of Computer Science", "url": "http://faculty.mdanderson.org/Ken_Chen/", "area": "Genomic Medicine, Computational Cancer Genomics, Human Genomics, Next Generation Sequencing, Personalized Cancer Therapy, Mathematical modeling of data, Artificial Intelligence and Systems, Machine Learning and Pattern Recognition, Speech/Audio Processing Recognition and Synthesis", "email": "kchen3@rice.edu"},
{"name": "Wah Chiu", "img": "http://www.cs.rice.edu/uploadedImages/Computer_Science/People/Profiles/Faculty/WahChiu.jpg?n=739", "title": "Adjunct Professor of Computer Science", "url": "https://www.bcm.edu/people/view/b279d3f6-ffed-11e2-be68-080027880ca6", "area": "Determining 3-dimensional structures of biological nanomachines by electron cryomicroscopy and computer reconstruction and relating the structures to their functional mechanisms", "email": "wah@rice.edu"},
{"name": "Jack Dongarra", "img": "http://www.cs.rice.edu/uploadedImages/Computer_Science/People/Profiles/Faculty/DongarraJack.jpg?n=5564", "title": "Adjunct Professor of Computer Science", "url": "http://www.netlib.org/utk/people/JackDongarra/", "area": "Numerical algorithms in linear algebra, parallel computing, the use of advanced-computer architectures, programming methodology, and tools for parallel computers", "email": "dongarra@rice.edu"},
{"name": "Mike Fagan", "img": "http://www.cs.rice.edu/uploadedImages/Computer_Science/People/Profiles/Research_Staff/FaganMike.jpg?n=2355", "title": "Research Scientist", "url": "http://www.cs.rice.edu/~mfagan/", "area": "Design and implementation of programming languages, especially high-level languages, and automatic differentiation", "email": "mfagan@rice.edu"},
{"name": "Mark Moll", "img": "http://www.cs.rice.edu/uploadedImages/Computer_Science/People/Profiles/Research_Staff/MarkMoll.jpg?n=6645", "title": "Research Scientist", "url": "http://www.cs.rice.edu/~mmoll/", "area": "Computational structural biology, robotics", "email": "mmoll@rice.edu"},
{"name": "Dung (Zung) Nguyen", "img": "http://www.cs.rice.edu/uploadedImages/Computer_Science/People/Profiles/Research_Staff/NguyenZung.jpg?n=1867", "title": "Senior Research Programmer", "url": "https://www.linkedin.com/pub/dung-zung-nguyen/0/a2/b0b", "area": "Object-oriented programming, high-performance computing", "email": "dxnguyen@rice.edu"},
{"name": "Walid Taha", "img": "http://www.cs.rice.edu/uploadedImages/Computer_Science/People/Profiles/Faculty/WalidTaha.jpg?n=6217", "title": "Adjunct Professor of Computer Science", "url": "http://www.effective-modeling.org/p/walid-taha.html?m=1", "area": "Design, semantics, and implementation of programming and hardware description languages", "email": "taha@rice.edu"},
{"name": "Steve Wallach", "img": "http://www.cs.rice.edu/uploadedImages/Computer_Science/People/Profiles/Faculty/WallachSteve.jpg?n=6251", "title": "Adjunct Professor of Computer Science", "url": "https://www.linkedin.com/pub/steven-wallach/5/118/4b", "area": "High-performance computing through design of innovative vector and parallel computing systems, application-specific acceleration using FPGA-based coprocessors that can be dynamically reloaded with application-specific logic designs", "email": "Steven.J.Wallach@rice.edu"},
{"name": "Scott Warren", "img": "http://www.cs.rice.edu/uploadedImages/Computer_Science/People/Profiles/Research_Staff/WarrenScott.jpg?n=1379", "title": "Senior Research Scientist", "url": "https://www.linkedin.com/pub/scott-warren/0/a62/b00", "area": "Programming languages and systems, high performance computing, interactive graphics", "email": "scott@rice.edu"}]