[{"addr": "Gates CS Bldg. Rm. 364", "img": "https://forum.stanford.edu/images/contacts/1442000497784.jpg", "area": "Graphics/HCI", "url": "http://graphics.stanford.edu/~maneesh/", "phone": "650.723.2642", "email": "maneesh@cs.stanford.edu", "name": "Maneesh  Agrawala"},
{"addr": "Gates CS Bldg. Rm. 411", "img": "https://forum.stanford.edu/images/contacts/12030361363016.jpg", "area": "Computer Systems", "url": "http://theory.stanford.edu/~aiken/", "phone": "650-725-3359", "email": "aiken@cs.stanford.edu", "name": "Alex  Aiken"},
{"addr": "Clark Bldg., Rm. S172", "img": "https://forum.stanford.edu/images/contacts/12701443859236.jpg", "area": "Artificial Intelligence", "url": "http://helix-web.stanford.edu/people/altman/", "phone": "650-725-3394", "email": "russ.altman@stanford.edu", "name": "Russ  Altman"},
{"addr": "204 Paul G. Allen Bldg, Rm 204", "img": "https://forum.stanford.edu/images/contacts/13925135439228.jpeg", "area": "Information Systems", "url": "http://www.stanford.edu/~arbabian/Home/Welcome.html", "phone": "", "email": "arbabian@stanford.edu", "name": "Amin  Arbabian"},
{"addr": "Packard EE Bldg, Room 205", "img": "https://forum.stanford.edu/images/contacts/13315832254418.jpg", "area": "Information Systems", "url": "http://www.stanford.edu/~aozgur/", "phone": "650-723-7368", "email": "aozgur@stanford.edu", "name": "Ayfer zgur   Aydin"},
{"addr": "", "img": "https://forum.stanford.edu/images/contacts/1442000575572.jpg", "area": "Computer Systems", "url": "http://www.bailis.org/", "phone": "", "email": "pbailis@cs.stanford.edu", "name": "Peter  Bailis"},
{"addr": "Packard EE Bldg.", "img": "https://forum.stanford.edu/images/contacts/12043058068265.jpg", "area": "Information Systems", "url": "http://www.stanford.edu/~bambos/", "phone": "650.430.4954", "email": "bambos@stanford.edu", "name": "Nicholas  Bambos"},
{"addr": "Clark Center for Bioengineering, Rm. S266", "img": "https://forum.stanford.edu/images/contacts/12030362008339.jpg", "area": "Artificial Intelligence", "url": "http://robotics.stanford.edu/~serafim/", "phone": "650.723.3334", "email": "serafim@cs.stanford.edu", "name": "Serafim  Batzoglou"},
{"addr": "Beckman Center, Rm. B321", "img": "https://forum.stanford.edu/images/contacts/12045627637104.jpg", "area": "Artificial Intelligence", "url": "http://bejerano.stanford.edu/pi.html", "phone": "650 725 6792", "email": "bejerano@stanford.edu", "name": "Gill  Bejerano"},
{"addr": "Gates CS Bldg. room 308", "img": "https://forum.stanford.edu/images/contacts/13637079858452.jpg", "area": "Graphics/HCI", "url": "http://hci.stanford.edu/msb/", "phone": "650-724-1248", "email": "msb@cs.stanford.edu", "name": "Michael  Bernstein"},
{"addr": "CERAS Bldg. room 232", "img": "https://forum.stanford.edu/images/contacts/13637074440848.jpg", "area": "Artificial Intelligence", "url": "https://ed.stanford.edu/faculty/paulob", "phone": "650-736-0966", "email": "paulob@stanford.edu", "name": "Paulo  Blikstein"},
{"addr": "Clark Center, Rm. W125", "img": "https://forum.stanford.edu/images/contacts/1392513360768.jpeg", "area": "Artificial Intelligence", "url": "http://www.stanford.edu/group/brainsinsilicon/boahen.html", "phone": "650-724-5633", "email": "boahen@stanford.edu", "name": "Kwabena  Boahen"},
{"addr": "Gates CS Bldg. Rm. 475", "img": "https://forum.stanford.edu/images/contacts/12045628935581.jpg", "area": "Computer Systems,Theory", "url": "http://crypto.stanford.edu/~dabo/", "phone": "650-725-3897", "email": "dabo@cs.stanford.edu", "name": "Dan  Boneh"},
{"addr": "Packard EE Bldg. Rm 264", "img": "https://forum.stanford.edu/images/contacts/12045630220452.jpg", "area": "Information Systems", "url": "http://www.stanford.edu/~boyd/", "phone": "650.723.0002", "email": "boyd@stanford.edu", "name": "Stephen  Boyd"},
{"addr": "Stanford Center for Biomedical Informatics Research", "img": "https://forum.stanford.edu/images/contacts/12380132071401.jpg", "area": "Artificial Intelligence", "url": "http://bmir.stanford.edu/people/view.php/atul_j_butte", "phone": "650-723-3465", "email": "abutte@stanford.edu", "name": "Atul  Butte"},
{"addr": "Gates CS Bldg. Rm. 462", "img": "https://forum.stanford.edu/images/contacts/14420006979343.jpg", "area": "Theory", "url": "https://profiles.stanford.edu/moses-charikar", "phone": "", "email": "moses@cs.princeton.edu", "name": "Moses  Charikar"},
{"addr": "Gates CS Bldg. Rm. 439", "img": "https://forum.stanford.edu/images/contacts/1203037141035.jpg", "area": "Computer Systems", "url": "http://www.stanford.edu/%7echeriton/", "phone": "650-723-1131", "email": "cheriton@cs.stanford.edu", "name": "David  Cheriton"},
{"addr": "", "img": "https://forum.stanford.edu/images/contacts/1331929234636.jpg", "area": "Information Systems", "url": "http://www.stanford.edu/group/cioffi/", "phone": "", "email": "", "name": "John M.   Cioffi"},
{"addr": "Gates CS Bldg, Rm 190", "img": "https://forum.stanford.edu/images/contacts/13315881857869.jpg", "area": "Graphics/HCI", "url": "http://www.stanford.edu/~coopers/", "phone": "650-723-9798", "email": "coopers@stanford.edu", "name": "Stephen  Cooper"},
{"addr": "Packard EE Bldg. Rm. 254", "img": "https://forum.stanford.edu/images/contacts/12045716383896.jpg", "area": "Information Systems", "url": "http://www.stanford.edu/~cover", "phone": "650 7234505", "email": "cover@stanford.edu", "name": "Tom M. Cover"},
{"addr": "Gates CS Bldg. Rm. 301", "img": "https://forum.stanford.edu/images/contacts/13315881187743.jpg", "area": "Computer Systems", "url": "http://csl.stanford.edu/~billd/", "phone": "650.725.8945", "email": "billd@csl.stanford.edu", "name": "William  Dally"},
{"addr": "Gates CS Bldg. Rm. 344", "img": "https://forum.stanford.edu/images/contacts/1203037186289.jpg", "area": "Computer Systems", "url": "http://sprout.stanford.edu/dill/", "phone": "(650) 725-3642", "email": "dill@cs.stanford.edu", "name": "David  Dill"},
{"addr": "", "img": "https://forum.stanford.edu/images/contacts/13958735600467.jpg", "area": "Artificial Intelligence", "url": "http://people.csail.mit.edu/rondror/", "phone": "", "email": "rdror@stanford.edu", "name": "Ron   Dror"},
{"addr": "Packard EE Bldg. Rm.  262", "img": "https://forum.stanford.edu/images/contacts/12045732754069.jpg", "area": "Information Systems", "url": "http://www-isl.stanford.edu/~abbas/", "phone": "650.723.3473", "email": "abbas@ee.stanford.edu", "name": "Abbas  El Gamal"},
{"addr": "Gates CS Bldg. Rm. 314", "img": "https://forum.stanford.edu/images/contacts/12059788480722.jpg", "area": "Computer Systems", "url": "http://www.stanford.edu/~engler/", "phone": "650.723.0762", "email": "engler@stanford.edu", "name": "Dawson  Engler"},
{"addr": "Gates CS Bldg. Rm. 228", "img": "https://forum.stanford.edu/images/contacts/14420008559418.jpg", "area": "Artificial Intelligence", "url": "http://cs.stanford.edu/~ermon/", "phone": "650.498.9942", "email": "ermon@stanford.edu", "name": "Stefano  Ermon"},
{"addr": "Spilker Building, Room 307", "img": "https://forum.stanford.edu/images/contacts/13999206053598.jpg", "area": "Information Systems", "url": "https://fanlab.stanford.edu/", "phone": "650.723.0278", "email": "jonfan@stanford.edu", "name": "Jonathan  Fan"},
{"addr": "Gates CS Bldg. Rm. 207", "img": "https://forum.stanford.edu/images/contacts/12030372551004.jpg", "area": "Computer Systems,Graphics/HCI", "url": "http://graphics.stanford.edu/%7efedkiw/", "phone": "", "email": "fedkiw@cs.stanford.edu", "name": "Ron  Fedkiw"},
{"addr": "Gates CS Bldg. Rm. 237", "img": "https://forum.stanford.edu/images/contacts/12030372706504.jpg", "area": "Artificial Intelligence", "url": "http://ksl-web.stanford.edu/people/eaf/", "phone": "650-723-4878", "email": "feigenbaum@cs.stanford.edu", "name": "Ed  Feigenbaum"},
{"addr": "", "img": "https://forum.stanford.edu/images/contacts/12030372837661.jpg", "area": "Artificial Intelligence", "url": "http://www-ksl.stanford.edu/people/bio/fikes.html", "phone": "", "email": "fikes@stanford.edu", "name": "Richard  Fikes"},
{"addr": "Gates CS Bldg. Rm. 334", "img": "https://forum.stanford.edu/images/contacts/12030372965317.jpg", "area": "Computer Systems", "url": "http://arith.stanford.edu/~flynn/", "phone": "650.725.1450", "email": "flynn@ee.stanford.edu", "name": "Michael J. Flynn"},
{"addr": "Gates CS Bldg. Rm. 434", "img": "https://forum.stanford.edu/images/contacts/12030373097857.jpg", "area": "Computer Systems", "url": "http://www-db.stanford.edu/people/hector.html", "phone": "650-723-0685", "email": "hector@cs.stanford.edu", "name": "Hector  Garcia-Molina"},
{"addr": "Gates CS Bldg. Rm. 220", "img": "https://forum.stanford.edu/images/contacts/12030374164184.gif", "area": "Artificial Intelligence", "url": "http://logic.stanford.edu/people/genesereth/", "phone": "650.723.0324", "email": "genesereth@cs.stanford.edu", "name": "Mike  Genesereth"},
{"addr": "Packard EE Bldg. Rm 266", "img": "https://forum.stanford.edu/images/contacts/12045719424576.jpg", "area": "Information Systems,Theory", "url": "http://ee.stanford.edu/~gill/", "phone": "650.723.4715", "email": "gill@ee.stanford.edu", "name": "John T. Gill, III"},
{"addr": "Packard EE Bldg. Rm. 373", "img": "https://forum.stanford.edu/images/contacts/12030374626214.jpg", "area": "Information Systems", "url": "http://www.stanford.edu/%7ebgirod/", "phone": "650-724-6354", "email": "bgirod@stanford.edu", "name": "Bernd  Girod"},
{"addr": "Terman Engineering Center, Rm 311", "img": "https://forum.stanford.edu/images/contacts/12045811920585.JPG", "area": "Theory", "url": "http://www.stanford.edu/~ashishg/", "phone": "650.723.1614", "email": "ashishg@stanford.edu", "name": "Ashish  Goel"},
{"addr": "Packard EE Bldg. Rm 371", "img": "https://forum.stanford.edu/images/contacts/12045621348619.jpg", "area": "Information Systems", "url": "http://www-ee.stanford.edu/~andrea/", "phone": "650.725.6932", "email": "andrea@ee.stanford.edu", "name": "Andrea  Goldsmith"},
{"addr": "365 Jordan Hall", "img": "https://forum.stanford.edu/images/contacts/1361486263222.jpg", "area": "Artificial Intelligence", "url": "http://www.stanford.edu/~ngoodman/", "phone": "", "email": "ngoodman@stanford.edu", "name": "Noah  Goodman"},
{"addr": "Packard EE Bldg. Rm 261", "img": "https://forum.stanford.edu/images/contacts/12045694404449.jpg", "area": "Information Systems", "url": "http://ee.stanford.edu/~gray", "phone": "650.723.4001", "email": "rmgray@stanford.edu", "name": "Robert M. Gray"},
{"addr": "Clark Center for Bioengineering, Rm. S293", "img": "https://forum.stanford.edu/images/contacts/12045695863976.jpg", "area": "Artificial Intelligence,Computer Systems,Graphics/HCI", "url": "http://www-graphics.stanford.edu/%7eguibas/", "phone": "650-723-0304", "email": "guibas@cs.stanford.edu", "name": "Leo  Guibas"},
{"addr": "Gates CS Bldg. Rm. 370", "img": "https://forum.stanford.edu/images/contacts/1278958848351.jpg", "area": "Computer Systems,Graphics/HCI", "url": "http://www-graphics.stanford.edu/%7ehanrahan/", "phone": "650.723.8530", "email": "hanrahan@cs.stanford.edu", "name": "Patrick  Hanrahan"},
{"addr": "Bldg. 10 Main Quad, Rm. 170", "img": "https://forum.stanford.edu/images/contacts/1204566833611.jpg", "area": "Computer Systems", "url": "http://www.stanford.edu/dept/president/", "phone": "650.724.4074", "email": "president@stanford.edu", "name": "John  Hennessy"},
{"addr": "Gates CS Bldg. Rm. 306", "img": "https://forum.stanford.edu/images/contacts/1278959057301.jpg", "area": "Computer Systems", "url": "http://www-vlsi.stanford.edu/", "phone": "650.725.3707", "email": "horowitz@cs.stanford.edu", "name": "Mark  Horowitz"},
{"addr": "Paul G. Allen Building, Room 114", "img": "https://forum.stanford.edu/images/contacts/12966722788557.gif", "area": "", "url": "http://www.stanford.edu/group/howe/", "phone": "650-723-8030", "email": "rthowe@stanford.edu", "name": "Roger  Howe"},
{"addr": "Gates CS Bldg. Rm. 362", "img": "https://forum.stanford.edu/images/contacts/14420009929049.jpg", "area": "Graphics/HCI", "url": "https://profiles.stanford.edu/doug-james", "phone": "650.723.0104", "email": "djames@cs.stanford.edu", "name": "Doug L. James"},
{"addr": "Terman Engineering Center, Rm 319", "img": "https://forum.stanford.edu/images/contacts/12045671439986.jpg", "area": "Information Systems", "url": "http://www.stanford.edu/~rjohari/", "phone": "650-723-0937", "email": "ramesh.johari@stanford.edu", "name": "Ramesh  Johari"},
{"addr": "Margaret Jacks Hall, Rm. 113", "img": "https://forum.stanford.edu/images/contacts/12045669602762.jpg", "area": "Artificial Intelligence", "url": "http://www.stanford.edu/~jurafsky/", "phone": "650.723.0924", "email": "jurafsky@stanford.edu", "name": "Daniel  Jurafsky"},
{"addr": "Packard EE Bldg.", "img": "https://forum.stanford.edu/images/contacts/12686902306988.jpg", "area": "Information Systems", "url": "http://www.stanford.edu/~skatti/", "phone": "", "email": "skatti@cs.stanford.edu", "name": "Sachin  Katti"},
{"addr": "Packard EE Bldg., Rm. 362 - STAR Laboratory", "img": "https://forum.stanford.edu/images/contacts/13924072858393.jpg", "area": "Information Systems", "url": "http://photonics.stanford.edu/about/faculty/leonid-kazovsky", "phone": "650-723-3687", "email": "l.kazovsky@stanford.edu", "name": "Leonid   Kazovsky"},
{"addr": "Gates CS Bldg. Rm. 144", "img": "https://forum.stanford.edu/images/contacts/13315880572842.jpg", "area": "Artificial Intelligence", "url": "http://robotics.Stanford.EDU/~ok/", "phone": "650.723.9753", "email": "ok@robotics.stanford.edu", "name": "Oussama  Khatib"},
{"addr": "Gates CS Bldg. Rm. 477", "img": "https://forum.stanford.edu/images/contacts/12789592148848.jpg", "area": "", "url": "http://www-cs-faculty.Stanford.EDU/~knuth/", "phone": "650-723-1184", "email": "", "name": "Don  Knuth"},
{"addr": "Durand Building", "img": "https://forum.stanford.edu/images/contacts/14567880442054.jpg", "area": "Artificial Intelligence", "url": "http://mykel.kochenderfer.com/", "phone": "(650) 497-3574", "email": "mykel@stanford.edu", "name": "Mykel J. Kochenderfer"},
{"addr": "Gates CS Bldg. Rm. 464", "img": "https://forum.stanford.edu/images/contacts/14111614796568.jpg", "area": "Computer Systems,Graphics/HCI", "url": "http://vw.stanford.edu/~vladlen/", "phone": "650.723.6690", "email": "vladlen@stanford.edu", "name": "Vladlen  Koltun"},
{"addr": "Gates CS Bldg. Rm. 304", "img": "https://forum.stanford.edu/images/contacts/12030384497094.jpg", "area": "Computer Systems", "url": "http://csl.stanford.edu/~christos/", "phone": "650-725-3716", "email": "christos@ee.stanford.edu", "name": "Christos  Kozyrakis"},
{"addr": "Lane Bldg. L301", "img": "https://forum.stanford.edu/research/profiles.php", "area": "Artificial Intelligence", "url": "", "phone": "650.723.2353", "email": "akundaje@stanford.edu", "name": "Anshul  Kundaje"},
{"addr": "Packard EE Bldg. Rm. 235", "img": "https://forum.stanford.edu/images/contacts/13006814092921.jpg", "area": "Information Systems", "url": "http://junction.stanford.edu/~lall/", "phone": "650.723.1343", "email": "lall@stanford.edu", "name": "Sanjay  Lall"},
{"addr": "Gates CS Bldg. Rm. 307", "img": "https://forum.stanford.edu/images/contacts/12045674576282.jpg", "area": "Computer Systems", "url": "http://suif.stanford.edu/~lam/", "phone": "650-725-3714", "email": "lam@cs.stanford.edu", "name": "Monica  Lam"},
{"addr": "Gates CS Bldg. Rm. 390", "img": "https://forum.stanford.edu/images/contacts/14420014357605.jpg", "area": "Graphics/HCI", "url": "https://profiles.stanford.edu/james-landay", "phone": "650.498.8215", "email": "landay@stanford.edu", "name": "James A. Landay"},
{"addr": "Clark Center, Rm. S244", "img": "https://forum.stanford.edu/images/contacts/12030384827938.jpg", "area": "Artificial Intelligence", "url": "http://robotics.Stanford.EDU/~latombe/", "phone": "650-723-0350", "email": "latombe@cs.stanford.edu", "name": "Jean-Claude  Latombe"},
{"addr": "Gates CS Bldg. Rm. 418", "img": "https://forum.stanford.edu/images/contacts/12559674517323.jpg", "area": "Artificial Intelligence,Information Systems", "url": "http://www.cs.cmu.edu/~jure/", "phone": "", "email": "jure@cs.stanford.edu", "name": "Jure  Leskovec"},
{"addr": "Gates CS Bldg. Rm 358", "img": "https://forum.stanford.edu/images/contacts/12045676363898.jpg", "area": "Computer Systems", "url": "http://csl.stanford.edu/~pal/", "phone": "650.725.9046", "email": "pal@cs.stanford.edu", "name": "Philip  Levis"},
{"addr": "Gates CS Bldg. Rm. 366", "img": "https://forum.stanford.edu/images/contacts/12045677712755.jpg", "area": "Computer Systems,Graphics/HCI", "url": "http://www-graphics.stanford.edu/~levoy/", "phone": "650.725.4089", "email": "levoy@cs.stanford.edu", "name": "Marc  Levoy"},
{"addr": "Gates CS Bldg. Rm. 246", "img": "https://forum.stanford.edu/images/contacts/13925127576328.jpeg", "area": "Artificial Intelligence", "url": "http://vision.stanford.edu/index.html", "phone": "650-725-3860", "email": "feifeili@cs.princeton.edu", "name": "Fei-Fei  Li"},
{"addr": "", "img": "https://forum.stanford.edu/images/contacts/13315884493562.jpeg", "area": "Artificial Intelligence", "url": "http://cs.stanford.edu/~pliang/", "phone": "", "email": "pliang@cs.stanford.edu", "name": "Percy   Liang"},
{"addr": "Gates CS Bldg. Rm. 454", "img": "https://forum.stanford.edu/images/contacts/12030385484222.jpg", "area": "Computer Systems", "url": "http://www-ee.stanford.edu/~luckham/", "phone": "650.723.1242", "email": "luckham@cs.stanford.edu", "name": "David  Luckham"},
{"addr": "Gates CS Bldg. Rm. 481", "img": "https://forum.stanford.edu/images/contacts/12030385691019.jpg", "area": "Theory", "url": "http://theory.stanford.edu/~zm/", "phone": "650.723.4364", "email": "manna@cs.stanford.edu", "name": "Zohar  Manna"},
{"addr": "Gates CS Bldg. Rm. 418", "img": "https://forum.stanford.edu/images/contacts/12030385841064.jpg", "area": "Artificial Intelligence", "url": "http://nlp.stanford.edu/~manning/", "phone": "650.723.7683", "email": "manning@cs.stanford.edu", "name": "Chris  Manning"},
{"addr": "Gates CS Bldg. Rm. 290", "img": "https://forum.stanford.edu/images/contacts/12045680467034.jpg", "area": "Computer Systems", "url": "http://www.scs.stanford.edu/~dm/", "phone": "650.723.8777", "email": "", "name": "David  Mazires"},
{"addr": "", "img": "https://forum.stanford.edu/images/contacts/12030386349791.jpg", "area": "Artificial Intelligence", "url": "http://www-formal.stanford.edu/jmc/", "phone": "", "email": "", "name": "John  McCarthy"},
{"addr": "Gates CS Bldg. Rm. 235", "img": "https://forum.stanford.edu/images/contacts/12030386502111.jpg", "area": "Computer Systems", "url": "http://www-crc.stanford.edu/users/ejm/McCluskey_Edward.html", "phone": "650-723-1258", "email": "ejm@crc.stanford.edu", "name": "Edward  McCluskey"},
{"addr": "Gates CS Bldg. Rm. 340", "img": "https://forum.stanford.edu/images/contacts/1204562381248.jpg", "area": "Computer Systems", "url": "http://klamath.stanford.edu/~nickm/", "phone": "650.725.3641", "email": "nickm@stanford.edu", "name": "Nick  McKeown"},
{"addr": "Allen CIS Bldg. Rm. 209", "img": "https://forum.stanford.edu/images/contacts/1204568228757.jpg", "area": "Computer Systems", "url": "http://dualist.stanford.edu/%7ethm/", "phone": "650.725.3636", "email": "meng@ee.stanford.edu", "name": "Teresa  Meng"},
{"addr": "Gates CS Bldg. Rm. 476", "img": "https://forum.stanford.edu/images/contacts/12030387087012.jpg", "area": "Computer Systems,Theory", "url": "http://theory.stanford.edu/people/jcm/", "phone": "650-723-8634", "email": "mitchell@cs.stanford.edu", "name": "John  Mitchell"},
{"addr": "Gates CS Bldg. Rm. 333", "img": "https://forum.stanford.edu/images/contacts/12045683920337.jpg", "area": "Computer Systems", "url": "http://www.stanford.edu/~subh/", "phone": "650.724.1915", "email": "smitra@crc.stanford.edu", "name": "Subhasish  Mitra"},
{"addr": "Packard EE Bldg. Rm. 272", "img": "https://forum.stanford.edu/images/contacts/12042463216486.jpg", "area": "Information Systems", "url": "http://www.stanford.edu/~montanar/", "phone": "650.736.7422", "email": "montanari@stanford.edu", "name": "Andrea  Montanari"},
{"addr": "Building 120, McClatchy Hall, Rm 300E", "img": "https://forum.stanford.edu/images/contacts/12045807088295.jpg", "area": "Artificial Intelligence", "url": "http://www.stanford.edu/~nass ", "phone": "650.723.5499", "email": "nass@stanford.edu", "name": "Clifford I.  Nass (1958-2013)"},
{"addr": "Gates Bldg., Rm. 156", "img": "https://forum.stanford.edu/images/contacts/1203038779612.jpg", "area": "Artificial Intelligence", "url": "http://www.robotics.stanford.edu/~ang/", "phone": "650.725.2593", "email": "ang@cs.stanford.edu", "name": "Andrew  Ng"},
{"addr": "Gates Bldg., Rm. 135", "img": "https://forum.stanford.edu/images/contacts/12082122184849.JPG", "area": "Artificial Intelligence", "url": "http://robotics.Stanford.EDU/~nilsson/", "phone": "650.723.3886", "email": "nilsson@cs.stanford.edu", "name": "Nils  Nilsson"},
{"addr": "Packard EE Bldg. Rm 255", "img": "https://forum.stanford.edu/images/contacts/12045726563591.jpg", "area": "Information Systems", "url": "http://www-mrsrl.stanford.edu", "phone": "650.723.4533", "email": "dwight@mrsrl.stanford.edu", "name": "Dwight  Nishimura"},
{"addr": "Gates Bldg., Rm. 302", "img": "https://forum.stanford.edu/images/contacts/12030388104115.gif", "area": "Computer Systems", "url": "http://ogun.Stanford.EDU/~kunle/", "phone": "650-725-3713", "email": "kunle@ogun.stanford.edu", "name": "Oyekunle  Olukotun"},
{"addr": "Packard EE Bldg., Rm 271", "img": "https://forum.stanford.edu/images/contacts/12045702452033.jpg", "area": "Information Systems", "url": "http://ee.stanford.edu/~osgood", "phone": "650.723.4002", "email": "osgood@stanford.edu", "name": "Brad  Osgood"},
{"addr": "Gates CS Bldg. Rm 446", "img": "https://forum.stanford.edu/images/contacts/12218605863988.jpg", "area": "Computer Systems", "url": "http://home.pacbell.net/ouster/", "phone": "650.721.6325", "email": "", "name": "John K. Ousterhout"},
{"addr": "Packard EE Bldg., Room 232", "img": "https://forum.stanford.edu/images/contacts/12030388406987.jpg", "area": "Information Systems", "url": "http://www.stanford.edu/~apaulraj/", "phone": "650 387 4553", "email": "apaulraj@stanford.edu", "name": "Arogyaswami  Paulraj"},
{"addr": "Packard EE Bldg. Rm 258", "img": "https://forum.stanford.edu/images/contacts/12045724566348.jpg", "area": "Information Systems", "url": "http://www.stanford.edu/~pauly/", "phone": "650.723.4569", "email": "pauly@stanford.edu", "name": "John M. Pauly"},
{"addr": "Durand Bldg., room 261", "img": "https://forum.stanford.edu/images/contacts/13958709042438.jpg", "area": "Information Systems", "url": "http://www.stanford.edu/~pavone/", "phone": "650-723-4432", "email": "pavone@stanford.edu", "name": "Marco  Pavone"},
{"addr": "Wallengberg Hall, Bldg. 160", "img": "https://forum.stanford.edu/images/contacts/1394575797293.jpg", "area": "Artificial Intelligence", "url": "http://www.stanford.edu/~roypea/", "phone": "650-724-3720", "email": "roypea@stanford.edu", "name": "Roy  Pea"},
{"addr": "Gates CS Bldg. Rm. 472", "img": "https://forum.stanford.edu/images/contacts/12030388535096.jpg", "area": "Theory", "url": "http://troll-w.stanford.edu/plotkin/", "phone": "650.723.0540", "email": "plotkin@cs.stanford.edu", "name": "Serge  Plotkin"},
{"addr": "Packard EE Bldg., Rm 237", "img": "https://forum.stanford.edu/images/contacts/13315921041839.jpg", "area": "Information Systems", "url": "http://www.stanford.edu/~adapoon/", "phone": "650.721.2438", "email": "adapoon@stanford.edu", "name": "Ada  Poon"},
{"addr": "Paul Allen Bldg., 335X", "img": "https://forum.stanford.edu/images/contacts/13842805873011.jpg", "area": "Information Systems", "url": "http://poplab.stanford.edu/index.html", "phone": "650-725-8768", "email": "epop@stanford.edu", "name": "Eric  Pop"},
{"addr": "Packard Bldg., Rm. 269", "img": "https://forum.stanford.edu/images/contacts/12030388800709.jpg", "area": "Computer Systems,Information Systems", "url": "http://www.stanford.edu/~balaji/", "phone": "650.723.6579", "email": "balaji@stanford.edu", "name": "Balaji  Prabhakar"},
{"addr": "Gates CS Bldg.  Rm. 462", "img": "https://forum.stanford.edu/images/contacts/1203038169778.jpg", "area": "Theory", "url": "http://boole.stanford.edu/pratt.html", "phone": "650.723.2943", "email": "pratt@cs.stanford.edu", "name": "Vaughan  Pratt"},
{"addr": "Gates Bld., Rm. 433", "img": "https://forum.stanford.edu/images/contacts/13958705517951.jpg", "area": "Computer Systems", "url": "http://cs.stanford.edu/people/chrismre/#bio", "phone": "650.725.3331", "email": "chrismre@cs.stanford.edu", "name": "Christopher R"},
{"addr": "Allen Bldg., Rm. 210", "img": "https://forum.stanford.edu/images/contacts/1395873780242.jpg", "area": "Information Systems", "url": "https://profiles.stanford.edu/juan-rivas-davila", "phone": "650.497.6312", "email": "jmrivas@stanford.edu", "name": "Juan  Rivas-Davila"},
{"addr": "Gates Bldg. Rm. 202", "img": "https://forum.stanford.edu/images/contacts/12045703851035.jpg", "area": "", "url": "http://www-cs-faculty.Stanford.EDU/~eroberts/", "phone": "650.723.3642", "email": "eroberts@cs.stanford.edu", "name": "Eric  Roberts"},
{"addr": "Gates CS Bldg. Rm. 309", "img": "https://forum.stanford.edu/images/contacts/1207956318648.jpg", "area": "Computer Systems", "url": "http://simos.stanford.edu/~mendel/", "phone": "6507230474", "email": "mendel@cs.stanford.edu", "name": "Mendel  Rosenblum"},
{"addr": "Gates CS Building, Rm. 462", "img": "https://forum.stanford.edu/images/contacts/12045705968323.jpg", "area": "Theory", "url": "http://theory.stanford.edu/~tim/", "phone": "650.724.9147", "email": "tim@cs.stanford.edu", "name": "Tim  Roughgarden"},
{"addr": "Huang Center, Rm. 309", "img": "https://forum.stanford.edu/images/contacts/13958700060103.jpg", "area": "Information Systems", "url": "http://www.stanford.edu/~saberi/", "phone": "650.724.2052", "email": "saberi@stanford.edu", "name": "Amin   Saberi"},
{"addr": "Gates Building, Room 180", "img": "https://forum.stanford.edu/images/contacts/1278959423794.jpg", "area": "", "url": "http://robotics.stanford.edu/~sahami/bio.html", "phone": "650-723-6059", "email": "sahami@cs.stanford.edu", "name": "Mehran  Sahami"},
{"addr": "Gates CS Bldg. Rm. 138", "img": "https://forum.stanford.edu/images/contacts/12045707419256.jpg", "area": "Artificial Intelligence", "url": "http://robotics.stanford.edu/~jks/", "phone": "650.723.3994", "email": "jks@robotics.stanford.edu", "name": "Kenneth  Salisbury"},
{"addr": "Gates CS Bldg. Rm. 228", "img": "https://forum.stanford.edu/images/contacts/13802654831361.jpg", "area": "Artificial Intelligence", "url": "http://cvgl.stanford.edu/silvio/", "phone": "", "email": "ssilvio@stanford.edu", "name": "Silvio  Savarese"},
{"addr": "Gates CS Bldg. Rm. 140", "img": "https://forum.stanford.edu/images/contacts/12030377646524.jpg", "area": "Artificial Intelligence", "url": "http://robotics.stanford.edu/~shoham/", "phone": "650.723.3432", "email": "shoham@cs.stanford.edu", "name": "Yoav  Shoham"},
{"addr": "Gates CS Bldg. Rm. 154", "img": "https://forum.stanford.edu/images/contacts/12045711745695.jpg", "area": "Artificial Intelligence", "url": "http://robots.stanford.edu/", "phone": "650.725.2797", "email": "thrun@cs.stanford.edu", "name": "Sebastian  Thrun"},
{"addr": "Gates CS Bldg. Rm. 339", "img": "https://forum.stanford.edu/images/contacts/12030377284784.jpg", "area": "Computer Systems", "url": "http://mmnetworks.stanford.edu/", "phone": "650.723.1708", "email": "tobagi@ee.stanford.edu", "name": "Fouad  Tobagi"},
{"addr": "Gates CS Bldg. Rm. 433", "img": "https://forum.stanford.edu/images/contacts/12030377113144.jpg", "area": "Computer Systems", "url": "http://infolab.stanford.edu/~ullman/", "phone": "650.725.4802", "email": "ullman@cs.stanford.edu", "name": "Jeff  Ullman"},
{"addr": "Gates Bld., Rm. 470", "img": "https://forum.stanford.edu/images/contacts/13958729867475.jpg", "area": "Theory", "url": "http://theory.stanford.edu/~valiant/", "phone": "650.723.1787", "email": "valiant@stanford.edu", "name": "Greg  Valiant"},
{"addr": "Terman 315", "img": "https://forum.stanford.edu/images/contacts/12030376926142.jpg", "area": "Information Systems", "url": "http://www.stanford.edu/~bvr/", "phone": "650.725.1625", "email": "bvr@stanford.edu", "name": "Benjamin  Van Roy"},
{"addr": "Psych Bldg., 484 Jordan Hall", "img": "https://forum.stanford.edu/images/contacts/13628104283556.jpg", "area": "Information Systems", "url": "https://www.stanford.edu/group/vista/cgi-bin/wandell/", "phone": "650-725-2466", "email": "wandell@stanford.edu", "name": "Brian  Wandell"},
{"addr": "Knoll Bldg., Rm 212", "img": "https://forum.stanford.edu/images/contacts/13933887409006.jpg", "area": "Computer Systems,Graphics/HCI", "url": "https://ccrma.stanford.edu/~ge/", "phone": "", "email": "ge@ccrma.stanford.edu", "name": "Ge  Wang"},
{"addr": "Packard EE Bldg. Rm 256", "img": "https://forum.stanford.edu/images/contacts/12045663302505.jpg", "area": "Information Systems", "url": "http://www.stanford.edu/~tsachy", "phone": "650-736.1418", "email": "tsachy@stanford.edu", "name": "Tsachy  Weissman"},
{"addr": "Packard Bldg, Room 236", "img": "https://forum.stanford.edu/images/contacts/14576389669821.jpg", "area": "Graphics/HCI", "url": "http://web.stanford.edu/~gordonwz/index.html", "phone": "650.497.7953", "email": "gordon.wetzstein@stanford.edu", "name": "Gordon  Wetzstein"},
{"addr": "Gates CS Bldg. Rm. 422", "img": "https://forum.stanford.edu/images/contacts/12030376655358.jpg", "area": "Computer Systems", "url": "http://infolab.stanford.edu/~widom/ ", "phone": "650-723-7690", "email": "widom@cs.stanford.edu", "name": "Jennifer  Widom"},
{"addr": "Packard EE Bldg. Rm. 273", "img": "https://forum.stanford.edu/images/contacts/12045726173403.jpg", "area": "Information Systems", "url": "http://www-isl.stanford.edu/~widrow", "phone": "650.723.4949", "email": "widrow@stanford.edu", "name": "Benard  Widrow"},
{"addr": "Gates CS Bldg. Rm. 436", "img": "https://forum.stanford.edu/images/contacts/12030376470073.jpg", "area": "Computer Systems", "url": "http://infolab.stanford.edu/people/gio.html", "phone": "650.725.8363", "email": "gio@cs.stanford.edu", "name": "Gio  Wiederhold"},
{"addr": "Gates CS Bldg, Rm 464", "img": "https://forum.stanford.edu/images/contacts/13315878299847.jpg", "area": "Theory", "url": "http://www.stanford.edu/~rrwill/", "phone": "", "email": "rrw@stanford.edu", "name": "Ryan  Williams"},
{"addr": "Gates Bld., Rm. 468", "img": "https://forum.stanford.edu/images/contacts/13958725729469.jpg", "area": "Theory", "url": "http://theory.stanford.edu/~virgi/", "phone": "650.723.3705", "email": "virgi@cs.stanford.edu", "name": "Virginia Vassilevska  Williams"},
{"addr": "Gates CS Bldg. Rm. 388", "img": "https://forum.stanford.edu/images/contacts/12030376318942.jpg", "area": "Computer Systems,Graphics/HCI", "url": "http://hci.stanford.edu/~winograd/", "phone": "650-723-2780", "email": "winograd@cs.stanford.edu", "name": "Terry  Winograd"},
{"addr": "Gates CS Bldg. Rm. 282", "img": "https://forum.stanford.edu/images/contacts/14420015323619.jpeg", "area": "Computer Systems", "url": "http://cs.stanford.edu/~keithw", "phone": "617.388.2138", "email": "keithw@cs.stanford.edu", "name": "Keith  Winstein"},
{"addr": "Paul G. Allen, room 312X", "img": "https://forum.stanford.edu/images/contacts/12966721124695.jpg", "area": "", "url": "http://www.stanford.edu/~hspwong/", "phone": "650-725-0982", "email": "hspwong@stanford.edu", "name": "H.-S. Philip  Wong"}]