[{"cont": "746 Sutardja Dai Hall, (510) 642-7034; pabbeel@cs", "name": "Pieter Abbeel", "img": "http://www.eecs.berkeley.edu/Faculty/Photos/Lists/abbeel.jpg", "title": "Associate Professor", "url": "http://www.eecs.berkeley.edu/Faculty/Homepages/abbeel.html", "area": "Introduction to Artificial Intelligence, Control, Intelligent Systems, and Robotics (CIR), Artificial Intelligence (AI)"},
{"cont": "535 Soda Hall, 643-8220; maneesh@eecs", "name": "Maneesh Agrawala", "img": "http://www.eecs.berkeley.edu/Faculty/Photos/Lists/agrawala.jpg", "title": "Professor", "url": "http://www.eecs.berkeley.edu/Faculty/Homepages/agrawala.html", "area": "Human-Computer Interaction (HCI)"},
{"cont": "579B Soda Hall, 510-642-6506; krste@eecs", "name": "Krste Asanovi\u0107", "img": "http://www.eecs.berkeley.edu/Faculty/Photos/Lists/asanovic.jpg", "title": "Professor", "url": "http://www.eecs.berkeley.edu/Faculty/Homepages/asanovic.html", "area": "Field Studies in CS, Design, Modeling and Analysis (DMA), Operating Systems & Networking (OSNT), Integrated Circuits (INC), Computer Architecture & Engineering (ARC)"},
{"cont": "579 Soda Hall; jrb@eecs", "name": "Jonathan Bachrach", "img": "http://www.eecs.berkeley.edu/Faculty/Photos/Lists/bachrach.jpg", "title": "Adjunct Assistant Professor", "url": "http://www.eecs.berkeley.edu/Faculty/Homepages/bachrach.html", "area": "Design, Modeling and Analysis (DMA), Computer Architecture & Engineering (ARC), Programming Systems (PS)"},
{"cont": "719 Sutardja Dai Hall, 510-642-9423; bajcsy@eecs", "name": "Ruzena Bajcsy", "img": "http://www.eecs.berkeley.edu/Faculty/Photos/Lists/bajcsy.jpg", "title": "Professor", "url": "http://www.eecs.berkeley.edu/Faculty/Homepages/bajcsy.html", "area": "Robotic Manipulation and Interaction, Security (SEC), Human-Computer Interaction (HCI), Graphics (GR), Control, Intelligent Systems, and Robotics (CIR), Biosystems & Computational Biology (BIO), Artificial Intelligence (AI)"},
{"cont": "785 Soda Hall, 510-642-9838; barsky@cs", "name": "Brian A. Barsky", "img": "http://www.eecs.berkeley.edu/Faculty/Photos/Lists/barsky.jpg", "title": "Professor", "url": "http://www.eecs.berkeley.edu/Faculty/Homepages/barsky.html", "area": "Berkeley Through the Lens, Signal Processing (SP), Human-Computer Interaction (HCI), Biosystems & Computational Biology (BIO), Graphics (GR)"},
{"cont": "723 Sutardja Dai Hall, 510-642-7780; bartlett@eecs", "name": "Peter Bartlett", "img": "http://www.eecs.berkeley.edu/Faculty/Photos/Lists/bartlett.jpg", "title": "Professor", "url": "http://www.eecs.berkeley.edu/Faculty/Homepages/bartlett.html", "area": "Advanced Topics in Learning and Decision Making, Control, Intelligent Systems, and Robotics (CIR), Artificial Intelligence (AI)"},
{"cont": "417 Sutardja Dai Hall, 510-642-8143; brewer@cs", "name": "Eric Brewer", "img": "http://www.eecs.berkeley.edu/Faculty/Photos/Lists/brewer.jpg", "title": "Professor", "url": "http://www.eecs.berkeley.edu/Faculty/Homepages/brewer.html", "area": "Security (SEC), Energy (ENE), Operating Systems & Networking (OSNT)"},
{"cont": "637 Soda Hall, 510-642-9955; jfc@cs", "name": "John F. Canny", "img": "http://www.eecs.berkeley.edu/Faculty/Photos/Lists/canny.jpg", "title": "Professor", "url": "http://www.eecs.berkeley.edu/Faculty/Homepages/canny.html", "area": "Scalable Machine Learning, Security (SEC), Graphics (GR), Control, Intelligent Systems, and Robotics (CIR), Artificial Intelligence (AI), Human-Computer Interaction (HCI)"},
{"cont": "683 Soda Hall; alexch@berkeley.edu", "name": "Alessandro Chiesa", "img": "http://www.eecs.berkeley.edu/Faculty/Photos/Lists/alexch.jpg", "title": "Assistant Professor", "url": "http://www.eecs.berkeley.edu/Faculty/Homepages/alexch.html", "area": "Introduction to CS Theory, Theory (THY), Security (SEC)"},
{"url": "http://www.eecs.berkeley.edu/Faculty/Homepages/colella.html", "cont": "MS50A-1148 Lawrence Berkeley National Laboratory, 486-5412; pcolella@lbl.gov", "name": "Phillip Colella", "title": "Professor in Residence"},
{"cont": "465 Soda Hall; culler@berkeley.edu", "name": "David E. Culler", "img": "http://www.eecs.berkeley.edu/Faculty/Photos/Lists/culler.jpg", "title": "Professor", "url": "http://www.eecs.berkeley.edu/Faculty/Homepages/culler.html", "area": "Computational Structures in Data Science, Security (SEC), Programming Systems (PS), Operating Systems & Networking (OSNT), Energy (ENE), Computer Architecture & Engineering (ARC)"},
{"cont": "748 Sutardja Dai Hall; trevor@eecs", "name": "Trevor Darrell", "img": "http://www.eecs.berkeley.edu/Faculty/Photos/Lists/darrell.jpg", "title": "Professor in Residence", "url": "http://www.eecs.berkeley.edu/Faculty/Homepages/darrell.html", "area": "Visual Object and Activity Recognition, Computer Vision, Control, Intelligent Systems, and Robotics (CIR), Artificial Intelligence (AI)"},
{"cont": "564 Soda Hall, 510-643-5386; demmel@cs", "name": "James Demmel", "img": "http://www.eecs.berkeley.edu/Faculty/Photos/Lists/demmel.jpg", "title": "Professor", "url": "http://www.eecs.berkeley.edu/Faculty/Homepages/demmel.html", "area": "LA PACK Seminar, Communication-Avoiding Algorithms, Applications of Parallel Computing, Scientific Computing (SCI), Computer Architecture & Engineering (ARC)"},
{"cont": "781 Soda Hall, 415-203-1943; denero@berkeley.edu", "name": "John DeNero", "img": "http://www.eecs.berkeley.edu/Faculty/Photos/Lists/denero.jpg", "title": "Assistant Teaching Professor", "url": "http://www.eecs.berkeley.edu/Faculty/Homepages/denero.html", "area": "Introduction to Teaching Computer Science, Social Implications of Computers, Foundations of Data Science, Education (EDUC), Artificial Intelligence (AI)"},
{"cont": "776 Sutardja Dai Hall; anca@berkeley.edu", "name": "Anca Dragan", "img": "http://www.eecs.berkeley.edu/Faculty/Photos/Lists/anca.jpg", "title": "Assistant Professor", "url": "http://www.eecs.berkeley.edu/Faculty/Homepages/anca.html", "area": "Human-compatible AI, Introduction to Artificial Intelligence, Human-Computer Interaction (HCI), Control, Intelligent Systems, and Robotics (CIR), Artificial Intelligence (AI)"},
{"cont": "724 Sutardja Dai Hall; 510 Soda Hall; efros@eecs", "name": "Alexei (Alyosha) Efros", "img": "http://www.eecs.berkeley.edu/Faculty/Photos/Lists/efros.jpg", "title": "Associate Professor", "url": "http://www.eecs.berkeley.edu/Faculty/Homepages/efros.html", "area": "Visual Object and Activity Recognition, Computer Vision, Artificial Intelligence (AI), Graphics (GR)"},
{"cont": "581 Soda Hall, 510-642-6820; fox@cs", "name": "Armando Fox", "img": "http://www.eecs.berkeley.edu/Faculty/Photos/Lists/fox.jpg", "title": "Professor", "url": "http://www.eecs.berkeley.edu/Faculty/Homepages/fox.html", "area": "Teaching Techniques, Software Engineering, Human-Computer Interaction (HCI), Education (EDUC), Programming Systems (PS)"},
{"cont": "389 Soda Hall, 510-643-7572; 479-4 Soda Hall, 510-642-1662; franklin@cs", "name": "Michael Franklin", "img": "http://www.eecs.berkeley.edu/Faculty/Photos/Lists/franklin.jpg", "title": "Professor", "url": "http://www.eecs.berkeley.edu/Faculty/Homepages/franklin.html", "area": "Operating Systems & Networking (OSNT)"},
{"cont": "fractor@icsi", "name": "Gerald Friedland", "img": "http://www.eecs.berkeley.edu/Faculty/Photos/Lists/friedland.jpg", "title": "Lecturer", "url": "http://www.eecs.berkeley.edu/Faculty/Homepages/friedland.html", "area": "The Beauty and Joy of Computing"},
{"url": "http://www.eecs.berkeley.edu/Faculty/Homepages/gallant.html", "cont": "gallant@berkeley.edu", "name": "Jack Gallant", "title": "Below the Line"},
{"cont": "777 Soda Hall, 510-517-4041; ddgarcia@cs", "name": "Dan Garcia", "img": "http://www.eecs.berkeley.edu/Faculty/Photos/Lists/garcia.jpg", "title": "Teaching Professor", "url": "http://www.eecs.berkeley.edu/Faculty/Homepages/garcia.html", "area": "UC Berkeley Undergraduate Graphics Group (UCBUGG), GamesCrafters, Graphics (GR), Education (EDUC)"},
{"cont": "685 Soda Hall; sanjamg@berkeley.edu", "name": "Sanjam Garg", "img": "http://www.eecs.berkeley.edu/Faculty/Photos/Lists/sanjam.jpg", "title": "Assistant Professor", "url": "http://www.eecs.berkeley.edu/Faculty/Homepages/sanjam.html", "area": "Secure Computation, Security (SEC), Theory (THY)"},
{"url": "http://www.eecs.berkeley.edu/Faculty/Homepages/aligh.html", "title": "Adjunct Assistant Professor", "cont": "aligh@berkeley.edu", "name": "Ali Ghodsi", "area": "Operating Systems & Networking (OSNT), Database Management Systems (DBMS)"},
{"cont": "425 Sutardja Dai Hall, 510-643-9565; goldberg@berkeley.edu", "name": "Ken Goldberg", "img": "http://www.eecs.berkeley.edu/Faculty/Photos/Lists/goldberg.jpg", "title": "Professor", "url": "http://www.eecs.berkeley.edu/Faculty/Homepages/goldberg.html", "area": "Security (SEC), Graphics (GR), Control, Intelligent Systems, and Robotics (CIR), Artificial Intelligence (AI)"},
{"cont": "jegonzal@eecs", "name": "Joseph Gonzalez", "img": "http://www.eecs.berkeley.edu/Faculty/Photos/Lists/jegonzal.jpg", "title": "Assistant Professor", "url": "http://www.eecs.berkeley.edu/Faculty/Homepages/jegonzal.html", "area": "Introduction to Database Systems, Introduction to Databases, Database Management Systems (DBMS), Artificial Intelligence (AI)"},
{"cont": "3210 Tolman Hall, 642-7134; tom_griffiths@berkeley.edu", "name": "Thomas Griffiths", "img": "http://www.eecs.berkeley.edu/Faculty/Photos/Lists/griffiths.jpg", "title": "Below the Line, Associate Professor", "url": "http://www.eecs.berkeley.edu/Faculty/Homepages/griffiths.html", "area": "Human-compatible AI"},
{"cont": "533 Soda Hall, 415 868 5720; bjoern@eecs", "name": "Bj\u00f6rn Hartmann", "img": "http://www.eecs.berkeley.edu/Faculty/Photos/Lists/hartmann.jpg", "title": "Associate Professor", "url": "http://www.eecs.berkeley.edu/Faculty/Homepages/hartmann.html", "area": "Programming Systems (PS), Graphics (GR), Human-Computer Interaction (HCI)"},
{"cont": "307b South Hall, 510-642-8016; hearst@berkeley.edu", "name": "Marti Hearst", "img": "http://www.eecs.berkeley.edu/Faculty/Photos/Lists/hearst.jpg", "title": "Professor", "url": "http://www.eecs.berkeley.edu/Faculty/Homepages/hearst.html", "area": "Human-Computer Interaction (HCI)"},
{"cont": "789 Soda Hall, 510-643-4011;", "name": "Joseph M. Hellerstein", "img": "http://www.eecs.berkeley.edu/Faculty/Photos/Lists/hellerstein.jpg", "title": "Professor", "url": "http://www.eecs.berkeley.edu/Faculty/Homepages/hellerstein.html", "area": "Introduction to Database Systems, Introduction to Databases, Operating Systems & Networking (OSNT), Database Management Systems (DBMS)"},
{"cont": "787 Soda Hall, 510-642-8401; hilfingr@cs", "name": "Paul N. Hilfinger", "img": "http://www.eecs.berkeley.edu/Faculty/Photos/Lists/hilfinger.jpg", "title": "Teaching Professor", "url": "http://www.eecs.berkeley.edu/Faculty/Homepages/hilfinger.html", "area": "The Structure and Interpretation of Computer Programs (Self-Paced), Structure and Interpretation of Computer Programs, Scientific Computing (SCI), Programming Systems (PS)"},
{"cont": "779 Soda Hall; josh@joshh.ug", "name": "Joshua Hug", "img": "http://www.eecs.berkeley.edu/Faculty/Photos/Lists/joshhug.jpg", "title": "Assistant Teaching Professor", "url": "http://www.eecs.berkeley.edu/Faculty/Homepages/joshhug.html", "area": "Social Implications of Computers, Data Structures, Education (EDUC)"},
{"cont": "387 Soda Hall; 427 Evans Hall; jordan@cs", "name": "Michael Jordan", "img": "http://www.eecs.berkeley.edu/Faculty/Photos/Lists/jordan.jpg", "title": "Professor", "url": "http://www.eecs.berkeley.edu/Faculty/Homepages/jordan.html", "area": "Signal Processing (SP), Control, Intelligent Systems, and Robotics (CIR), Biosystems & Computational Biology (BIO), Artificial Intelligence (AI)"},
{"cont": "465 Soda Hall, 510-643-7212; adj@cs", "name": "Anthony D. Joseph", "img": "http://www.eecs.berkeley.edu/Faculty/Photos/Lists/joseph.jpg", "title": "Professor", "url": "http://www.eecs.berkeley.edu/Faculty/Homepages/joseph.html", "area": "Operating Systems and System Programming, Security (SEC), Operating Systems & Networking (OSNT)"},
{"cont": "621 Soda Hall, 510-642-5799; karp@cs", "name": "Richard M. Karp", "img": "http://www.eecs.berkeley.edu/Faculty/Photos/Lists/karp.jpg", "title": "Professor", "url": "http://www.eecs.berkeley.edu/Faculty/Homepages/karp.html", "area": "Theory (THY), Operating Systems & Networking (OSNT), Biosystems & Computational Biology (BIO)"},
{"cont": "389 Soda Hall, 510-643-1381; randy@cs", "name": "Randy H. Katz", "img": "http://www.eecs.berkeley.edu/Faculty/Photos/Lists/katz.jpg", "title": "Professor, Associate Chair", "url": "http://www.eecs.berkeley.edu/Faculty/Homepages/katz.html", "area": "Operating Systems & Networking (OSNT), Computer Architecture & Engineering (ARC)"},
{"cont": "778 Sutardja Dai Hall, 510-643-0805; klein@cs", "name": "Daniel Klein", "img": "http://www.eecs.berkeley.edu/Faculty/Photos/Lists/klein.jpg", "title": "Professor", "url": "http://www.eecs.berkeley.edu/Faculty/Homepages/klein.html", "area": "Introduction to Artificial Intelligence, Artificial Intelligence (AI)"},
{"cont": "673 Soda Hall, 510-643-6817; kubitron@cs", "name": "John D. Kubiatowicz", "img": "http://www.eecs.berkeley.edu/Faculty/Photos/Lists/kubiatowicz.jpg", "title": "Professor", "url": "http://www.eecs.berkeley.edu/Faculty/Homepages/kubiatowicz.html", "area": "Advanced Topics in Computer Systems, Security (SEC), Operating Systems & Networking (OSNT)"},
{"cont": "722 Sutardja Dai Hall, 510-642-7597; malik@berkeley.edu", "name": "Jitendra Malik", "img": "http://www.eecs.berkeley.edu/Faculty/Photos/Lists/malik.jpg", "title": "Professor", "url": "http://www.eecs.berkeley.edu/Faculty/Homepages/malik.html", "area": "Signal Processing (SP), Human-Computer Interaction (HCI), Graphics (GR), Control, Intelligent Systems, and Robotics (CIR), Biosystems & Computational Biology (BIO), Artificial Intelligence (AI)"},
{"cont": "685 Soda Hall; mossel@stat", "name": "Elchanan Mossel", "img": "http://www.eecs.berkeley.edu/Faculty/Photos/Lists/mossel.jpg", "title": "Professor", "url": "http://www.eecs.berkeley.edu/Faculty/Homepages/mossel.html", "area": "Theory (THY), Biosystems & Computational Biology (BIO)"},
{"cont": "783 Soda Hall, 510-643-1481; necula@cs", "name": "George Necula", "img": "http://www.eecs.berkeley.edu/Faculty/Photos/Lists/necula.jpg", "title": "Professor", "url": "http://www.eecs.berkeley.edu/Faculty/Homepages/necula.html", "area": "Security (SEC), Programming Systems (PS)"},
{"cont": "535 Soda Hall; ren@eecs", "name": "Ren Ng", "img": "http://www.eecs.berkeley.edu/Faculty/Photos/Lists/yirenng.jpg", "title": "Assistant Professor", "url": "http://www.eecs.berkeley.edu/Faculty/Homepages/yirenng.html", "area": "Foundations of Computer Graphics, Foundations of Computer Graphics, Signal Processing (SP)"},
{"cont": "527 Soda Hall, 510-642-0865; job@eecs", "name": "James O'Brien", "img": "http://www.eecs.berkeley.edu/Faculty/Photos/Lists/obrien.jpg", "title": "Professor", "url": "http://www.eecs.berkeley.edu/Faculty/Homepages/obrien.html", "area": "Scientific Computing (SCI), Human-Computer Interaction (HCI), Graphics (GR)"},
{"cont": "1081 Evans Hall, 510-642-2028; lpachter@math", "name": "Lior Pachter", "img": "http://www.eecs.berkeley.edu/Faculty/Photos/Lists/pachter.jpg", "title": "Professor", "url": "http://www.eecs.berkeley.edu/Faculty/Homepages/pachter.html", "area": "Artificial Intelligence (AI), Biosystems & Computational Biology (BIO)"},
{"cont": "689 Soda Hall, 510-642-1559; christos@cs", "name": "Christos Papadimitriou", "img": "http://www.eecs.berkeley.edu/Faculty/Photos/Lists/papadimitriou.jpg", "title": "Professor", "url": "http://www.eecs.berkeley.edu/Faculty/Homepages/papadimitriou.html", "area": "Combinatorial Algorithms and Data Structures, Theory (THY), Biosystems & Computational Biology (BIO)"},
{"cont": "303B South Hall, 510-642-4583; parikh@ischool", "name": "Tapan S. Parikh", "img": "http://www.eecs.berkeley.edu/Faculty/Photos/Lists/tparikh.jpg", "title": "Below the Line, Associate Professor", "url": "http://www.eecs.berkeley.edu/Faculty/Homepages/tparikh.html", "area": "Human-Computer Interaction (HCI)"},
{"cont": "579 Soda Hall, 642-6587; pattrsn@eecs", "name": "David A. Patterson", "img": "http://www.eecs.berkeley.edu/Faculty/Photos/Lists/patterson.jpg", "title": "Professor", "url": "http://www.eecs.berkeley.edu/Faculty/Homepages/patterson.html", "area": "Teaching Techniques, Software Engineering, Operating Systems & Networking (OSNT), Biosystems & Computational Biology (BIO), Computer Architecture & Engineering (ARC)"},
{"cont": "464 Sutardja Dai Hall; paulos@cs", "name": "Eric Paulos", "img": "http://www.eecs.berkeley.edu/Faculty/Photos/Lists/paulos.jpg", "title": "Assistant Professor", "url": "http://www.eecs.berkeley.edu/Faculty/Homepages/paulos.html", "area": "Critical Making: Materials, Protocols, and Culture, User Interface Design and Development, User Interfaces, Human-Computer Interaction (HCI)"},
{"cont": "737 Soda Hall, 3-4209; 630 International Computer Science Institute, 666-2882; vern@eecs", "name": "Vern Paxson", "img": "http://www.eecs.berkeley.edu/Faculty/Photos/Lists/paxson.jpg", "title": "Professor", "url": "http://www.eecs.berkeley.edu/Faculty/Homepages/paxson.html", "area": "Operating Systems & Networking (OSNT), Security (SEC)"},
{"cont": "729 Soda Hall; raluca.popa@berkeley.edu", "name": "Raluca Ada Popa", "img": "http://www.eecs.berkeley.edu/Faculty/Photos/Lists/ralucap.jpg", "title": "Assistant Professor", "url": "http://www.eecs.berkeley.edu/Faculty/Homepages/ralucap.html", "area": "Computer Security, Security (SEC), Operating Systems & Networking (OSNT)"},
{"cont": "623 Soda Hall; prasad@cs", "name": "Prasad Raghavendra", "img": "http://www.eecs.berkeley.edu/Faculty/Photos/Lists/praghavendra.jpg", "title": "Assistant Professor", "url": "http://www.eecs.berkeley.edu/Faculty/Homepages/praghavendra.html", "area": "Theoretical Computer Science's Greatest Hits, Theory (THY)"},
{"cont": "525 Soda Hall, 510-643-5186; ravir@cs", "name": "Ravi Ramamoorthi", "img": "http://www.eecs.berkeley.edu/Faculty/Photos/Lists/ravir.jpg", "title": "Professor", "url": "http://www.eecs.berkeley.edu/Faculty/Homepages/ravir.html", "area": "Signal Processing (SP), Scientific Computing (SCI), Graphics (GR)"},
{"cont": "687 Soda Hall, 510-642-4328; satishr@cs", "name": "Satish Rao", "img": "http://www.eecs.berkeley.edu/Faculty/Photos/Lists/rao.jpg", "title": "Professor", "url": "http://www.eecs.berkeley.edu/Faculty/Homepages/rao.html", "area": "Discrete Math & Probability, Theory (THY), Biosystems & Computational Biology (BIO)"},
{"cont": "413 Soda Hall, 642-8905; sylvia@eecs", "name": "Sylvia Ratnasamy", "img": "http://www.eecs.berkeley.edu/Faculty/Photos/Lists/ratnasamy.jpg", "title": "Assistant Professor", "url": "http://www.eecs.berkeley.edu/Faculty/Homepages/ratnasamy.html", "area": "Graduate Computer Networking, Practical Networking, Operating Systems & Networking (OSNT)"},
{"cont": "726 Sutardja Dai Hall; 572 Cory Hall; 489 Soda Hall; brecht@berkeley.edu", "name": "Benjamin Recht", "img": "http://www.eecs.berkeley.edu/Faculty/Photos/Lists/brecht.jpg", "title": "Associate Professor", "url": "http://www.eecs.berkeley.edu/Faculty/Homepages/brecht.html", "area": "Convex Optimization and Approximation, Signal Processing (SP), Control, Intelligent Systems, and Robotics (CIR)"},
{"cont": "740 Sutardja Dai Hall, 510-642-4964; russell@cs", "name": "Stuart J. Russell", "img": "http://www.eecs.berkeley.edu/Faculty/Photos/Lists/russell.jpg", "title": "Professor", "url": "http://www.eecs.berkeley.edu/Faculty/Homepages/russell.html", "area": "Human-compatible AI, Biosystems & Computational Biology (BIO), Control, Intelligent Systems, and Robotics (CIR), Artificial Intelligence (AI)"},
{"cont": "581 Soda Hall, 510-642-2420; ksen@cs", "name": "Koushik Sen", "img": "http://www.eecs.berkeley.edu/Faculty/Photos/Lists/ksen.jpg", "title": "Associate Professor", "url": "http://www.eecs.berkeley.edu/Faculty/Homepages/ksen.html", "area": "Programming Languages and Compilers, Security (SEC), Programming Systems (PS)"},
{"cont": "639 Soda Hall, 510-642-5103; sequin@cs", "name": "Carlo H. S\u00e9quin", "img": "http://www.eecs.berkeley.edu/Faculty/Photos/Lists/sequin.jpg", "title": "Professor Emeritus, Professor in the Graduate School", "url": "http://www.eecs.berkeley.edu/Faculty/Homepages/sequin.html", "area": "Symmetry and Topology, Human-Computer Interaction (HCI), Graphics (GR)"},
{"cont": "415 Soda Hall, 510-643-3043; shenker@icsi", "name": "Scott Shenker", "img": "http://www.eecs.berkeley.edu/Faculty/Photos/Lists/shenker.jpg", "title": "Professor", "url": "http://www.eecs.berkeley.edu/Faculty/Homepages/shenker.html", "area": "Practical Networking, Operating Systems & Networking (OSNT)"},
{"cont": "529 Soda Hall, 510-642-3936; jrs@cs", "name": "Jonathan Shewchuk", "img": "http://www.eecs.berkeley.edu/Faculty/Photos/Lists/shewchuk.jpg", "title": "Professor", "url": "http://www.eecs.berkeley.edu/Faculty/Homepages/shewchuk.html", "area": "Introduction to Machine Learning, Introduction to Machine Learning, Graphics (GR), Theory (THY), Scientific Computing (SCI)"},
{"cont": "677 Soda Hall, 510-643-8144; sinclair@cs", "name": "Alistair Sinclair", "img": "http://www.eecs.berkeley.edu/Faculty/Photos/Lists/sinclair.jpg", "title": "Professor", "url": "http://www.eecs.berkeley.edu/Faculty/Homepages/sinclair.html", "area": "Theory (THY)"},
{"cont": "675 Soda Hall, 510-642-8282; dawnsong@cs", "name": "Dawn Song", "img": "http://www.eecs.berkeley.edu/Faculty/Photos/Lists/song.jpg", "title": "Professor", "url": "http://www.eecs.berkeley.edu/Faculty/Homepages/song.html", "area": "Programming Systems (PS), Security (SEC), Operating Systems & Networking (OSNT)"},
{"cont": "321 Evans Hall, 510-642-2351; yss@eecs", "name": "Yun S. Song", "img": "http://www.eecs.berkeley.edu/Faculty/Photos/Lists/yssong.jpg", "title": "Associate Professor", "url": "http://www.eecs.berkeley.edu/Faculty/Homepages/yssong.html", "area": "Theory (THY), Biosystems & Computational Biology (BIO)"},
{"cont": "481-2 Soda Hall, 510-643-4007; istoica@eecs", "name": "Ion Stoica", "img": "http://www.eecs.berkeley.edu/Faculty/Photos/Lists/stoica.jpg", "title": "Professor", "url": "http://www.eecs.berkeley.edu/Faculty/Homepages/stoica.html", "area": "Security (SEC), Operating Systems & Networking (OSNT)"},
{"cont": "925 Evans Hall, 510-642 6550; bernd@math", "name": "Bernd Sturmfels", "img": "http://www.eecs.berkeley.edu/Faculty/Photos/Lists/sturmfels.jpg", "title": "Professor", "url": "http://www.eecs.berkeley.edu/Faculty/Homepages/sturmfels.html", "area": "Theory (THY), Biosystems & Computational Biology (BIO)"},
{"cont": "625 Soda Hall; luca@berkeley.edu", "name": "Luca Trevisan", "img": "http://www.eecs.berkeley.edu/Faculty/Photos/Lists/trevisan.jpg", "title": "Professor", "url": "http://www.eecs.berkeley.edu/Faculty/Homepages/trevisan.html", "area": "Graph partitioning, Expanders, and Spectral Methods, Security (SEC), Theory (THY)"},
{"cont": "739 Soda Hall, 510-643-7855; doug.tygar@gmail.com", "name": "Doug Tygar", "img": "http://www.eecs.berkeley.edu/Faculty/Photos/Lists/tygar.gif", "title": "Professor", "url": "http://www.eecs.berkeley.edu/Faculty/Homepages/tygar.html", "area": "Operating Systems & Networking (OSNT), Security (SEC)"},
{"cont": "671 Soda Hall, 510-642-0572; vazirani@cs", "name": "Umesh Vazirani", "img": "http://www.eecs.berkeley.edu/Faculty/Photos/Lists/vazirani.jpg", "title": "Professor", "url": "http://www.eecs.berkeley.edu/Faculty/Homepages/vazirani.html", "area": "Theory Seminar, Introduction to CS Theory, Theory (THY), Security (SEC)"},
{"cont": "733 Soda Hall, 510-642-2758; daw@cs", "name": "David Wagner", "img": "http://www.eecs.berkeley.edu/Faculty/Photos/Lists/wagner.jpg", "title": "Professor", "url": "http://www.eecs.berkeley.edu/Faculty/Homepages/wagner.html", "area": "Computer Security, Security (SEC)"},
{"cont": "631 Soda Hall, 510-643-9434; johnw@cs", "name": "John Wawrzynek", "img": "http://www.eecs.berkeley.edu/Faculty/Photos/Lists/wawrzynek.jpg", "title": "Professor", "url": "http://www.eecs.berkeley.edu/Faculty/Homepages/wawrzynek.html", "area": "VLSI Systems Design, Computer Architecture & Engineering (ARC)"},
{"cont": "50A Lawrence Berkeley National Laboratory, 510-495-2431; yelick@cs", "name": "Katherine A. Yelick", "img": "http://www.eecs.berkeley.edu/Faculty/Photos/Lists/yelick.jpg", "title": "Professor", "url": "http://www.eecs.berkeley.edu/Faculty/Homepages/yelick.html", "area": "Biosystems & Computational Biology (BIO), Scientific Computing (SCI), Programming Systems (PS)"},
{"url": "http://www.eecs.berkeley.edu/Faculty/Homepages/niryosef.html", "title": "Assistant Professor", "cont": "629 Soda Hall; niryosef@eecs", "name": "Nir Yosef", "area": "Computational Molecular Biology, Biosystems & Computational Biology (BIO)"}]