[{"title": "Emeritus Professor of Computer Science", "img": "http://www.cs.ucla.edu/wp-content/uploads/cs/AVIZIENIS-e1438206903155.jpg", "email": "aviz@ucla.edu", "name": "Algirdas Avizienis", "area": "computer system architecture and design; fault-tolerant computing; digital arithmetic", "url":"http://www.cs.ucla.edu/algirdas-avizienis/"},
{"title": "Emeritus Professor of Computer Science", "img": "http://www.cs.ucla.edu/wp-content/uploads/cs/bagrodia2-199x300.jpg", "email": "rajive@ucla.edu", "name": "Rajive Bagrodia", "area": "wireless networks; mobile computing and communications; network simulation and analysis; parallel and distributed computing","url":"http://www.cs.ucla.edu/rajive-bagrodia/"},
{"title": "Emeritus Professor of Computer Science", "email": "cardenas@ucla.edu", "name": "Alfonso F. Cardenas", "area": "database management; distributed heterogeneous and multimedia systems; information systems; medical informatics; legal and IP issues; software engineering","url":"http://www.cs.ucla.edu/alfonso-cardenas/"},
{"title": "Emeritus Professor of Computer Science", "img": "http://www.cs.ucla.edu/wp-content/uploads/cs/carlyle-NEW-211x300.jpg", "email": "jwc@ucla.edu", "name": "Jack Carlyle", "area": "communication; computation theory and practice; algorithms and complexity; discrete system theory; developmental and probabilistic systems","url":"http://www.cs.ucla.edu/jack-carlyle/"},
{"name": "Junghoo (John) Cho", "img": "http://www.cs.ucla.edu/wp-content/uploads/cs/JOHN-CHO-NEW2.jpg", "title": "Professor of Computer Science and Vice Chair of Graduate Studies", "url": "www.cs.ucla.edu/~cho", "area": "internet search engines; database systems; information management systems; digital libraries; large-scale internet data management", "email": "cho@ucla.edu"},
{"name": "Wesley Chu", "img": "http://www.cs.ucla.edu/wp-content/uploads/cs/WESLEY-CHU.jpg", "title": "Emeritus Distinguished Professor of Computer Science", "url": "www.cs.ucla.edu/~wwc", "area": "distributed processing and distributed database systems; intelligent information systems", "email": "wwc@ucla.edu"},
{"name": "Tyson Condie", "img": "http://www.cs.ucla.edu/wp-content/uploads/cs/CONDIE-PIC.jpg", "title": "Assistant Professor of Computer Science, Jon Postel Chair in Computer Science", "url": "www.cs.ucla.edu/~tcondie", "area": "Provide appropriate data management toolkits for the data scientist", "email": "tcondie@ucla.edu"},
{"title": "Professor of Computer Science", "img": "http://www.cs.ucla.edu/wp-content/uploads/cs/J-CONG-PIC.jpg", "email": "cong@ucla.edu", "name": "Jason (Jingsheng) Cong", "area": "computer-aided design of VLSI circuits; fault-tolerant designs of VLSI systems; design and analysis of algorithms"},
{"name": "Adnan Darwiche", "img": "http://www.cs.ucla.edu/wp-content/uploads/cs/DARWICHE-PIC.jpg", "title": "Professor of Computer Science", "url": "www.cs.ucla.edu/~darwiche", "area": "probabilistic and logical reasoning and its applications, including diagnosis, planning, and system design and analysis", "email": "darwiche@ucla.edu"},
{"title": "Distinguished Professor of Computer Science, Medicine &amp; Biomedical Engineering", "img": "http://www.cs.ucla.edu/wp-content/uploads/cs/DISTEFANO-NEW-PIC-212x300.jpg", "email": "joed@ucla.edu", "name": "Joseph Distefano III", "area": "biocybernetics, computational systems biology and physiology; biomedical systems modeling and control; integrative cancer biology; optimal drug therapy; intelligent software for automated biomodeling"},
{"title": "Professor of Computer Science", "img": "http://www.cs.ucla.edu/wp-content/uploads/cs/DYER-PIC-212x300.jpg", "email": "dyer@ucla.edu", "name": "Michael G. Dyer", "area": "processing and acquisition of natural language through symbolic, connectionist and genetic algorithm techniques"},
{"url": "www.cs.ucla.edu/~eggert", "name": "Paul Eggert", "img": "http://www.cs.ucla.edu/wp-content/uploads/cs/EGGERT-PIC.jpg", "area": "software design and engineering; programming language design and implementation; software internationalization"},
{"title": "Assistant Professor of Biological Chemistry and Computer Science", "img": "http://www.cs.ucla.edu/wp-content/uploads/cs/ERNST-PIC3.jpg", "email": "jason@ucla.edu", "name": "Jason Ernst", "area": "computational biology; bioinformatics; machine learning"},
{"name": "Milos D. Ercegovac", "img": "http://www.cs.ucla.edu/wp-content/uploads/cs/MILOS-PIC-211x300.jpg", "title": "Distinguished Professor", "url": "www.cs.ucla.edu/~milos", "area": "computer arithmetic and hardware-oriented algorithms; design of digital and reconfigurable systems", "email": "milos@ucla.edu"},
{"name": "Eleazar Eskin", "img": "http://www.cs.ucla.edu/wp-content/uploads/cs/ELEAZAR-ESKIN-PIC.jpg", "title": "Assistant Professor of Computer Science", "url": "www.cs.ucla.edu/~eeskin", "area": "bioinformatics; computational biology; machine learning", "email": "eeskin@ucla.edu"},
{"title": "Adjunct Professor of Computer Science", "img": "http://www.cs.ucla.edu/wp-content/uploads/cs/D-ESTRIN-PIC.jpg", "email": "destrin@ucla.edu", "name": "Deborah Estrin", "area": "embedded networked sensing; wireless sensing applications; environmental monitoring; network protocols"},
{"name": "Eliezer Gafni", "img": "http://www.cs.ucla.edu/wp-content/uploads/cs/GAFNI-PIC1.jpg", "title": "Professor of Computer Science", "url": "www.cs.ucla.edu/~eli", "area": "distributed algorithms; mathematical programming with application to data networks; computer science theory", "email": "eli@ucla.edu"},
{"name": "Mario Gerla", "img": "http://www.cs.ucla.edu/wp-content/uploads/cs/GERLA-PIC.jpg", "title": "Professor of Computer Science and Department Chairman, Jonathan B. Postel Chair", "url": "www.cs.ucla.edu/~gerla", "area": "wireless ad hoc networks; peer to peer communications; dynamic spectrum access; wireless security; mobile health system", "email": "gerla@ucla.edu"},
{"title": "Emeritus Professor of Computer Science", "img": "http://www.cs.ucla.edu/wp-content/uploads/cs/SHEILA-GREIBACH.jpg", "email": "greibach@ucla.edu", "name": "Sheila Greibach", "area": "algorithms and computational complexity; program schemes and semantics; formal languages and automata theory and computability"},
{"title": "Adjunct Professor of Computer Science", "img": "http://www.cs.ucla.edu/wp-content/uploads/cs/HECKERMAN-PIC.jpg", "email": "heckerma@ucla.edu", "name": "David Heckerman", "area": "learning from data; graphical models; data analysis and visualization in biology and medicine; design of HIV vaccines; genome-wide association studies"},
{"title": "Adjunct Professor of Computer Science", "img": "http://www.cs.ucla.edu/wp-content/uploads/cs/JACOBSON-PIC.jpg", "email": "vanj@ucla.edu", "name": "Van Jacobson", "area": "Internet Architecture Named Data Network (NDN), Content-Centric Networking."},
{"title": "Adjunct Professor of Computer Science", "img": "http://www.cs.ucla.edu/wp-content/uploads/cs/KAY-PIC-213x300.jpg", "email": "alan.kay@squeakland.org", "name": "Alan Kay", "area": "object-oriented programming; personal computing; graphical user interfaces"},
{"name": "Miryung Kim", "img": "http://www.cs.ucla.edu/wp-content/uploads/cs/KIM-PIC-9-1-15-211x300.jpg", "title": "Associate Professor of Computer Science", "url": "www.cs.ucla.edu/~miryung", "area": "Software Engineering, Software Evolution, Software Analysis Algorithm and Development Tools", "email": "miryung@ucla.edu"},
{"title": "Emeritus Distinguished Professor of Computer Science", "img": "http://www.cs.ucla.edu/wp-content/uploads/cs/KLEINROCK-PIC.jpg", "email": "lk@ucla.edu", "name": "Leonard Kleinrock", "area": "queueing theory; packet switching networks; packet radio networks; local area networks; broadband networks; nomadic computing; peer-to-peer networks; intelligent agents"},
{"name": "Allen Klinger", "img": "http://www.cs.ucla.edu/wp-content/uploads/cs/KLINGER-PIC.jpg", "title": "Emeritus Professor of Computer Science", "url": "www.cs.ucla.edu/~klinger", "area": "image analysis; pattern analysis; database systems; computer education", "email": "klinger@ucla.edu"},
{"name": "Eddie Kohler", "img": "http://www.cs.ucla.edu/wp-content/uploads/cs/KOHLER-PIC.jpg", "title": "Adjunct Associate Professor of Computer Science", "url": "www.cs.ucla.edu/~kohler", "area": "operating systems; software architecture; network measurement; network protocol design; programming language techniques for improving systems software", "email": "kohler@ucla.edu"},
{"name": "Richard Korf", "img": "http://www.cs.ucla.edu/wp-content/uploads/cs/KORF-PIC-212x300.jpg", "title": "Professor of Computer Science and Vice Chair of Undergraduate Studies", "url": "www.cs.ucla.edu/~korf", "area": "artificial intelligence, including problem-solving, heuristic search, planning and parallel processing", "email": "korf@ucla.edu"},
{"title": "Professor of Chemistry &amp; Biochemistry, Professor of Computer Science", "img": "http://www.cs.ucla.edu/wp-content/uploads/cs/LEE-PIC.jpg", "email": "leec@chem.ucla.edu", "name": "Christopher Lee", "area": "Bioinformatics; statistical inference"},
{"title": "Emeritus Senior Lecturer of Computer Science", "img": "http://www.cs.ucla.edu/wp-content/uploads/cs/LEVINE-PIC.jpg", "email": "levine@ucla.edu", "name": "Leon Levine", "area": "computer methodology"},
{"name": "Songwu Lu", "img": "http://www.cs.ucla.edu/wp-content/uploads/cs/LU-PIC.jpg", "title": "Professor of Computer Science", "url": "www.cs.ucla.edu/~slu", "area": "wireless networking; mobile computing; network security; sensor networks; network middleware", "email": "slu@ucla.edu"},
{"name": "Rupak Majumdar", "img": "http://www.cs.ucla.edu/wp-content/uploads/cs/MAJUMDAR-PIC-211x300.jpg", "title": "Adjunct Professor of Computer Science", "url": "www.cs.ucla.edu/~rupak", "area": "formal verification and control of systems; software verification and programming languages; game theoretic problems in verification; logic and automata theory", "email": "rupak@ucla.edu"},
{"area": "Computer Graphics, Discrete Simulation,Digital Filtering, Computer-aided Design, LSI Fabrication Techniques, Printed Circuit Board Design", "email": "mcnamee@ucla.edu", "img": "http://www.cs.ucla.edu/wp-content/uploads/cs/MCNAMEE-PIC.jpg", "name": "Lawrence P. McNamee"},
{"title": "Assistant Professor of Computer Science", "img": "http://www.cs.ucla.edu/wp-content/uploads/cs/MEKA-PORTRAIT-PIC-211x300.jpg", "email": "raghum@ucla.edu", "name": "Raghu Meka", "area": "complexity theory; learning theory; algorithms; probability theory"},
{"name": "Todd Millstein", "img": "http://www.cs.ucla.edu/wp-content/uploads/cs/MILLSTEIN-PIC-NEW.jpg", "title": "Professor of Computer Science", "url": "www.cs.ucla.edu/~todd", "area": "programming language design; static type systems; program analysis; software model checking; formal methods; compilers", "email": "todd@ucla.edu"},
{"name": "Richard R. Muntz", "img": "http://www.cs.ucla.edu/wp-content/uploads/cs/MUNTZ-PIC.jpg", "title": "Emeritus Distinguished Professor of Computer Science", "url": "www.cs.ucla.edu/~muntz", "area": "distributed and parallel database systems; temporal data models and query processing; knowledge discovery in database systems; computer performance evaluation", "email": "muntz@ucla.edu"},
{"title": "Adjunct Professor of Computer Science", "email": "kip@ucla.edu", "name": "Carey Nachenberg", "area": "Anti-virus and intrusion detection technology"},
{"name": "Ani Nahapetian", "img": "http://www.cs.ucla.edu/wp-content/uploads/cs/NAHAPETIAN-PIC.jpg", "title": "Adjunct Assistant Professor of Computer Science", "url": "www.cs.ucla.edu/~ani", "area": "Hardware-Based System Security, Embedded Systems, Mobile and Wireless Health Systems, Algorithms for Reconfigurable Computing", "email": "ani@ucla.edu"},
{"name": "Stanley Osher", "img": "http://www.cs.ucla.edu/wp-content/uploads/cs/OSHER-PIC.jpg", "title": "Professor of Mathematics, Professor of Computer Science", "url": "www.cs.ucla.edu/~sjo", "area": "applied mathematics; numerical methods for PDEs; level set methods; applications to image processing", "email": "sjo@math.ucla.edu"},
{"name": "Rafail Ostrovsky", "img": "http://www.cs.ucla.edu/wp-content/uploads/cs/OSTROVSKY-PIC.jpg", "title": "Professor of Computer Science, Professor of Mathematics", "url": "www.cs.ucla.edu/~rafail", "area": "theory of computation; cryptography and security; distributed algorithms; high-dimensional search; routing and flow control in communication networks", "email": "rafail@ucla.edu"},
{"name": "Jens Palsberg", "img": "http://www.cs.ucla.edu/wp-content/uploads/cs/PALSBERG-PIC.jpg", "title": "Professor of Computer Science", "url": "www.cs.ucla.edu/~palsberg", "area": "compilers; embedded systems; programming languages; software engineering; information security", "email": "palsberg@ucla.edu"},
{"title": "Adjunct Professor of Computer Science", "img": "http://www.cs.ucla.edu/wp-content/uploads/cs/PAO-PIC.jpg", "email": "peterspao@ucla.edu", "name": "Peter S. Pao", "area": "System Engineering"},
{"url": "www.cs.ucla.edu/~stott", "area": "Data Mining; Bioinformatics; Database Management and Scientific Data Management; Modeling", "email": "stott@ucla.edu", "img": "http://www.cs.ucla.edu/wp-content/uploads/cs/PARKER-PIC.jpg", "name": "D. Stott Parker"},
{"title": "Emeritus on recall Professor of Computer Science", "img": "http://www.cs.ucla.edu/wp-content/uploads/cs/PEARL-PIC-211x300.jpg", "email": "judea@ucla.edu", "name": "Judea Pearl", "area": "artificial intelligence and knowledge representation; probabilistic and causal reasoning; nonstandard logics; learning strategies"},
{"name": "Miodrag Potkonjak", "img": "http://www.cs.ucla.edu/wp-content/uploads/cs/PONTKONJAK-PIC.jpg", "title": "Professor of Computer Science", "url": "www.cs.ucla.edu/~miodrag", "area": "complex distributed systems; embedded systems; communication designs; computer-aided design; ad hoc sensor networks; computational security; electronic commerce; IP protection", "email": "miodrag@ucla.edu"},
{"name": "Ramin Ramezani", "img": "http://www.cs.ucla.edu/wp-content/uploads/cs/ramin_ramezani-1-212x300.jpg", "title": "Adjunct Professor of Computer Science", "url": "www.cs.ucla.edu/~ramin", "area": "logic and AI; inductive logic programming; constraint solving; machine learning; combined reasoning; signal processing; health analytics; wireless health", "email": "raminr@ucla.edu"},
{"title": "Adjunct Professor of Computer Science", "img": "http://www.cs.ucla.edu/wp-content/uploads/cs/REIHER-PIC.jpg", "email": "reiher@ucla.edu", "name": "Peter Reiher", "area": "file systems; network and computer security; distributed operating systems; ubiquitous computing; optimistic methods in computing; parallel discrete event simulation"},
{"name": "Glenn Reinman", "img": "http://www.cs.ucla.edu/wp-content/uploads/cs/REINMAN-PIC.jpg", "title": "Associate Professor of Computer Science", "url": "www.cs.ucla.edu/~reinman", "area": "processor architecture design and optimization; speculative execution; profile-guided optimization; finding and exploiting instruction-level parallelism", "email": "reinman@ucla.edu"},
{"name": "David A. Rennels", "img": "http://www.cs.ucla.edu/wp-content/uploads/cs/RENNELS-PIC.jpg", "title": "Emeritus Associate Professor of Computer Science", "url": "www.cs.ucla.edu/~rennels", "area": "computer systems architecture; fault-tolerant computing; modular architectures for VLSI implementation", "email": "rennels@ucla.edu"},
{"name": "Amit Sahai", "img": "http://www.cs.ucla.edu/wp-content/uploads/cs/SAHAI-PIC.jpg", "title": "Professor of Computer Science", "url": "www.cs.ucla.edu/~sahai", "area": "theoretical computer science; foundations of cryptography; computer security", "email": "sahai@ucla.edu"},
{"name": "M.Y. Medy Sanadidi", "img": "http://www.cs.ucla.edu/wp-content/uploads/cs/SANADIDI-PIC.jpg", "title": "Emeritus Professor of Computer Science", "url": "www.cs.ucla.edu/~medy", "area": "congestion control and adaptive multimedia streaming in heterogeneous networks; analytic modeling of computer and communications systems", "email": "medy@ucla.edu"},
{"title": "Assistant Professor of Computer Science, Assistant Professor of Human Genetics", "email": "sriram@ucla.edu", "img": "http://www.cs.ucla.edu/wp-content/uploads/cs/sriram-2-230x300.jpg", "name": "Sriram Sankararaman"},
{"name": "Majid Sarrafzadeh", "img": "http://www.cs.ucla.edu/wp-content/uploads/cs/MAJID-PIC1.jpg", "title": "Distinguished Professor of Computer Science", "url": "www.cs.ucla.edu/~majid", "area": "Health Analytics, Embedded Systems, Wireless Health, and Algorithm Design", "email": "majid@ucla.edu"},
{"name": "Fabien Scalzo", "img": "http://www.cs.ucla.edu/wp-content/uploads/cs/FABIEN-SCALZO-PIC.jpg", "title": "Assistant Professor in Residence", "url": "www.cs.ucla.edu/~fab", "area": "Medical Images, Machine Learning, Biomedical Informatics", "email": "fab@ucla.edu"},
{"url": "www.cs.ucla.edu/~feisha", "title": "Associate Professor of Computer Science", "email": "feisha@ucla.edu", "img": "http://www.cs.ucla.edu/wp-content/uploads/cs/S-SHA-PIC-1-212x300.jpg", "name": "Fei Sha"},
{"name": "Alexander Sherstov", "img": "http://www.cs.ucla.edu/wp-content/uploads/cs/SHERSTOV-PIC.jpg", "title": "Assistant Professor", "url": "www.cs.ucla.edu/~sherstov", "area": "theoretical computer science", "email": "sherstov@ucla.edu"},
{"title": "Lecturer of Computer Science", "email": "das@ucla.edu", "name": "David Smallberg", "area": "computer science education; programming languages; generic programming; student software analysis"},
{"name": "Stefano Soatto", "img": "http://www.cs.ucla.edu/wp-content/uploads/cs/SOATTO-PIC.jpg", "title": "Professor of Computer Science", "url": "www.cs.ucla.edu/~soatto", "area": "computer vision; machine learning; robotics", "email": "soatto@ucla.edu"},
{"title": "Professor of Electrical Engineering, Professor of Computer Science", "img": "http://www.cs.ucla.edu/wp-content/uploads/cs/SRIVASTAVA-PIC.jpg", "email": "@ucla.edu", "name": "Mani Srivastava", "area": "wireless networked and embedded systems; DSP VLSI"},
{"name": "Ameet Talwalkar", "img": "http://www.cs.ucla.edu/wp-content/uploads/cs/AMEET-TALWALKAR-PIC.jpg", "title": "Assistant Professor of Computer Science", "url": "www.cs.ucla.edu/~ameet", "area": "Statistical Machine Learning, Scalable Data Analytics, Computational Genomics", "email": "ameet@ucla.edu"},
{"name": "Yuval Tamir", "img": "http://www.cs.ucla.edu/wp-content/uploads/cs/TAMIR-PIC.jpg", "title": "Associate Professor of Computer Science", "url": "www.cs.ucla.edu/~tamir", "area": "parallel and distributed systems; fault-tolerant computing; multicore architectures; virtualization; cluster computing (OS, middleware); interconnection networks and switches; reliable network services", "email": "tamir@ucla.edu"},
{"name": "Demetri Terzopoulos", "img": "http://www.cs.ucla.edu/wp-content/uploads/cs/DEMETRI-PIC.jpg", "title": "Distinguished Professor and Chancellors Professor of Computer Science", "url": "www.cs.ucla.edu/~dt", "area": "computer graphics, computer vision, medical image analysis, computer-aided design, artificial life/intelligence", "email": "dt@ucla.edu"},
{"url": "www.cs.ucla.edu/~jenn", "email":"jenn@ucla.edu","title": "Adjunct Assistant Professor of Computer Science", "name": "Jennifer Wortman Vaughan", "img": "http://www.cs.ucla.edu/wp-content/uploads/cs/J-VAUGHAN-PIC.jpg", "area": "machine learning, learning theory, algorithmic economics, and social computing"},
{"url": "www.cs.ucla.edu/~guyvdb", "title": "Assistant Professor of Computer Science", "name": "Guy Van den Broeck", "img": "http://www.cs.ucla.edu/wp-content/uploads/cs/GUY-PIC-211x300.jpg", "area": "machine learning, knowledge representation and reasoning, applications of probabilistic reasoning and learning, artificial intelligence"},
{"url": "www.cs.ucla.edu/~vidal", "title": "Emeritus Professor of Computer Science", "email": "vidal@ucla.edu", "name": "Jacques Vidal", "area": "neuromimetic information processing; pattern recognition; neural networks, fuzzy systems and genetic search; multimedia communication for engineering and science education"},
{"name": "Wei Wang", "img": "http://www.cs.ucla.edu/wp-content/uploads/cs/WEI-WANG-PIC-212x300.jpg", "title": "Professor of Computer Science", "url": "www.cs.ucla.edu/~weiwang", "area": "Data Mining, Bioinformatics, Database Systems.", "email": "weiwang@ucla.edu"},
{"name": "Alessandro Warth", "img": "http://www.cs.ucla.edu/wp-content/uploads/cs/A-WARTH-PIC-3.jpg", "title": "Adjunct Assistant Professor of Computer Science", "url": "www.cs.ucla.edu/~awarth", "area": "programming language design and implementation, rapid prototyping, improving the programming experience", "email": "awarth@ucla.edu"},
{"name": "Alan Yuille", "img": "http://www.cs.ucla.edu/wp-content/uploads/cs/YUILLE-PIC.jpg", "title": "Professor of Statistics, Professor of Computer Science", "url": "www.cs.ucla.edu/~yuille", "area": "computer vision; statistical modeling and computing; machine learning", "email": "yuille@stat.ucla.edu"},
{"name": "Carlo Zaniolo", "img": "http://www.cs.ucla.edu/wp-content/uploads/cs/ZANIOLO-PIC.jpg", "title": "N.E. Friedmann Chair in Knowledge Science, Professor of Computer Science", "url": "www.cs.ucla.edu/~zaniolo", "area": "knowledge-based systems; database systems; non-monotonic reasoning; spatio/temporal reasoning; scientific databases", "email": "zaniolo@ucla.edu"},
{"name": "Lixia Zhang", "img": "http://www.cs.ucla.edu/wp-content/uploads/cs/ZHANG-PIC1.jpg", "title": "Professor of Computer Science", "url": "www.cs.ucla.edu/~lixia", "area": "Internet architecture and protocol designs; security in large scale and open systems", "email": "lixia@ucla.edu"},
{"name": "Song Chun Zhu", "img": "http://www.cs.ucla.edu/wp-content/uploads/cs/S-ZHU-PIC.jpg", "title": "Professor of Statistics, Professor of Computer Science", "url": "www.cs.ucla.edu/~sczhu", "area": "computer vision; statistical modeling and computing; vision and visual arts; machine learning", "email": "sczhu@ucla.edu"}]