[{"addr": "4126 Siebel Center for Comp Sci", "img": "http://ws.engr.illinois.edu/directory/viewphoto/5019/200", "title": "Willett Faculty Scholar and Professor", "url": "http://cs.illinois.edu/directory/profile/zaher", "phone": "(217) 265-6793", "email": "zaher@illinois.edu", "name": "Tarek F. Abdelzaher"},
{"addr": "4104 Siebel Center for Comp Sci", "img": "http://ws.engr.illinois.edu/directory/viewphoto/4993/200", "title": "Professor", "url": "http://cs.illinois.edu/directory/profile/sadve", "phone": "(217) 333-8461", "email": "sadve@illinois.edu", "name": "Sarita V. Adve"},
{"addr": "4235 Siebel Center for Comp Sci", "img": "http://ws.engr.illinois.edu/directory/viewphoto/5009/200", "title": "Professor", "url": "http://cs.illinois.edu/directory/profile/vadve", "phone": "(217) 244-2016", "email": "vadve@illinois.edu", "name": "Vikram Adve"},
{"addr": "2104 Siebel Center for Comp Sci", "img": "http://ws.engr.illinois.edu/directory/viewphoto/4909/200", "title": "Professor", "url": "http://cs.illinois.edu/directory/profile/agha", "phone": "(217) 244-3087", "email": "agha@illinois.edu", "name": "Gul Agha"},
{"addr": "2217 Siebel Center for Comp Sci", "img": "http://ws.engr.illinois.edu/directory/viewphoto/4929/200", "title": "Senior Lecturer", "url": "http://cs.illinois.edu/directory/profile/angrave", "phone": "(217) 333-1424", "email": "angrave@illinois.edu", "name": "Lawrence Christopher Angrave"},
{"addr": "3108 Siebel Center for Comp Sci", "img": "http://ws.engr.illinois.edu/directory/viewphoto/4910/200", "title": "Associate Professor", "url": "http://cs.illinois.edu/directory/profile/bpbailey", "phone": "(217) 333-6106", "email": "bpbailey@illinois.edu", "name": "Brian P. Bailey"},
{"addr": "2227 Siebel Center for Comp Sci", "img": "http://ws.engr.illinois.edu/directory/viewphoto/54215/200", "title": "Senior Lecturer", "url": "http://cs.illinois.edu/directory/profile/mattox", "phone": "", "email": "mattox@illinois.edu", "name": "Mattox Beckman, Jr"},
{"addr": "4126 Siebel Center for Comp Sci", "img": "http://ws.engr.illinois.edu/directory/viewphoto/5019/200", "area": "Systems and Networking - Cyber-Physical Computing", "url": "http://cs.illinois.edu/directory/profile/zaher", "title": "Willett Faculty Scholar and Professor", "phone": "(217) 265-6793", "email": "zaher@illinois.edu", "name": "Tarek F. Abdelzaher"},
{"addr": "4118 Siebel Center for Comp Sci", "img": "http://ws.engr.illinois.edu/directory/viewphoto/4972/200", "title": "Professor", "url": "http://cs.illinois.edu/directory/profile/mcaccamo", "phone": "(217) 244-0528", "email": "mcaccamo@illinois.edu", "name": "Marco Caccamo"},
{"addr": "3118 Siebel Center for Comp Sci", "img": "http://ws.engr.illinois.edu/directory/viewphoto/4911/200", "title": "Associate Professor", "url": "http://cs.illinois.edu/directory/profile/caesar", "phone": "(847) 323-2968", "email": "caesar@illinois.edu", "name": "Matthew Caesar"},
{"addr": "3108 Siebel Center for Comp Sci", "img": "http://ws.engr.illinois.edu/directory/viewphoto/4910/200", "area": "Graphics, Visualization and HCI", "url": "http://cs.illinois.edu/directory/profile/bpbailey", "title": "Associate Professor", "phone": "(217) 333-6106", "email": "bpbailey@illinois.edu", "name": "Brian P. Bailey"},
{"addr": "4104 Siebel Center for Comp Sci", "img": "http://ws.engr.illinois.edu/directory/viewphoto/4993/200", "area": "Architecture, Compilers, and Parallel Computing", "url": "http://cs.illinois.edu/directory/profile/sadve", "title": "Professor", "phone": "(217) 333-8461", "email": "sadve@illinois.edu", "name": "Sarita V. Adve"},
{"addr": "4235 Siebel Center for Comp Sci", "img": "http://ws.engr.illinois.edu/directory/viewphoto/5009/200", "area": "Architecture, Compilers, and Parallel Computing", "url": "http://cs.illinois.edu/directory/profile/vadve", "title": "Professor", "phone": "(217) 244-2016", "email": "vadve@illinois.edu", "name": "Vikram Adve"},
{"addr": "3122 Siebel Center for Comp Sci", "img": "http://ws.engr.illinois.edu/directory/viewphoto/4988/200", "title": "Sohaib and Sara Abbasi Professor", "url": "http://cs.illinois.edu/directory/profile/rhc", "phone": "(217) 333-0215", "email": "rhc@illinois.edu", "name": "Roy H. Campbell"},
{"addr": "2134 Siebel Center for Comp Sci", "img": "http://ws.engr.illinois.edu/directory/viewphoto/4960/200", "title": "Professor", "url": "http://cs.illinois.edu/directory/profile/kcchang", "phone": "(217) 244-2919", "email": "kcchang@illinois.edu", "name": "Kevin C. Chang"},
{"addr": "2217 Siebel Center for Comp Sci", "img": "http://ws.engr.illinois.edu/directory/viewphoto/4929/200", "area": "", "url": "http://cs.illinois.edu/directory/profile/angrave", "title": "Senior Lecturer", "phone": "(217) 333-1424", "email": "angrave@illinois.edu", "name": "Lawrence Christopher Angrave"},
{"addr": "2104 Siebel Center for Comp Sci", "img": "http://ws.engr.illinois.edu/directory/viewphoto/4909/200", "area": "Programming Languages, Formal Methods, and Software Engineering", "url": "http://cs.illinois.edu/directory/profile/agha", "title": "Professor", "phone": "(217) 244-3087", "email": "agha@illinois.edu", "name": "Gul Agha"},
{"addr": "2231 Siebel Center for Comp Sci", "img": "http://ws.engr.illinois.edu/directory/viewphoto/47319/200", "title": "Lecturer", "url": "http://cs.illinois.edu/directory/profile/wlchapma", "phone": "", "email": "wlchapma@illinois.edu", "name": "William L. Chapman"},
{"addr": "3228 Siebel Center for Comp Sci", "img": "http://ws.engr.illinois.edu/directory/viewphoto/4932/200", "title": "Professor", "url": "http://cs.illinois.edu/directory/profile/chekuri", "phone": "(217) 265-0705", "email": "chekuri@illinois.edu", "name": "Chandra Sekhar Chekuri"},
{"addr": "2211 Siebel Center for Comp Sci", "img": "http://ws.engr.illinois.edu/directory/viewphoto/20459/200", "title": "Lecturer", "url": "http://cs.illinois.edu/directory/profile/rcunnin2", "phone": "", "email": "rcunnin2@illinois.edu", "name": "Ryan Matthew Cunningham"},
{"addr": "2227 Siebel Center for Comp Sci", "img": "http://ws.engr.illinois.edu/directory/viewphoto/54215/200", "area": "Programming Languages, Formal Methods, and Software Engineering - Programming Languages", "url": "http://cs.illinois.edu/directory/profile/mattox", "title": "Senior Lecturer", "phone": "", "email": "mattox@illinois.edu", "name": "Mattox Beckman, Jr"},
{"addr": "4118 Siebel Center for Comp Sci", "img": "http://ws.engr.illinois.edu/directory/viewphoto/4972/200", "area": "Systems and Networking", "url": "http://cs.illinois.edu/directory/profile/mcaccamo", "title": "Professor", "phone": "(217) 244-0528", "email": "mcaccamo@illinois.edu", "name": "Marco Caccamo"},
{"addr": "3320 Siebel Center for Comp Sci", "img": "http://ws.engr.illinois.edu/directory/viewphoto/4978/200", "title": "Professor", "url": "http://cs.illinois.edu/directory/profile/mrebl", "phone": "(217) 333-0491", "email": "mrebl@illinois.edu", "name": "Jerry DeJong, II"},
{"addr": "3304 Siebel Center for Comp Sci", "img": "http://ws.engr.illinois.edu/directory/viewphoto/4953/200", "title": "Professor", "url": "http://cs.illinois.edu/directory/profile/jeffe", "phone": "(217) 333-6769", "email": "jeffe@illinois.edu", "name": "Jeff Erickson"},
{"addr": "3118 Siebel Center for Comp Sci", "img": "http://ws.engr.illinois.edu/directory/viewphoto/4911/200", "area": "Systems and Networking", "url": "http://cs.illinois.edu/directory/profile/caesar", "title": "Associate Professor", "phone": "(847) 323-2968", "email": "caesar@illinois.edu", "name": "Matthew Caesar"},
{"addr": "3228 Siebel Center for Comp Sci", "img": "http://ws.engr.illinois.edu/directory/viewphoto/4932/200", "area": "Theory and Algorithms", "url": "http://cs.illinois.edu/directory/profile/chekuri", "title": "Professor", "phone": "(217) 265-0705", "email": "chekuri@illinois.edu", "name": "Chandra Sekhar Chekuri"},
{"addr": "3122 Siebel Center for Comp Sci", "img": "http://ws.engr.illinois.edu/directory/viewphoto/4988/200", "area": "Systems and Networking - Cloud Computing", "url": "http://cs.illinois.edu/directory/profile/rhc", "title": "Sohaib and Sara Abbasi Professor", "phone": "(217) 333-0215", "email": "rhc@illinois.edu", "name": "Roy H. Campbell"},
{"addr": "2215 Siebel Center for Comp Sci", "img": "http://ws.engr.illinois.edu/directory/viewphoto/40526/200", "title": "Teaching Assistant Professor", "url": "http://cs.illinois.edu/directory/profile/waf", "phone": "(217) 300-2812", "email": "waf@illinois.edu", "name": "Wade A. Fagen"},
{"addr": "4320 Siebel Center for Comp Sci", "img": "http://ws.engr.illinois.edu/directory/viewphoto/46066/200", "title": "Professor", "url": "http://cs.illinois.edu/directory/profile/fischerp", "phone": "(217) 300-2031", "email": "fischerp@illinois.edu", "name": "Paul Fischer"},
{"addr": "2134 Siebel Center for Comp Sci", "img": "http://ws.engr.illinois.edu/directory/viewphoto/4960/200", "area": "Database and Information Systems", "url": "http://cs.illinois.edu/directory/profile/kcchang", "title": "Professor", "phone": "(217) 244-2919", "email": "kcchang@illinois.edu", "name": "Kevin C. Chang"},
{"addr": "2231 Siebel Center for Comp Sci", "img": "http://ws.engr.illinois.edu/directory/viewphoto/47319/200", "area": "", "url": "http://cs.illinois.edu/directory/profile/wlchapma", "title": "Lecturer", "phone": "", "email": "wlchapma@illinois.edu", "name": "William L. Chapman"},
{"addr": "3214 Siebel Center for Comp Sci", "img": "http://ws.engr.illinois.edu/directory/viewphoto/11978/200", "title": "Senior Lecturer", "url": "http://cs.illinois.edu/directory/profile/mfleck", "phone": "(217) 265-6838", "email": "mfleck@illinois.edu", "name": "Margaret M. Fleck"},
{"addr": "3310 Siebel Center for Comp Sci", "img": "http://ws.engr.illinois.edu/directory/viewphoto/4934/200", "title": "Professor", "url": "http://cs.illinois.edu/directory/profile/daf", "phone": "(217) 265-6851", "email": "daf@illinois.edu", "name": "David Alexander Forsyth"},
{"addr": "3216 Siebel Center for Comp Sci", "img": "http://ws.engr.illinois.edu/directory/viewphoto/10896/200", "title": "Associate Professor", "url": "http://cs.illinois.edu/directory/profile/wfu", "phone": "(217) 333-8183", "email": "wfu@illinois.edu", "name": "Wai-Tat Fu"},
{"addr": "4308 Siebel Center for Comp Sci", "img": "http://ws.engr.illinois.edu/directory/viewphoto/11561/200", "title": "Research Associate Professor", "url": "http://cs.illinois.edu/directory/profile/garzaran", "phone": "(217) 244-8878", "email": "garzaran@illinois.edu", "name": "Maria Jesus Garzaran"},
{"addr": "3211 Siebel Center for Comp Sci", "img": "http://ws.engr.illinois.edu/directory/viewphoto/7958/200", "title": "Associate Professor", "url": "http://cs.illinois.edu/directory/profile/pbg", "phone": "(217) 333-4862", "email": "pbg@illinois.edu", "name": "P. Brighten Godfrey"},
{"addr": "4314 Siebel Center for Comp Sci", "img": "http://ws.engr.illinois.edu/directory/viewphoto/5014/200", "title": "Thomas M. Siebel Chair in Computer Science", "url": "http://cs.illinois.edu/directory/profile/wgropp", "phone": "(217) 244-6720", "email": "wgropp@illinois.edu", "name": "William D. Gropp"},
{"addr": "4304 Siebel Center for Comp Sci", "img": "http://ws.engr.illinois.edu/directory/viewphoto/4931/200", "title": "Professor", "url": "http://cs.illinois.edu/directory/profile/cgunter", "phone": "(217) 244-1982", "email": "cgunter@illinois.edu", "name": "Carl A. Gunter"},
{"addr": "3304 Siebel Center for Comp Sci", "img": "http://ws.engr.illinois.edu/directory/viewphoto/4953/200", "area": "Theory and Algorithms", "url": "http://cs.illinois.edu/directory/profile/jeffe", "title": "Professor", "phone": "(217) 333-6769", "email": "jeffe@illinois.edu", "name": "Jeff Erickson"},
{"addr": "2211 Siebel Center for Comp Sci", "img": "http://ws.engr.illinois.edu/directory/viewphoto/20459/200", "area": "Bioinformatics and Computational Biology - Bioinformatics", "url": "http://cs.illinois.edu/directory/profile/rcunnin2", "title": "Lecturer", "phone": "", "email": "rcunnin2@illinois.edu", "name": "Ryan Matthew Cunningham"},
{"addr": "2215 Siebel Center for Comp Sci", "img": "http://ws.engr.illinois.edu/directory/viewphoto/40526/200", "area": "", "url": "http://cs.illinois.edu/directory/profile/waf", "title": "Teaching Assistant Professor", "phone": "(217) 300-2812", "email": "waf@illinois.edu", "name": "Wade A. Fagen"},
{"addr": "3214 Siebel Center for Comp Sci", "img": "http://ws.engr.illinois.edu/directory/viewphoto/11978/200", "area": "Artificial Intelligence - Natural Language Processing", "url": "http://cs.illinois.edu/directory/profile/mfleck", "title": "Senior Lecturer", "phone": "(217) 265-6838", "email": "mfleck@illinois.edu", "name": "Margaret M. Fleck"},
{"addr": "3320 Siebel Center for Comp Sci", "img": "http://ws.engr.illinois.edu/directory/viewphoto/4978/200", "area": "Artificial Intelligence - Machine Learning", "url": "http://cs.illinois.edu/directory/profile/mrebl", "title": "Professor", "phone": "(217) 333-0491", "email": "mrebl@illinois.edu", "name": "Jerry DeJong, II"},
{"addr": "4320 Siebel Center for Comp Sci", "img": "http://ws.engr.illinois.edu/directory/viewphoto/46066/200", "area": "Scientific Computing", "url": "http://cs.illinois.edu/directory/profile/fischerp", "title": "Professor", "phone": "(217) 300-2031", "email": "fischerp@illinois.edu", "name": "Paul Fischer"},
{"addr": "2112 Siebel Center for Comp Sci", "img": "http://ws.engr.illinois.edu/directory/viewphoto/11979/200", "title": "Research Professor", "url": "http://cs.illinois.edu/directory/profile/egunter", "phone": "(217) 265-6118", "email": "egunter@illinois.edu", "name": "Elsa L. Gunter"},
{"addr": "3310 Siebel Center for Comp Sci", "img": "http://ws.engr.illinois.edu/directory/viewphoto/4934/200", "area": "Artificial Intelligence", "url": "http://cs.illinois.edu/directory/profile/daf", "title": "Professor", "phone": "(217) 265-6851", "email": "daf@illinois.edu", "name": "David Alexander Forsyth"},
{"addr": "3112 Siebel Center for Comp Sci", "img": "http://ws.engr.illinois.edu/directory/viewphoto/4951/200", "title": "Associate Professor", "url": "http://cs.illinois.edu/directory/profile/indy", "phone": "(217) 265-5517", "email": "indy@illinois.edu", "name": "Indranil Gupta"},
{"addr": "3216 Siebel Center for Comp Sci", "img": "http://ws.engr.illinois.edu/directory/viewphoto/10896/200", "area": "Graphics, Visualization and HCI", "url": "http://cs.illinois.edu/directory/profile/wfu", "title": "Associate Professor", "phone": "(217) 333-8183", "email": "wfu@illinois.edu", "name": "Wai-Tat Fu"},
{"addr": "4314 Siebel Center for Comp Sci", "img": "http://ws.engr.illinois.edu/directory/viewphoto/5014/200", "area": "Scientific Computing", "url": "http://cs.illinois.edu/directory/profile/wgropp", "title": "Thomas M. Siebel Chair in Computer Science", "phone": "(217) 244-6720", "email": "wgropp@illinois.edu", "name": "William D. Gropp"},
{"addr": "3211 Siebel Center for Comp Sci", "img": "http://ws.engr.illinois.edu/directory/viewphoto/7958/200", "area": "Systems and Networking", "url": "http://cs.illinois.edu/directory/profile/pbg", "title": "Associate Professor", "phone": "(217) 333-4862", "email": "pbg@illinois.edu", "name": "P. Brighten Godfrey"},
{"addr": "2132 Siebel Center for Comp Sci", "img": "http://ws.engr.illinois.edu/directory/viewphoto/4947/200", "title": "Abel Bliss Professor of Engineering", "url": "http://cs.illinois.edu/directory/profile/hanj", "phone": "(217) 333-6903", "email": "hanj@illinois.edu", "name": "Jiawei Han"},
{"addr": "4308 Siebel Center for Comp Sci", "img": "http://ws.engr.illinois.edu/directory/viewphoto/11561/200", "area": "Architecture, Compilers, and Parallel Computing", "url": "http://cs.illinois.edu/directory/profile/garzaran", "title": "Research Associate Professor", "phone": "(217) 244-8878", "email": "garzaran@illinois.edu", "name": "Maria Jesus Garzaran"},
{"addr": "3306 Siebel Center for Comp Sci", "img": "http://ws.engr.illinois.edu/directory/viewphoto/4994/200", "title": "Professor", "url": "http://cs.illinois.edu/directory/profile/sariel", "phone": "(217) 333-4219", "email": "sariel@illinois.edu", "name": "Sariel Har-Peled"},
{"addr": "3227 Siebel Center for Comp Sci", "img": "http://ws.engr.illinois.edu/directory/viewphoto/4952/200", "title": "Professor", "url": "http://cs.illinois.edu/directory/profile/jch", "phone": "(217) 333-8740", "email": "jch@illinois.edu", "name": "John C. Hart"},
{"addr": "2213 Siebel Center for Comp Sci", "img": "http://ws.engr.illinois.edu/directory/viewphoto/4930/200", "title": "Senior Lecturer", "url": "http://cs.illinois.edu/directory/profile/c-heeren", "phone": "(217) 244-2529", "email": "c-heeren@illinois.edu", "name": "Cinda Heeren"},
{"addr": "4304 Siebel Center for Comp Sci", "img": "http://ws.engr.illinois.edu/directory/viewphoto/4931/200", "area": "Systems and Networking - Computer Security", "url": "http://cs.illinois.edu/directory/profile/cgunter", "title": "Professor", "phone": "(217) 244-1982", "email": "cgunter@illinois.edu", "name": "Carl A. Gunter"},
{"addr": "", "img": "http://ws.engr.illinois.edu/directory/viewphoto/53985/200", "title": "Lecturer", "url": "http://cs.illinois.edu/directory/profile/mhellwig", "phone": "", "email": "mhellwig@illinois.edu", "name": "Martin Hellwig"},
{"addr": "2112 Siebel Center for Comp Sci", "img": "http://ws.engr.illinois.edu/directory/viewphoto/11979/200", "area": "Programming Languages, Formal Methods, and Software Engineering - Formal Methods", "url": "http://cs.illinois.edu/directory/profile/egunter", "title": "Research Professor", "phone": "(217) 265-6118", "email": "egunter@illinois.edu", "name": "Elsa L. Gunter"},
{"addr": "3324 Siebel Center for Comp Sci", "img": "http://ws.engr.illinois.edu/directory/viewphoto/4957/200", "title": "Associate Professor", "url": "http://cs.illinois.edu/directory/profile/juliahmr", "phone": "(217) 265-6855", "email": "juliahmr@illinois.edu", "name": "Julia Hockenmaier"},
{"addr": "3112 Siebel Center for Comp Sci", "img": "http://ws.engr.illinois.edu/directory/viewphoto/4951/200", "area": "Systems and Networking", "url": "http://cs.illinois.edu/directory/profile/indy", "title": "Associate Professor", "phone": "(217) 265-5517", "email": "indy@illinois.edu", "name": "Indranil Gupta"},
{"addr": "3312 Siebel Center for Comp Sci", "img": "http://ws.engr.illinois.edu/directory/viewphoto/11548/200", "title": "Associate Professor", "url": "http://cs.illinois.edu/directory/profile/dhoiem", "phone": "(217) 333-0806", "email": "dhoiem@illinois.edu", "name": "Derek W. Hoiem"},
{"addr": "3224 Siebel Center for Comp Sci", "img": "http://ws.engr.illinois.edu/directory/viewphoto/4999/200", "title": "Professor", "url": "http://cs.illinois.edu/directory/profile/shj", "phone": "(217) 244-7275", "email": "shj@illinois.edu", "name": "Sheldon Howard Jacobson"},
{"addr": "3306 Siebel Center for Comp Sci", "img": "http://ws.engr.illinois.edu/directory/viewphoto/4994/200", "area": "Theory and Algorithms", "url": "http://cs.illinois.edu/directory/profile/sariel", "title": "Professor", "phone": "(217) 333-4219", "email": "sariel@illinois.edu", "name": "Sariel Har-Peled"},
{"addr": "2132 Siebel Center for Comp Sci", "img": "http://ws.engr.illinois.edu/directory/viewphoto/4947/200", "area": "Database and Information Systems - Data Mining", "url": "http://cs.illinois.edu/directory/profile/hanj", "title": "Abel Bliss Professor of Engineering", "phone": "(217) 333-6903", "email": "hanj@illinois.edu", "name": "Jiawei Han"},
{"addr": "4212 Siebel Center for Comp Sci", "img": "http://ws.engr.illinois.edu/directory/viewphoto/4958/200", "title": "Professor", "url": "http://cs.illinois.edu/directory/profile/kale", "phone": "(217) 244-0094", "email": "kale@illinois.edu", "name": "Laxmikant V. Kale"},
{"addr": "3110 Siebel Center for Comp Sci", "img": "http://ws.engr.illinois.edu/directory/viewphoto/4963/200", "title": "Associate Professor", "url": "http://cs.illinois.edu/directory/profile/kkarahal", "phone": "(217) 265-6841", "email": "kkarahal@illinois.edu", "name": "Karrie G. Karahalios"},
{"addr": "3312 Siebel Center for Comp Sci", "img": "http://ws.engr.illinois.edu/directory/viewphoto/11548/200", "area": "Artificial Intelligence - Vision", "url": "http://cs.illinois.edu/directory/profile/dhoiem", "title": "Associate Professor", "phone": "(217) 333-0806", "email": "dhoiem@illinois.edu", "name": "Derek W. Hoiem"},
{"addr": "3324 Siebel Center for Comp Sci", "img": "http://ws.engr.illinois.edu/directory/viewphoto/4957/200", "area": "Artificial Intelligence", "url": "http://cs.illinois.edu/directory/profile/juliahmr", "title": "Associate Professor", "phone": "(217) 265-6855", "email": "juliahmr@illinois.edu", "name": "Julia Hockenmaier"},
{"addr": "2213 Siebel Center for Comp Sci", "img": "http://ws.engr.illinois.edu/directory/viewphoto/4930/200", "area": "", "url": "http://cs.illinois.edu/directory/profile/c-heeren", "title": "Senior Lecturer", "phone": "(217) 244-2529", "email": "c-heeren@illinois.edu", "name": "Cinda Heeren"},
{"addr": "3227 Siebel Center for Comp Sci", "img": "http://ws.engr.illinois.edu/directory/viewphoto/4952/200", "area": "Graphics, Visualization and HCI - Graphics", "url": "http://cs.illinois.edu/directory/profile/jch", "title": "Professor", "phone": "(217) 333-8740", "email": "jch@illinois.edu", "name": "John C. Hart"},
{"addr": "3220 Siebel Center for Comp Sci", "img": "http://ws.engr.illinois.edu/directory/viewphoto/4962/200", "title": "Professor", "url": "http://cs.illinois.edu/directory/profile/kirlik", "phone": "(217) 244-8972", "email": "kirlik@illinois.edu", "name": "Alex Kirlik"},
{"addr": "", "img": "http://ws.engr.illinois.edu/directory/viewphoto/53985/200", "area": "", "url": "http://cs.illinois.edu/directory/profile/mhellwig", "title": "Lecturer", "phone": "", "email": "mhellwig@illinois.edu", "name": "Martin Hellwig"},
{"addr": "4318 Siebel Center for Comp Sci", "img": "http://ws.engr.illinois.edu/directory/viewphoto/39175/200", "title": "Assistant Professor", "url": "http://cs.illinois.edu/directory/profile/andreask", "phone": "(217) 244-6401", "email": "andreask@illinois.edu", "name": "Andreas Kloeckner"},
{"addr": "3222 Siebel Center for Comp Sci", "img": "http://ws.engr.illinois.edu/directory/viewphoto/24294/200", "title": "Assistant Professor", "url": "http://cs.illinois.edu/directory/profile/akolla", "phone": "(217) 333-5821", "email": "akolla@illinois.edu", "name": "Alexandra Kolla"},
{"addr": "", "img": "http://ws.engr.illinois.edu/directory/viewphoto/58116/200", "title": "Adjunct Assistant Professor", "url": "http://cs.illinois.edu/directory/profile/sanmi", "phone": "", "email": "sanmi@illinois.edu", "name": "Oluwasanmi Oluseye Koyejo"},
{"addr": "3224 Siebel Center for Comp Sci", "img": "http://ws.engr.illinois.edu/directory/viewphoto/4999/200", "area": "Theory and Algorithms - Optimization", "url": "http://cs.illinois.edu/directory/profile/shj", "title": "Professor", "phone": "(217) 244-7275", "email": "shj@illinois.edu", "name": "Sheldon Howard Jacobson"},
{"addr": "4122 E Nat Center for Suprcomp Appl", "img": "http://ws.engr.illinois.edu/directory/viewphoto/51090/200", "title": "Research Professor", "url": "http://cs.illinois.edu/directory/profile/wtkramer", "phone": "(217) 333-6260", "email": "wtkramer@illinois.edu", "name": "William T. Kramer"},
{"addr": "3114 Siebel Center for Comp Sci", "img": "http://ws.engr.illinois.edu/directory/viewphoto/4989/200", "title": "Associate Professor", "url": "http://cs.illinois.edu/directory/profile/rhk", "phone": "(217) 244-6026", "email": "rhk@illinois.edu", "name": "Robin H. Kravets"},
{"addr": "3110 Siebel Center for Comp Sci", "img": "http://ws.engr.illinois.edu/directory/viewphoto/4963/200", "area": "Graphics, Visualization and HCI - Human Computer Interaction", "url": "http://cs.illinois.edu/directory/profile/kkarahal", "title": "Associate Professor", "phone": "(217) 265-6841", "email": "kkarahal@illinois.edu", "name": "Karrie G. Karahalios"},
{"addr": "3222 Siebel Center for Comp Sci", "img": "http://ws.engr.illinois.edu/directory/viewphoto/24294/200", "area": "Theory and Algorithms", "url": "http://cs.illinois.edu/directory/profile/akolla", "title": "Assistant Professor", "phone": "(217) 333-5821", "email": "akolla@illinois.edu", "name": "Alexandra Kolla"},
{"addr": "4212 Siebel Center for Comp Sci", "img": "http://ws.engr.illinois.edu/directory/viewphoto/4958/200", "area": "", "url": "http://cs.illinois.edu/directory/profile/kale", "title": "Professor", "phone": "(217) 244-0094", "email": "kale@illinois.edu", "name": "Laxmikant V. Kale"},
{"addr": "3116 Siebel Center for Comp Sci", "img": "http://ws.engr.illinois.edu/directory/viewphoto/41958/200", "title": "Assistant Professor", "url": "http://cs.illinois.edu/directory/profile/ranjitha", "phone": "(217) 300-0953", "email": "ranjitha@illinois.edu", "name": "Ranjitha Kumar"},
{"addr": "3318 Siebel Center for Comp Sci", "img": "http://ws.engr.illinois.edu/directory/viewphoto/4965/200", "title": "Professor", "url": "http://cs.illinois.edu/directory/profile/lavalle", "phone": "(217) 265-6313", "email": "lavalle@illinois.edu", "name": "Steven M. LaValle"},
{"addr": "4318 Siebel Center for Comp Sci", "img": "http://ws.engr.illinois.edu/directory/viewphoto/39175/200", "area": "Scientific Computing - Numerical Techniques", "url": "http://cs.illinois.edu/directory/profile/andreask", "title": "Assistant Professor", "phone": "(217) 244-6401", "email": "andreask@illinois.edu", "name": "Andreas Kloeckner"},
{"addr": "3220 Siebel Center for Comp Sci", "img": "http://ws.engr.illinois.edu/directory/viewphoto/4962/200", "area": "Graphics, Visualization and HCI", "url": "http://cs.illinois.edu/directory/profile/kirlik", "title": "Professor", "phone": "(217) 244-8972", "email": "kirlik@illinois.edu", "name": "Alex Kirlik"},
{"addr": "3308 Siebel Center for Comp Sci", "img": "http://ws.engr.illinois.edu/directory/viewphoto/22931/200", "title": "Associate Professor", "url": "http://cs.illinois.edu/directory/profile/slazebni", "phone": "(217) 300-2422", "email": "slazebni@illinois.edu", "name": "Svetlana Lazebnik"},
{"addr": "4233 Siebel Center for Comp Sci", "img": "http://ws.engr.illinois.edu/directory/viewphoto/4970/200", "title": "Associate Professor", "url": "http://cs.illinois.edu/directory/profile/marinov", "phone": "(217) 265-6117", "email": "marinov@illinois.edu", "name": "Darko Marinov"},
{"addr": "3218 Siebel Center for Comp Sci", "img": "http://ws.engr.illinois.edu/directory/viewphoto/58210/200", "title": "Assistant Professor", "url": "http://cs.illinois.edu/directory/profile/rutameht", "phone": "", "email": "rutameht@illinois.edu", "name": "Ruta Mehta"},
{"addr": "", "img": "http://ws.engr.illinois.edu/directory/viewphoto/58116/200", "area": "Artificial Intelligence - Machine Learning", "url": "http://cs.illinois.edu/directory/profile/sanmi", "title": "Adjunct Assistant Professor", "phone": "", "email": "sanmi@illinois.edu", "name": "Oluwasanmi Oluseye Koyejo"},
{"addr": "4122 E Nat Center for Suprcomp Appl", "img": "http://ws.engr.illinois.edu/directory/viewphoto/51090/200", "area": "", "url": "http://cs.illinois.edu/directory/profile/wtkramer", "title": "Research Professor", "phone": "(217) 333-6260", "email": "wtkramer@illinois.edu", "name": "William T. Kramer"},
{"addr": "2108 Siebel Center for Comp Sci", "img": "http://ws.engr.illinois.edu/directory/viewphoto/4974/200", "title": "Professor", "url": "http://cs.illinois.edu/directory/profile/meseguer", "phone": "(217) 333-6733", "email": "meseguer@illinois.edu", "name": "Jose Meseguer"},
{"addr": "3114 Siebel Center for Comp Sci", "img": "http://ws.engr.illinois.edu/directory/viewphoto/4989/200", "area": "Systems and Networking", "url": "http://cs.illinois.edu/directory/profile/rhk", "title": "Associate Professor", "phone": "(217) 244-6026", "email": "rhk@illinois.edu", "name": "Robin H. Kravets"},
{"addr": "", "img": "http://ws.engr.illinois.edu/directory/viewphoto/57481/200", "title": "Adjunct Assistant Professor", "url": "http://cs.illinois.edu/directory/profile/misailo", "phone": "", "email": "misailo@illinois.edu", "name": "Sasa Misailovic"},
{"addr": "3116 Siebel Center for Comp Sci", "img": "http://ws.engr.illinois.edu/directory/viewphoto/41958/200", "area": "Graphics, Visualization and HCI", "url": "http://cs.illinois.edu/directory/profile/ranjitha", "title": "Assistant Professor", "phone": "(217) 300-0953", "email": "ranjitha@illinois.edu", "name": "Ranjitha Kumar"},
{"addr": "444 Coordinated Science Lab", "img": "http://ws.engr.illinois.edu/directory/viewphoto/59524/200", "title": "Research Assistant Professor", "url": "http://cs.illinois.edu/directory/profile/sibin", "phone": "(217) 300-3037", "email": "sibin@illinois.edu", "name": "Sibin Mohan"},
{"addr": "3104 Siebel Center for Comp Sci", "img": "http://ws.engr.illinois.edu/directory/viewphoto/4964/200", "title": "Professor", "url": "http://cs.illinois.edu/directory/profile/klara", "phone": "(217) 244-6624", "email": "klara@illinois.edu", "name": "Klara Nahrstedt"},
{"addr": "3318 Siebel Center for Comp Sci", "img": "http://ws.engr.illinois.edu/directory/viewphoto/4965/200", "area": "Artificial Intelligence", "url": "http://cs.illinois.edu/directory/profile/lavalle", "title": "Professor", "phone": "(217) 265-6313", "email": "lavalle@illinois.edu", "name": "Steven M. LaValle"},
{"addr": "3308 Siebel Center for Comp Sci", "img": "http://ws.engr.illinois.edu/directory/viewphoto/22931/200", "area": "Artificial Intelligence", "url": "http://cs.illinois.edu/directory/profile/slazebni", "title": "Associate Professor", "phone": "(217) 300-2422", "email": "slazebni@illinois.edu", "name": "Svetlana Lazebnik"},
{"addr": "4312 Siebel Center for Comp Sci", "img": "http://ws.engr.illinois.edu/directory/viewphoto/4967/200", "title": "Associate Professor", "url": "http://cs.illinois.edu/directory/profile/lukeo", "phone": "(217) 244-8422", "email": "lukeo@illinois.edu", "name": "Luke Olson"},
{"addr": "4233 Siebel Center for Comp Sci", "img": "http://ws.engr.illinois.edu/directory/viewphoto/4970/200", "area": "Programming Languages, Formal Methods, and Software Engineering - Software Engineering", "url": "http://cs.illinois.edu/directory/profile/marinov", "title": "Associate Professor", "phone": "(217) 265-6117", "email": "marinov@illinois.edu", "name": "Darko Marinov"},
{"addr": "4227 Siebel Center for Comp Sci", "img": "http://ws.engr.illinois.edu/directory/viewphoto/4984/200", "title": "Donald Biggar Willett Professor", "url": "http://cs.illinois.edu/directory/profile/padua", "phone": "(217) 333-4223", "email": "padua@illinois.edu", "name": "David A. Padua"},
{"addr": "3218 Siebel Center for Comp Sci", "img": "http://ws.engr.illinois.edu/directory/viewphoto/58210/200", "area": "Theory and Algorithms", "url": "http://cs.illinois.edu/directory/profile/rutameht", "title": "Assistant Professor", "phone": "", "email": "rutameht@illinois.edu", "name": "Ruta Mehta"},
{"addr": "2114 Siebel Center for Comp Sci", "img": "http://ws.engr.illinois.edu/directory/viewphoto/40261/200", "title": "Assistant Professor", "url": "http://cs.illinois.edu/directory/profile/adityagp", "phone": "(217) 244-1408", "email": "adityagp@illinois.edu", "name": "Aditya G. Parameswaran"},
{"addr": "2108 Siebel Center for Comp Sci", "img": "http://ws.engr.illinois.edu/directory/viewphoto/4974/200", "area": "Programming Languages, Formal Methods, and Software Engineering - Formal Methods", "url": "http://cs.illinois.edu/directory/profile/meseguer", "title": "Professor", "phone": "(217) 333-6733", "email": "meseguer@illinois.edu", "name": "Jose Meseguer"},
{"addr": "3226 Siebel Center for Comp Sci", "img": "http://ws.engr.illinois.edu/directory/viewphoto/4969/200", "title": "Associate Professor", "url": "http://cs.illinois.edu/directory/profile/madhu", "phone": "(217) 244-1323", "email": "madhu@illinois.edu", "name": "Madhusudan Parthasarathy"},
{"addr": "", "img": "http://ws.engr.illinois.edu/directory/viewphoto/51060/200", "title": "Assistant Professor", "url": "http://cs.illinois.edu/directory/profile/jianpeng", "phone": "", "email": "jianpeng@illinois.edu", "name": "Jian Peng"},
{"addr": "444 Coordinated Science Lab", "img": "http://ws.engr.illinois.edu/directory/viewphoto/59524/200", "area": "Systems and Networking", "url": "http://cs.illinois.edu/directory/profile/sibin", "title": "Research Assistant Professor", "phone": "(217) 300-3037", "email": "sibin@illinois.edu", "name": "Sibin Mohan"},
{"addr": "", "img": "http://ws.engr.illinois.edu/directory/viewphoto/57481/200", "area": "Programming Languages, Formal Methods, and Software Engineering", "url": "http://cs.illinois.edu/directory/profile/misailo", "title": "Adjunct Assistant Professor", "phone": "", "email": "misailo@illinois.edu", "name": "Sasa Misailovic"},
{"addr": "1210 Siebel Center for Comp Sci", "img": "http://ws.engr.illinois.edu/directory/viewphoto/4985/200", "title": "Professor", "url": "http://cs.illinois.edu/directory/profile/pitt", "phone": "(217) 333-7505", "email": "pitt@illinois.edu", "name": "Leonard B. Pitt"},
{"addr": "3104 Siebel Center for Comp Sci", "img": "http://ws.engr.illinois.edu/directory/viewphoto/4964/200", "area": "Systems and Networking", "url": "http://cs.illinois.edu/directory/profile/klara", "title": "Professor", "phone": "(217) 244-6624", "email": "klara@illinois.edu", "name": "Klara Nahrstedt"},
{"addr": "4310 Siebel Center for Comp Sci", "img": "http://ws.engr.illinois.edu/directory/viewphoto/4977/200", "title": "Associate Professor", "url": "http://cs.illinois.edu/directory/profile/mmp", "phone": "(217) 244-4020", "email": "mmp@illinois.edu", "name": "Manoj M. Prabhakaran"},
{"addr": "4312 Siebel Center for Comp Sci", "img": "http://ws.engr.illinois.edu/directory/viewphoto/4967/200", "area": "Scientific Computing", "url": "http://cs.illinois.edu/directory/profile/lukeo", "title": "Associate Professor", "phone": "(217) 244-8422", "email": "lukeo@illinois.edu", "name": "Luke Olson"},
{"addr": "2110 Siebel Center for Comp Sci", "img": "http://ws.engr.illinois.edu/directory/viewphoto/4943/200", "title": "Professor", "url": "http://cs.illinois.edu/directory/profile/grosu", "phone": "(217) 244-7431", "email": "grosu@illinois.edu", "name": "Grigore Rosu"},
{"addr": "4227 Siebel Center for Comp Sci", "img": "http://ws.engr.illinois.edu/directory/viewphoto/4984/200", "area": "Architecture, Compilers, and Parallel Computing - Compilers", "url": "http://cs.illinois.edu/directory/profile/padua", "title": "Donald Biggar Willett Professor", "phone": "(217) 333-4223", "email": "padua@illinois.edu", "name": "David A. Padua"},
{"addr": "3322 Siebel Center for Comp Sci", "img": "http://ws.engr.illinois.edu/directory/viewphoto/4935/200", "title": "Professor", "url": "http://cs.illinois.edu/directory/profile/danr", "phone": "(217) 244-7068", "email": "danr@illinois.edu", "name": "Dan Roth"},
{"addr": "2232 Siebel Center for Comp Sci", "img": "http://ws.engr.illinois.edu/directory/viewphoto/9586/200", "title": "Abel Bliss Professor", "url": "http://cs.illinois.edu/directory/profile/rutenbar", "phone": "(217) 333-3373", "email": "rutenbar@illinois.edu", "name": "Rob A. Rutenbar"},
{"addr": "2114 Siebel Center for Comp Sci", "img": "http://ws.engr.illinois.edu/directory/viewphoto/40261/200", "area": "Database and Information Systems", "url": "http://cs.illinois.edu/directory/profile/adityagp", "title": "Assistant Professor", "phone": "(217) 244-1408", "email": "adityagp@illinois.edu", "name": "Aditya G. Parameswaran"},
{"addr": "3226 Siebel Center for Comp Sci", "img": "http://ws.engr.illinois.edu/directory/viewphoto/4969/200", "area": "Programming Languages, Formal Methods, and Software Engineering", "url": "http://cs.illinois.edu/directory/profile/madhu", "title": "Associate Professor", "phone": "(217) 244-1323", "email": "madhu@illinois.edu", "name": "Madhusudan Parthasarathy"},
{"addr": "3233 Siebel Center for Comp Sci", "img": "http://ws.engr.illinois.edu/directory/viewphoto/54084/200", "title": "Research Assistant Professor", "url": "http://cs.illinois.edu/directory/profile/mssammon", "phone": "(217) 265-6759", "email": "mssammon@illinois.edu", "name": "Mark Sammons"},
{"addr": "", "img": "http://ws.engr.illinois.edu/directory/viewphoto/51060/200", "area": "Bioinformatics and Computational Biology", "url": "http://cs.illinois.edu/directory/profile/jianpeng", "title": "Assistant Professor", "phone": "", "email": "jianpeng@illinois.edu", "name": "Jian Peng"},
{"addr": "4122 Siebel Center for Comp Sci", "img": "http://ws.engr.illinois.edu/directory/viewphoto/4966/200", "title": "Professor, Donald B. Gillies Chair", "url": "http://cs.illinois.edu/directory/profile/lrs", "phone": "(217) 244-1887", "email": "lrs@illinois.edu", "name": "Lui Sha"},
{"addr": "1210 Siebel Center for Comp Sci", "img": "http://ws.engr.illinois.edu/directory/viewphoto/4985/200", "area": "Computers and Education", "url": "http://cs.illinois.edu/directory/profile/pitt", "title": "Professor", "phone": "(217) 333-7505", "email": "pitt@illinois.edu", "name": "Leonard B. Pitt"},
{"addr": "3322 Siebel Center for Comp Sci", "img": "http://ws.engr.illinois.edu/directory/viewphoto/4935/200", "area": "Artificial Intelligence", "url": "http://cs.illinois.edu/directory/profile/danr", "title": "Professor", "phone": "(217) 244-7068", "email": "danr@illinois.edu", "name": "Dan Roth"},
{"addr": "2110 Siebel Center for Comp Sci", "img": "http://ws.engr.illinois.edu/directory/viewphoto/4943/200", "area": "Programming Languages, Formal Methods, and Software Engineering", "url": "http://cs.illinois.edu/directory/profile/grosu", "title": "Professor", "phone": "(217) 244-7431", "email": "grosu@illinois.edu", "name": "Grigore Rosu"},
{"addr": "2103 Siebel Center for Comp Sci", "img": "http://ws.engr.illinois.edu/directory/viewphoto/13482/200", "title": "Lecturer", "url": "http://cs.illinois.edu/directory/profile/shaffer1", "phone": "(217) 265-6590", "email": "shaffer1@illinois.edu", "name": "Eric Gene Shaffer"},
{"addr": "2232 Siebel Center for Comp Sci", "img": "http://ws.engr.illinois.edu/directory/viewphoto/9586/200", "area": "Artificial Intelligence", "url": "http://cs.illinois.edu/directory/profile/rutenbar", "title": "Abel Bliss Professor", "phone": "(217) 333-3373", "email": "rutenbar@illinois.edu", "name": "Rob A. Rutenbar"},
{"addr": "4310 Siebel Center for Comp Sci", "img": "http://ws.engr.illinois.edu/directory/viewphoto/4977/200", "area": "Theory and Algorithms - Cryptography", "url": "http://cs.illinois.edu/directory/profile/mmp", "title": "Associate Professor", "phone": "(217) 244-4020", "email": "mmp@illinois.edu", "name": "Manoj M. Prabhakaran"},
{"addr": "2122 Siebel Center for Comp Sci", "img": "http://ws.engr.illinois.edu/directory/viewphoto/5001/200", "title": "Associate Professor and Willett Faculty Scholar", "url": "http://cs.illinois.edu/directory/profile/sinhas", "phone": "(217) 333-3233", "email": "sinhas@illinois.edu", "name": "Saurabh Sinha"},
{"addr": "3231 Siebel Center for Comp Sci", "img": "http://ws.engr.illinois.edu/directory/viewphoto/10897/200", "title": "Assistant Professor", "url": "http://cs.illinois.edu/directory/profile/paris", "phone": "(217) 265-6893", "email": "paris@illinois.edu", "name": "Paris Smaragdis"},
{"addr": "4232 Siebel Center for Comp Sci", "img": "http://ws.engr.illinois.edu/directory/viewphoto/5002/200", "title": "Michael Faiman and Saburo Muroga Professor", "url": "http://cs.illinois.edu/directory/profile/snir", "phone": "(217) 244-6568", "email": "snir@illinois.edu", "name": "Marc Snir"},
{"addr": "2126 Siebel Center for Comp Sci", "img": "http://ws.engr.illinois.edu/directory/viewphoto/44443/200", "title": "Associate Professor", "url": "http://cs.illinois.edu/directory/profile/hs1", "phone": "(217) 300-4878", "email": "hs1@illinois.edu", "name": "Hari Sundaram"},
{"addr": "3233 Siebel Center for Comp Sci", "img": "http://ws.engr.illinois.edu/directory/viewphoto/54084/200", "area": "Artificial Intelligence", "url": "http://cs.illinois.edu/directory/profile/mssammon", "title": "Research Assistant Professor", "phone": "(217) 265-6759", "email": "mssammon@illinois.edu", "name": "Mark Sammons"},
{"addr": "4231 Siebel Center for Comp Sci", "img": "http://ws.engr.illinois.edu/directory/viewphoto/5007/200", "title": "Professor and Willett Faculty Scholar", "url": "http://cs.illinois.edu/directory/profile/torrella", "phone": "(217) 244-4148", "email": "torrella@illinois.edu", "name": "Josep Torrellas"},
{"addr": "4122 Siebel Center for Comp Sci", "img": "http://ws.engr.illinois.edu/directory/viewphoto/4966/200", "area": "Systems and Networking - Cyber-Physical Computing", "url": "http://cs.illinois.edu/directory/profile/lrs", "title": "Professor, Donald B. Gillies Chair", "phone": "(217) 244-1887", "email": "lrs@illinois.edu", "name": "Lui Sha"},
{"addr": "3232 Siebel Center for Comp Sci", "img": "http://ws.engr.illinois.edu/directory/viewphoto/5010/200", "title": "Associate Professor", "url": "http://cs.illinois.edu/directory/profile/vmahesh", "phone": "(217) 265-6591", "email": "vmahesh@illinois.edu", "name": "Mahesh Viswanathan"},
{"addr": "3235 Siebel Center for Comp Sci", "img": "http://ws.engr.illinois.edu/directory/viewphoto/44946/200", "title": "Founder Professor of Bioengineering and Computer Science", "url": "http://cs.illinois.edu/directory/profile/warnow", "phone": "(217) 300-3087", "email": "warnow@illinois.edu", "name": "Tandy Warnow"},
{"addr": "2103 Siebel Center for Comp Sci", "img": "http://ws.engr.illinois.edu/directory/viewphoto/13482/200", "area": "", "url": "http://cs.illinois.edu/directory/profile/shaffer1", "title": "Lecturer", "phone": "(217) 265-6590", "email": "shaffer1@illinois.edu", "name": "Eric Gene Shaffer"},
{"addr": "2122 Siebel Center for Comp Sci", "img": "http://ws.engr.illinois.edu/directory/viewphoto/5001/200", "area": "Bioinformatics and Computational Biology", "url": "http://cs.illinois.edu/directory/profile/sinhas", "title": "Associate Professor and Willett Faculty Scholar", "phone": "(217) 333-3233", "email": "sinhas@illinois.edu", "name": "Saurabh Sinha"},
{"addr": "2101 Siebel Center for Comp Sci", "img": "http://ws.engr.illinois.edu/directory/viewphoto/4979/200", "title": "Lecturer", "url": "http://cs.illinois.edu/directory/profile/mwoodley", "phone": "(217) 244-1971", "email": "mwoodley@illinois.edu", "name": "Michael Joseph Woodley"},
{"addr": "3231 Siebel Center for Comp Sci", "img": "http://ws.engr.illinois.edu/directory/viewphoto/10897/200", "area": "Artificial Intelligence", "url": "http://cs.illinois.edu/directory/profile/paris", "title": "Assistant Professor", "phone": "(217) 265-6893", "email": "paris@illinois.edu", "name": "Paris Smaragdis"},
{"addr": "4237 Siebel Center for Comp Sci", "img": "http://ws.engr.illinois.edu/directory/viewphoto/37823/200", "title": "Associate Professor and Willett Faculty Scholar", "url": "http://cs.illinois.edu/directory/profile/taoxie", "phone": "(217) 244-5931", "email": "taoxie@illinois.edu", "name": "Tao Xie"},
{"addr": "4232 Siebel Center for Comp Sci", "img": "http://ws.engr.illinois.edu/directory/viewphoto/5002/200", "area": "Architecture, Compilers, and Parallel Computing - Parallel Computing", "url": "http://cs.illinois.edu/directory/profile/snir", "title": "Michael Faiman and Saburo Muroga Professor", "phone": "(217) 244-6568", "email": "snir@illinois.edu", "name": "Marc Snir"},
{"addr": "2212 Siebel Center for Comp Sci", "img": "http://ws.engr.illinois.edu/directory/viewphoto/20512/200", "title": "Lecturer", "url": "http://cs.illinois.edu/directory/profile/yershova", "phone": "(217) 265-7567", "email": "yershova@illinois.edu", "name": "Anna Yershova"},
{"addr": "2126 Siebel Center for Comp Sci", "img": "http://ws.engr.illinois.edu/directory/viewphoto/44443/200", "area": "Database and Information Systems", "url": "http://cs.illinois.edu/directory/profile/hs1", "title": "Associate Professor", "phone": "(217) 300-4878", "email": "hs1@illinois.edu", "name": "Hari Sundaram"},
{"addr": "2116 Siebel Center for Comp Sci", "img": "http://ws.engr.illinois.edu/directory/viewphoto/4933/200", "title": "Professor", "url": "http://cs.illinois.edu/directory/profile/czhai", "phone": "(217) 244-4943", "email": "czhai@illinois.edu", "name": "Chengxiang Zhai"},
{"addr": "4112 Siebel Center for Comp Sci", "img": "http://ws.engr.illinois.edu/directory/viewphoto/5020/200", "title": "Associate Professor", "url": "http://cs.illinois.edu/directory/profile/zilles", "phone": "(217) 244-0553", "email": "zilles@illinois.edu", "name": "Craig Zilles"},
{"addr": "3232 Siebel Center for Comp Sci", "img": "http://ws.engr.illinois.edu/directory/viewphoto/5010/200", "area": "Programming Languages, Formal Methods, and Software Engineering - Formal Methods", "url": "http://cs.illinois.edu/directory/profile/vmahesh", "title": "Associate Professor", "phone": "(217) 265-6591", "email": "vmahesh@illinois.edu", "name": "Mahesh Viswanathan"},
{"addr": "4231 Siebel Center for Comp Sci", "img": "http://ws.engr.illinois.edu/directory/viewphoto/5007/200", "area": "", "url": "http://cs.illinois.edu/directory/profile/torrella", "title": "Professor and Willett Faculty Scholar", "phone": "(217) 244-4148", "email": "torrella@illinois.edu", "name": "Josep Torrellas"},
{"addr": "4237 Siebel Center for Comp Sci", "img": "http://ws.engr.illinois.edu/directory/viewphoto/37823/200", "area": "Programming Languages, Formal Methods, and Software Engineering - Software Engineering", "url": "http://cs.illinois.edu/directory/profile/taoxie", "title": "Associate Professor and Willett Faculty Scholar", "phone": "(217) 244-5931", "email": "taoxie@illinois.edu", "name": "Tao Xie"},
{"addr": "3235 Siebel Center for Comp Sci", "img": "http://ws.engr.illinois.edu/directory/viewphoto/44946/200", "area": "Bioinformatics and Computational Biology - Computational Biology", "url": "http://cs.illinois.edu/directory/profile/warnow", "title": "Founder Professor of Bioengineering and Computer Science", "phone": "(217) 300-3087", "email": "warnow@illinois.edu", "name": "Tandy Warnow"},
{"addr": "2101 Siebel Center for Comp Sci", "img": "http://ws.engr.illinois.edu/directory/viewphoto/4979/200", "area": "", "url": "http://cs.illinois.edu/directory/profile/mwoodley", "title": "Lecturer", "phone": "(217) 244-1971", "email": "mwoodley@illinois.edu", "name": "Michael Joseph Woodley"},
{"addr": "2116 Siebel Center for Comp Sci", "img": "http://ws.engr.illinois.edu/directory/viewphoto/4933/200", "area": "Database and Information Systems - Information Retrieval", "url": "http://cs.illinois.edu/directory/profile/czhai", "title": "Professor", "phone": "(217) 244-4943", "email": "czhai@illinois.edu", "name": "Chengxiang Zhai"},
{"addr": "2212 Siebel Center for Comp Sci", "img": "http://ws.engr.illinois.edu/directory/viewphoto/20512/200", "area": "", "url": "http://cs.illinois.edu/directory/profile/yershova", "title": "Lecturer", "phone": "(217) 265-7567", "email": "yershova@illinois.edu", "name": "Anna Yershova"},
{"addr": "4112 Siebel Center for Comp Sci", "img": "http://ws.engr.illinois.edu/directory/viewphoto/5020/200", "area": "Computers and Education", "url": "http://cs.illinois.edu/directory/profile/zilles", "title": "Associate Professor", "phone": "(217) 244-0553", "email": "zilles@illinois.edu", "name": "Craig Zilles"}]