[{"url": "https://www.cics.umass.edu/faculty/directory/adrion_richards", "title": "Professor Emeritus", "email": "adrion@cs.umass.edu", "img": "https://www.cics.umass.edu/sites/default/files/styles/people__list/public/people/faculty/Adrion_0.jpg?itok=VmTiJsTi", "name": " Adrion, W. Richards "},
{"url": "https://www.cics.umass.edu/faculty/directory/allan_james", "title": "Professor and Chair of the Faculty ", "email": "allan@cs.umass.edu", "img": "https://www.cics.umass.edu/sites/default/files/styles/people__list/public/headshots/2016_cics_james_allan_js_mg_7662-200px_0.jpg?itok=l0jaBcf0", "name": " Allan, James "},
{"url": "https://www.cics.umass.edu/faculty/directory/barrington_david", "title": "Professor", "email": "barring@cs.umass.edu", "img": "https://www.cics.umass.edu/sites/default/files/styles/people__list/public/people/faculty/DMB.jpg?itok=TaCJEdO4", "name": " Barrington, David A. Mix "},
{"url": "https://www.cics.umass.edu/faculty/directory/berger_emery", "title": "Professor", "email": "emery@cs.umass.edu", "img": "https://www.cics.umass.edu/sites/default/files/styles/people__list/public/people/faculty/emery-berger-portrait.jpg?itok=gNtj5aIm", "name": "Berger, Emery D."},
{"url": "https://www.cics.umass.edu/person/biswas-joydeep", "title": "Assistant Professor", "email": "joydeepb@cs.umass.edu", "img": "https://www.cics.umass.edu/sites/default/files/styles/people__list/public/headshots/joydeepb.jpg?itok=nLOBvCQN", "name": "Biswas, Joydeep "},
{"url": "https://www.cics.umass.edu/faculty/directory/brun_yuriy", "title": "Assistant Professor", "email": "brun@cs.umass.edu", "img": "https://www.cics.umass.edu/sites/default/files/styles/people__list/public/headshots/yuriy_-_version_2_1.jpg?itok=eBde--Q-", "name": "Brun, Yuriy "},
{"url": "https://www.cics.umass.edu/faculty/directory/clarke_lori", "title": "Emeritus Professor", "email": "clarke@cs.umass.edu", "img": "https://www.cics.umass.edu/sites/default/files/styles/people__list/public/people/faculty/Clarke_0.jpg?itok=9Pa7vqGb", "name": "Clarke, Lori A."},
{"url": "https://www.cics.umass.edu/faculty/directory/corner_mark", "title": "Associate Professor", "email": "mcorner@cs.umass.edu", "img": "https://www.cics.umass.edu/sites/default/files/styles/people__list/public/people/faculty/corner.jpg?itok=9BIUWjeU", "name": "Corner, Mark D."},
{"url": "https://www.cics.umass.edu/faculty/directory/croft_w-bruce", "title": "Interim Dean and Distinguished University Professor", "email": "croft@cs.umass.edu", "img": "https://www.cics.umass.edu/sites/default/files/styles/people__list/public/people/faculty/croft.jpg?itok=g362CgUA", "name": "Croft, W. Bruce "},
{"url": "https://www.cics.umass.edu/faculty/directory/diao_yanlei", "title": "Associate Professor", "email": "yanlei@cs.umass.edu", "img": "https://www.cics.umass.edu/sites/default/files/styles/people__list/public/people/faculty/diao.jpg?itok=bnZ7jH5V", "name": "Diao, Yanlei "},
{"url": "https://www.cics.umass.edu/faculty/directory/ganesan_deepak", "title": "Associate Professor", "email": "dganesan@cs.umass.edu", "img": "https://www.cics.umass.edu/sites/default/files/styles/people__list/public/headshots/ganesan-cropped.jpg?itok=vrfx7Ve3", "name": "Ganesan, Deepak K."},
{"url": "https://www.cics.umass.edu/faculty/directory/grupen_roderic", "title": "Professor", "email": "grupen@cs.umass.edu", "img": "https://www.cics.umass.edu/sites/default/files/styles/people__list/public/people/faculty/grupen.jpg?itok=T_mEf7PU", "name": "Grupen, Roderic A."},
{"url": "https://www.cics.umass.edu/faculty/directory/guha_arjun", "title": "Assistant Professor", "email": "arjun@cs.umass.edu", "img": "https://www.cics.umass.edu/sites/default/files/styles/people__list/public/headshots/arjun-2015.jpg?itok=qK2S7J5H", "name": "Guha, Arjun "},
{"url": "https://www.cics.umass.edu/faculty/directory/houmansadr_amir", "title": "Assistant Professor", "email": "amir@cs.umass.edu", "img": "https://www.cics.umass.edu/sites/default/files/styles/people__list/public/people/faculty/Amir-2014.jpg?itok=nYxLUKPg", "name": "Houmansadr, Amir "},
{"url": "https://www.cics.umass.edu/faculty/directory/immerman_neil", "title": "Professor", "email": "immerman@cs.umass.edu", "img": "https://www.cics.umass.edu/sites/default/files/styles/people__list/public/headshots/2016_cics_neil_immerman_js_mg_7781-200px.jpg?itok=_5pk8X-x", "name": "Immerman, Neil "},
{"url": "https://www.cics.umass.edu/faculty/directory/jensen_david", "title": "Professor", "email": "jensen@cs.umass.edu", "img": "https://www.cics.umass.edu/sites/default/files/styles/people__list/public/people/faculty/David_Jensen_2015.jpg?itok=LpbH4ncV", "name": "Jensen, David D."},
{"url": "https://www.cics.umass.edu/person/just-ren%C3%A9", "title": "Assistant Professor", "email": "rjust@cs.umass.edu", "img": "https://www.cics.umass.edu/sites/default/files/styles/people__list/public/headshots/rjust-2015.jpg?itok=7w3IvCZG", "name": "Just, Ren "},
{"url": "https://www.cics.umass.edu/faculty/directory/kalogerakis_evangelos", "title": "Assistant Professor", "email": "kalo@cs.umass.edu", "img": "https://www.cics.umass.edu/sites/default/files/styles/people__list/public/people/faculty/kalo.jpg?itok=3DauAfUi", "name": "Kalogerakis, Evangelos "},
{"url": "https://www.cics.umass.edu/faculty/directory/kurose_james", "title": "Distinguished Professor", "email": "kurose@cs.umass.edu", "img": "https://www.cics.umass.edu/sites/default/files/styles/people__list/public/people/faculty/kurose.jpg?itok=fLZwHyI7", "name": "Kurose, James F."},
{"url": "https://www.cics.umass.edu/faculty/directory/learned-miller_erik", "title": "Associate Professor", "email": "elm@cs.umass.edu", "img": "https://www.cics.umass.edu/sites/default/files/styles/people__list/public/people/faculty/learned.jpg?itok=1Tl1F5M4", "name": "Learned-Miller, Erik G."},
{"url": "https://www.cics.umass.edu/faculty/directory/levine_brian", "title": "Professor", "email": "brian@cs.umass.edu", "img": "https://www.cics.umass.edu/sites/default/files/styles/people__list/public/people/faculty/brian2.png?itok=Tx9Wb0Yz", "name": "Levine, Brian Neil"},
{"url": "https://www.cics.umass.edu/faculty/directory/mahadevan_sridhar", "title": "Professor", "email": "mahadeva@cs.umass.edu", "img": "https://www.cics.umass.edu/sites/default/files/styles/people__list/public/people/faculty/mahadevan.jpg?itok=U288o7LV", "name": "Mahadevan, Sridhar "},
{"url": "https://www.cics.umass.edu/faculty/directory/maji_subhransu", "title": "Assistant Professor", "email": "smaji@cs.umass.edu", "img": "https://www.cics.umass.edu/sites/default/files/styles/people__list/public/people/faculty/SMaji-2014.jpg?itok=loPLtbdv", "name": "Maji, Subhransu "},
{"url": "https://www.cics.umass.edu/faculty/directory/manmatha_r", "title": "Research Associate Professor", "email": "manmatha@cs.umass.edu", "img": "https://www.cics.umass.edu/sites/default/files/styles/people__list/public/people/faculty/manmatha.jpg?itok=Xar7pQi1", "name": "Manmatha, R. "},
{"url": "https://www.cics.umass.edu/faculty/directory/marlin_benjamin", "title": "Assistant Professor", "email": "marlin@cs.umass.edu", "img": "https://www.cics.umass.edu/sites/default/files/styles/people__list/public/people/faculty/Mail%20Attachment_0.jpg?itok=vEbxtXcC", "name": "Marlin, Benjamin M."},
{"url": "https://www.cics.umass.edu/person/mazumdar-arya", "title": "Assistant Professor ", "email": "arya@cs.umass.edu", "img": "https://www.cics.umass.edu/sites/default/files/styles/people__list/public/headshots/arya2.jpg?itok=WNwgQUzE", "name": "Mazumdar, Arya  "},
{"url": "https://www.cics.umass.edu/faculty/directory/mccallum_andrew", "title": "Professor", "email": "mccallum@cs.umass.edu", "img": "https://www.cics.umass.edu/sites/default/files/styles/people__list/public/people/faculty/mccallum.jpg?itok=gLcaCZY6", "name": "McCallum, Andrew K."},
{"url": "https://www.cics.umass.edu/faculty/directory/mcgregor_andrew", "title": "Associate Professor", "email": "mcgregor@cs.umass.edu", "img": "https://www.cics.umass.edu/sites/default/files/styles/people__list/public/people/faculty/mcgregor2012_web.jpg?itok=V0dVNrqh", "name": "McGregor, Andrew "},
{"url": "https://www.cics.umass.edu/faculty/directory/alexandra_meliou", "title": "Assistant Professor", "email": "ameli@cs.umass.edu", "img": "https://www.cics.umass.edu/sites/default/files/styles/people__list/public/people/faculty/meliou.jpg?itok=7JC0AThQ", "name": "Meliou, Alexandra "},
{"url": "https://www.cics.umass.edu/faculty/directory/miklau_gerome", "title": "Associate Professor", "email": "miklau@cs.umass.edu", "img": "https://www.cics.umass.edu/sites/default/files/styles/people__list/public/headshots/two-square-low.jpg?itok=sg-Vqspe", "name": "Miklau, Gerome "},
{"url": "https://www.cics.umass.edu/faculty/directory/moll_robert", "title": "Professor Emeritus", "email": "moll@cs.umass.edu", "img": "https://www.cics.umass.edu/sites/default/files/styles/people__list/public/people/faculty/moll.jpg?itok=H3cY_EM_", "name": "Moll, Robert N."},
{"url": "https://www.cics.umass.edu/faculty/directory/moss_j-eliot", "title": "Professor", "email": "moss@cs.umass.edu", "img": "https://www.cics.umass.edu/sites/default/files/styles/people__list/public/people/faculty/moss.jpg?itok=NqCK26B1", "name": "Moss, J. Eliot B. "},
{"url": "https://www.cics.umass.edu/faculty/directory/oconnor_brendan", "title": "Assistant Professor", "email": "brenocon@cs.umass.edu", "img": "https://www.cics.umass.edu/sites/default/files/styles/people__list/public/people/faculty/OConnor-2014.jpg?itok=14OOKsjz", "name": "O'Connor, Brendan "},
{"url": "https://www.cics.umass.edu/faculty/directory/osterweil_leon", "title": "Professor Emeritus", "email": "ljo@cs.umass.edu", "img": "https://www.cics.umass.edu/sites/default/files/styles/people__list/public/people/faculty/ljo-2013.jpg?itok=6qiZue_f", "name": "Osterweil, Leon J."},
{"url": "https://www.cics.umass.edu/faculty/directory/saha_barna", "title": "Assistant Professor", "email": "barna@cs.umass.edu", "img": "https://www.cics.umass.edu/sites/default/files/styles/people__list/public/people/faculty/Barna-2014.jpg?itok=-jIP0pBL", "name": "Saha, Barna "},
{"url": "https://www.cics.umass.edu/faculty/directory/sheldon_dan", "title": "Assistant Professor", "email": "sheldon@cs.umass.edu", "img": "https://www.cics.umass.edu/sites/default/files/styles/people__list/public/people/faculty/sheldon.jpg?itok=DSWFtRYf", "name": "Sheldon, Dan "},
{"url": "https://www.cics.umass.edu/faculty/directory/shenoy_prashant", "title": "Professor", "email": "shenoy@cs.umass.edu", "img": "https://www.cics.umass.edu/sites/default/files/styles/people__list/public/people/faculty/shenoy.jpg?itok=VTwHlWDI", "name": "Shenoy, Prashant "},
{"url": "https://www.cics.umass.edu/faculty/directory/siegelmann_hava", "title": "Professor", "email": "hava@cs.umass.edu", "img": "https://www.cics.umass.edu/sites/default/files/styles/people__list/public/people/faculty/siegelmann.jpg?itok=6rXM5FXn", "name": "Siegelmann, Hava T."},
{"url": "https://www.cics.umass.edu/faculty/directory/sitaraman_ramesh", "title": "Professor", "email": "ramesh@cs.umass.edu", "img": "https://www.cics.umass.edu/sites/default/files/styles/people__list/public/headshots/2016_cics_ramesh_sitaraman_js_mg_7843-200px_0.jpg?itok=UPFeCT1p", "name": "Sitaraman, Ramesh K."},
{"url": "https://www.cics.umass.edu/faculty/directory/towsley_donald", "title": "Distinguished University Professor", "email": "towsley@cs.umass.edu", "img": "https://www.cics.umass.edu/sites/default/files/styles/people__list/public/people/faculty/towsley.jpg?itok=SQoSwsMg", "name": "Towsley, Donald F."},
{"url": "https://www.cics.umass.edu/faculty/directory/venkataramani_arun", "title": "Associate Professor", "email": "arun@cs.umass.edu", "img": "https://www.cics.umass.edu/sites/default/files/styles/people__list/public/people/faculty/sadface.jpg?itok=4tQD7XmR", "name": "Venkataramani, Arun "},
{"url": "https://www.cics.umass.edu/faculty/directory/wang_rui", "title": "Associate Professor", "email": "ruiwang@cs.umass.edu", "img": "https://www.cics.umass.edu/sites/default/files/styles/people__list/public/people/faculty/ruiwang.jpg?itok=cFhiBQ9Q", "name": "Wang, Rui "},
{"url": "https://www.cics.umass.edu/faculty/directory/weems_charles", "title": "Associate Professor", "email": "weems@cs.umass.edu", "img": "https://www.cics.umass.edu/sites/default/files/styles/people__list/public/people/faculty/weems.jpg?itok=aJ7J5kRt", "name": "Weems, Charles C."},
{"url": "https://www.cics.umass.edu/faculty/directory/wileden_jack", "title": "Professor", "email": "jack@cs.umass.edu", "img": "https://www.cics.umass.edu/sites/default/files/styles/people__list/public/people/faculty/wilenden.jpg?itok=wBMdIxow", "name": "Wileden, Jack C."},
{"url": "https://www.cics.umass.edu/faculty/directory/woolf_beverly", "title": "Research Professor", "email": "bev@cs.umass.edu", "img": "https://www.cics.umass.edu/sites/default/files/styles/people__list/public/people/faculty/wolff.jpg?itok=BwOlQXaz", "name": "Woolf, Beverly P."},
{"url": "https://www.cics.umass.edu/faculty/directory/zilberstein_shlomo", "title": "Professor", "email": "shlomo@cs.umass.edu", "img": "https://www.cics.umass.edu/sites/default/files/styles/people__list/public/headshots/2016_cics_shlomo_zilberstein_js_mg_7755-200px.jpg?itok=-a0xo67E", "name": "Zilberstein, Shlomo "},
{"url": "https://www.cics.umass.edu/faculty/directory/barto_andrew", "title": "Professor Emeritus", "email": "barto@cs.umass.edu", "img": "https://www.cics.umass.edu/sites/default/files/styles/people__list/public/people/faculty/Barto.jpg?itok=9httJ6MR", "name": "Barto, Andrew G."},
{"url": "https://www.cics.umass.edu/faculty/directory/graham_robert", "title": "Professor Emeritus", "email": "bob@cs.umass.edu", "img": "https://www.cics.umass.edu/sites/default/files/styles/people__list/public/people/faculty/graham.jpg?itok=8GzXxkbk", "name": "Graham, Robert  M."},
{"url": "https://www.cics.umass.edu/faculty/directory/hanson_allen", "title": "Professor Emeritus", "email": "hanson@cs.umass.edu", "img": "https://www.cics.umass.edu/sites/default/files/styles/people__list/public/people/faculty/hanson_web.jpg?itok=TzUcobJb", "name": "Hanson, Allen R."},
{"url": "https://www.cics.umass.edu/faculty/directory/lehnert_wendy", "title": "Professor Emerita", "email": "lehnert@cs.umass.edu", "img": "https://www.cics.umass.edu/sites/default/files/styles/people__list/public/people/faculty/wgl3.png?itok=Ougfr8QR", "name": "Lehnert, Wendy G."},
{"url": "https://www.cics.umass.edu/faculty/directory/lesser_victor", "title": "Distinguished Professor Emeritus", "email": "lesser@cs.umass.edu", "img": "https://www.cics.umass.edu/sites/default/files/styles/people__list/public/people/faculty/lesser.jpg?itok=uk4DhhAJ", "name": "Lesser, Victor R."},
{"url": "https://www.cics.umass.edu/faculty/directory/rissland_edwina", "title": "Professor Emerita", "email": "rissland@cs.umass.edu", "img": "https://www.cics.umass.edu/sites/default/files/styles/people__list/public/people/faculty/Rissland.jpg?itok=L3OkEEYq", "name": "Rissland, Edwina L."},
{"url": "https://www.cics.umass.edu/faculty/directory/rosenberg_arnold", "title": "Distinguished University Professor Emeritus", "email": "rsnbrg@cs.umass.edu", "img": "https://www.cics.umass.edu/sites/default/files/styles/people__list/public/people/faculty/rsnbrg.jpg?itok=Wqh8uBFC", "name": "Rosenberg, Arnold L."},
{"url": "https://www.cics.umass.edu/faculty/directory/wogrin_conrad", "title": "Professor Emeritus", "email": "wogrin@cs.umass.edu", "img": "https://www.cics.umass.edu/sites/default/files/styles/people__list/public/people/faculty/wogrin.jpg?itok=6s7zrVY5", "name": "Wogrin, Conrad A."},
{"url": "https://www.cics.umass.edu/faculty/directory/avrunin_george", "title": "Adjunct Professor", "email": "avrunin@cs.umass.edu", "img": "https://www.cics.umass.edu/sites/default/files/styles/people__list/public/people/faculty/Avrunin.jpg?itok=zr9j9YwU", "name": " Avrunin, George S."},
{"url": "https://www.cics.umass.edu/faculty/directory/albrecht_jeannie", "title": "Adjunct Assistant Professor", "email": "jeannie@cs.williams.edu", "img": "https://www.cics.umass.edu/sites/default/files/styles/people__list/public/people/faculty/jeanniealbrecht_web.jpg?itok=fRxDYzJd", "name": "Albrecht, Jeannie "},
{"url": "https://www.cics.umass.edu/faculty/directory/anderson_gordon", "title": "Lecturer", "email": "gordon@cs.umass.edu", "img": "https://www.cics.umass.edu/sites/default/files/styles/people__list/public/people/faculty/Anderson-2014_0.jpg?itok=PCUzv7is", "name": "Anderson, Gordon "},
{"url": "https://www.cics.umass.edu/faculty/directory/arroyo_ivon", "title": "Research Scientist", "email": "ivon@cs.umass.edu", "img": "https://www.cics.umass.edu/sites/default/files/styles/people__list/public/people/faculty/ivonarroyo.jpg?itok=MQWU2ofp", "name": "Arroyo, Ivon "},
{"url": "https://www.cics.umass.edu/faculty/directory/cecchet_emmanuel", "title": "Research Scientist", "email": "cecchet@cs.umass.edu", "img": "https://www.cics.umass.edu/sites/default/files/styles/people__list/public/people/faculty/emmanuelcecchet.jpg?itok=z8ssVROX", "name": "Cecchet, Emmanuel "},
{"url": "https://www.cics.umass.edu/faculty/directory/corkill_daniel", "title": "Senior Research Scientist", "email": "corkill@cs.umass.edu", "img": "https://www.cics.umass.edu/sites/default/files/styles/people__list/public/people/faculty/Corkill.jpg?itok=VuATslSq", "name": "Corkill, Daniel D."},
{"url": "https://www.cics.umass.edu/faculty/directory/foulkes_andrea", "title": "Adjunct Associate Professor", "email": "foulkes@schoolph.umass.edu", "img": "https://www.cics.umass.edu/sites/default/files/styles/people__list/public/people/faculty/foulkes.jpg?itok=3EGyOvku", "name": "Foulkes, Andrea S."},
{"url": "https://www.cics.umass.edu/faculty/directory/fountain_jane", "title": "Adjunct Professor", "email": "fountain@polsci.umass.edu", "img": "https://www.cics.umass.edu/sites/default/files/styles/people__list/public/people/faculty/janefountainphoto140.jpg?itok=qNBDwena", "name": "Fountain, Jane E. "},
{"url": "https://www.cics.umass.edu/faculty/directory/fu_kevin", "title": "Adjunct Associate Professor", "email": "kevinfu@cs.umass.edu", "img": "https://www.cics.umass.edu/sites/default/files/styles/people__list/public/people/faculty/fuo.jpg?itok=jK7p6i0_", "name": "Fu, Kevin "},
{"url": "https://www.cics.umass.edu/faculty/directory/gong_weibo", "title": "Adjunct Professor", "email": "gong@cs.umass.edu", "img": "https://www.cics.umass.edu/sites/default/files/styles/people__list/public/people/faculty/weibo_gong.jpg?itok=X3u_099H", "name": "Gong, Weibo "},
{"url": "https://www.cics.umass.edu/faculty/directory/hudlicka_eva", "title": "Instructor", "email": "hudlicka@cs.umass.edu", "img": "https://www.cics.umass.edu/sites/default/files/styles/people__list/public/people/faculty/Hudlicka.jpg?itok=0__VJxs4", "name": "Hudlicka, Eva "},
{"url": "https://www.cics.umass.edu/faculty/directory/irwin_david", "title": "Adjunct Assistant Professor", "email": "irwin@ecs.umass.edu", "img": "https://www.cics.umass.edu/sites/default/files/styles/people__list/public/people/faculty/irwin_0.jpg?itok=ox3gvwOF", "name": "Irwin, David "},
{"url": "https://www.cics.umass.edu/faculty/directory/kaplan_scott", "title": "Adjunct Professor", "email": "sfkaplan@cs.umass.edu", "img": "https://www.cics.umass.edu/sites/default/files/styles/people__list/public/people/faculty/kaplan.jpg?itok=0bTfZME6", "name": "Kaplan, Scott F."},
{"url": "https://www.cics.umass.edu/person/kulp-david", "title": "Adjunct Assistant Professor", "email": "dkulp@cs.umass.edu", "img": "https://www.cics.umass.edu/sites/default/files/styles/people__list/public/headshots/kulp.jpg?itok=t6k2aaAP", "name": "Kulp, David "},
{"url": "https://www.cics.umass.edu/faculty/directory/liberatore_marc", "title": "Research Scientist", "email": "liberato@cs.umass.edu", "img": "https://www.cics.umass.edu/sites/default/files/styles/people__list/public/headshots/2016_cics_marc_liberatore_js_mg_7817-200px.jpg?itok=6OzsmTLC", "name": "Liberatore, Marc D."},
{"url": "https://www.cics.umass.edu/faculty/directory/marquard_jenna", "title": "Adjunct Associate Professor", "email": "jlmarquard@ecs.umass.edu", "img": "https://www.cics.umass.edu/sites/default/files/styles/people__list/public/people/faculty/marquard_jenna.jpg?itok=Y9MToXnY", "name": "Marquard, Jenna L."},
{"url": "https://www.cics.umass.edu/faculty/directory/mcgeoch_catherine", "title": "Adjunct Professor", "email": "ccm@cs.umass.edu", "img": "https://www.cics.umass.edu/sites/default/files/styles/people__list/public/people/faculty/mcgeoch1.jpg?itok=SO_mA1CM", "name": "McGeoch, Catherine "},
{"url": "https://www.cics.umass.edu/faculty/directory/mcgeoch_lyle", "title": "Adjunct Professor", "email": "lam@cs.umass.edu", "img": "https://www.cics.umass.edu/sites/default/files/styles/people__list/public/people/faculty/mcgeoch2.jpg?itok=g1lHdU70", "name": "McGeoch, Lyle A."},
{"url": "https://www.cics.umass.edu/content/pon-barry-heather", "title": "Adjunct Assistant Professor", "email": " ponbarry@cics.umass.edu", "img": "https://www.cics.umass.edu/sites/default/files/styles/people__list/public/headshots/heatherpon-barry_430_small_0615.jpeg?itok=qeoErlzw", "name": "Pon-Barry, Heather "},
{"url": "https://www.cics.umass.edu/faculty/directory/ramamritham_krithivasan", "title": "Adjunct Professor", "email": "krithi@cs.umass.edu", "img": "https://www.cics.umass.edu/sites/default/files/styles/people__list/public/people/faculty/ramamartham.jpg?itok=wLtNxWzX", "name": "Ramamritham, Krithivasan "},
{"url": "https://www.cics.umass.edu/faculty/directory/richards_tim", "title": "Lecturer", "email": "richards@cs.umass.edu", "img": "https://www.cics.umass.edu/sites/default/files/styles/people__list/public/people/faculty/tim-richards.jpeg?itok=umvDKzc1", "name": "Richards, Tim "},
{"url": "https://www.cics.umass.edu/faculty/directory/smaragdakis_yannis", "title": "Adjunct Associate Professor", "email": "yannis@cs.umass.edu", "img": "https://www.cics.umass.edu/sites/default/files/styles/people__list/public/people/faculty/Yannis.jpg?itok=CDKrT7h4", "name": "Smaragdakis, Yannis "},
{"url": "https://www.cics.umass.edu/faculty/directory/smith_david", "title": "Adjunct Assistant Professor", "email": "dasmith@ccs.neu.edu", "img": "https://www.cics.umass.edu/sites/default/files/styles/people__list/public/people/faculty/dasmith.jpg?itok=lrmB8CgO", "name": "Smith, David A."},
{"url": "https://www.cics.umass.edu/faculty/directory/sondheimer_norman", "title": "co-Director Electronic Enterprise Institute ", "email": "sondheimer@cs.umass.edu", "img": "https://www.cics.umass.edu/sites/default/files/styles/people__list/public/people/faculty/norman.jpg?itok=wGFGHspw", "name": "Sondheimer, Norman K."},
{"url": "https://www.cics.umass.edu/faculty/directory/spector_lee", "title": "Adjunct Professor", "email": "lspector@hampshire.edu", "img": "https://www.cics.umass.edu/sites/default/files/styles/people__list/public/people/faculty/LeeSpector_2.jpg?itok=K-_uwmZG", "name": "Spector, Lee "},
{"url": "https://www.cics.umass.edu/faculty/directory/sproull_bob", "title": "Adjunct Professor", "email": "rfsproull@cs.umass.edu", "img": "https://www.cics.umass.edu/sites/default/files/styles/people__list/public/people/faculty/sproull_0.jpg?itok=0d8w8Qlj", "name": "Sproull, Bob "},
{"url": "https://www.cics.umass.edu/faculty/directory/streinu_ileana", "title": "Adjunct Professor", "email": "streinu@cs.umass.edu", "img": "https://www.cics.umass.edu/sites/default/files/styles/people__list/public/people/faculty/streinu.jpg?itok=BKDOHlbH", "name": "Streinu, Ileana "},
{"url": "https://www.cics.umass.edu/faculty/directory/thorup_mikkel", "title": "Adjunct Associate Professor", "email": "mikkel2thorup@gmail.com", "img": "https://www.cics.umass.edu/sites/default/files/styles/people__list/public/people/faculty/thorup.jpg?itok=vmjUt52g", "name": "Thorup, Mikkel "},
{"url": "https://www.cics.umass.edu/faculty/directory/trim_michelle", "title": "Lecturer", "email": "mtrim@cs.umass.edu", "img": "https://www.cics.umass.edu/sites/default/files/styles/people__list/public/people/faculty/mtrim-2013.jpg?itok=wSwqeWcd", "name": "Trim, Michelle "},
{"url": "https://www.cics.umass.edu/faculty/directory/verts_william", "title": "Senior Lecturer", "email": "verts@cs.umass.edu", "img": "https://www.cics.umass.edu/sites/default/files/styles/people__list/public/people/faculty/Verts.jpg?itok=JmIy8iw7", "name": "Verts, William T."},
{"url": "https://www.cics.umass.edu/faculty/directory/wallach_hanna", "title": "Adjunct Associate Professor", "email": "wallach@cs.umass.edu", "img": "https://www.cics.umass.edu/sites/default/files/styles/people__list/public/people/faculty/wallach_web.jpg?itok=VxnAe79D", "name": "Wallach, Hanna M."},
{"url": "https://www.cics.umass.edu/faculty/directory/hong_yu", "title": "Adjunct Professor", "email": "hongyu@cs.umass.edu", "img": "https://www.cics.umass.edu/sites/default/files/styles/people__list/public/people/faculty/hongyu_0.jpg?itok=mIKSP86W", "name": "Yu, Hong "},
{"url": "https://www.cics.umass.edu/faculty/directory/zink_michael", "title": "Adjunct Assistant Professor", "email": "zink@ecs.umass.edu", "img": "https://www.cics.umass.edu/sites/default/files/styles/people__list/public/people/faculty/Zink.jpg?itok=07PzXyJN", "name": "Zink, Michael "},
{"name": " Adrion, W. Richards ", "img": "https://www.cics.umass.edu/sites/default/files/styles/people__list/public/people/faculty/Adrion_0.jpg?itok=VmTiJsTi", "title": "Professor Emeritus", "url": "https://www.cics.umass.edu/faculty/directory/adrion_richards", "area": "Multimedia learning technologies; impact of instructional technology on teaching and learning; analysis and verification of concurrent, real-time computing systems; and applications and models for technology transfer and diffusion.", "email": "adrion@cs.umass.edu"},
{"name": "Biswas, Joydeep ", "img": "https://www.cics.umass.edu/sites/default/files/styles/people__list/public/headshots/joydeepb.jpg?itok=nLOBvCQN", "title": "Assistant Professor", "url": "https://www.cics.umass.edu/person/biswas-joydeep", "area": "Robot Perception, Motion Planning, Control Systems, AI, Deployed Robot Systems", "email": "joydeepb@cs.umass.edu"},
{"name": " Allan, James ", "img": "https://www.cics.umass.edu/sites/default/files/styles/people__list/public/headshots/2016_cics_james_allan_js_mg_7662-200px_0.jpg?itok=l0jaBcf0", "title": "Professor and Chair of the Faculty ", "url": "https://www.cics.umass.edu/faculty/directory/allan_james", "area": "Information retrieval, event-based information organization, minimally interactive retrieval and organization.", "email": "allan@cs.umass.edu"},
{"name": " Barrington, David A. Mix ", "img": "https://www.cics.umass.edu/sites/default/files/styles/people__list/public/people/faculty/DMB.jpg?itok=TaCJEdO4", "title": "Professor", "url": "https://www.cics.umass.edu/faculty/directory/barrington_david", "area": "Complexity of computation, circuit complexity, boolean function complexity, theory of automata, mathematical logic, theory of algorithms.", "email": "barring@cs.umass.edu"},
{"name": "Berger, Emery D.", "img": "https://www.cics.umass.edu/sites/default/files/styles/people__list/public/people/faculty/emery-berger-portrait.jpg?itok=gNtj5aIm", "title": "Professor", "url": "https://www.cics.umass.edu/faculty/directory/berger_emery", "area": "Programming languages, runtime systems, and operating systems, with a particular focus on systems that transparently improve reliability, security, and performance.", "email": "emery@cs.umass.edu"},
{"name": "Corner, Mark D.", "img": "https://www.cics.umass.edu/sites/default/files/styles/people__list/public/people/faculty/corner.jpg?itok=9BIUWjeU", "title": "Associate Professor", "url": "https://www.cics.umass.edu/faculty/directory/corner_mark", "area": "Mobile and Pervasive Computing, Embedded Systems, Operating Systems, File Systems, Security.", "email": "mcorner@cs.umass.edu"},
{"name": "Clarke, Lori A.", "img": "https://www.cics.umass.edu/sites/default/files/styles/people__list/public/people/faculty/Clarke_0.jpg?itok=9Pa7vqGb", "title": "Emeritus Professor", "url": "https://www.cics.umass.edu/faculty/directory/clarke_lori", "area": "Dr. Clarke's research is in the area of software engineering, primarily focusing on finite-state verification of concurrent systems and requirements engineering. Recently she has been investigating applying software engineering technologies to detect errors and vulnerabilities in complex processes in domains such as healthcare, scientific workflow, and digital government. She is also involved in several efforts to increase participation of underrepresented groups in computing research.", "email": "clarke@cs.umass.edu"},
{"name": "Brun, Yuriy ", "img": "https://www.cics.umass.edu/sites/default/files/styles/people__list/public/headshots/yuriy_-_version_2_1.jpg?itok=eBde--Q-", "title": "Assistant Professor", "url": "https://www.cics.umass.edu/faculty/directory/brun_yuriy", "area": "Software engineering and systems security research, creating techniques to automate improving system quality, reliability, privacy, and performance.", "email": "brun@cs.umass.edu"},
{"name": "Houmansadr, Amir ", "img": "https://www.cics.umass.edu/sites/default/files/styles/people__list/public/people/faculty/Amir-2014.jpg?itok=nYxLUKPg", "title": "Assistant Professor", "url": "https://www.cics.umass.edu/faculty/directory/houmansadr_amir", "area": "Security and privacy", "email": "amir@cs.umass.edu"},
{"name": "Guha, Arjun ", "img": "https://www.cics.umass.edu/sites/default/files/styles/people__list/public/headshots/arjun-2015.jpg?itok=qK2S7J5H", "title": "Assistant Professor", "url": "https://www.cics.umass.edu/faculty/directory/guha_arjun", "area": "Programming languages and security.", "email": "arjun@cs.umass.edu"},
{"name": "Grupen, Roderic A.", "img": "https://www.cics.umass.edu/sites/default/files/styles/people__list/public/people/faculty/grupen.jpg?itok=T_mEf7PU", "title": "Professor", "url": "https://www.cics.umass.edu/faculty/directory/grupen_roderic", "area": "Autonomous sensorimotor systems, developmental robotics, robot learning, mobile manipulation, dexterous mobility and manipulation, robot hands, tactile sensing, cognitive robotics, embedded control signal interpretation", "email": "grupen@cs.umass.edu"},
{"name": "Learned-Miller, Erik G.", "img": "https://www.cics.umass.edu/sites/default/files/styles/people__list/public/people/faculty/learned.jpg?itok=1Tl1F5M4", "title": "Associate Professor", "url": "https://www.cics.umass.edu/faculty/directory/learned-miller_erik", "area": "Computer vision and machine learning. Probabilistic and statistical methods in vision and image processing. Non-parametric statistics. Information theoretic methods. Unsupervised and semi-supervised learning.", "email": "elm@cs.umass.edu"},
{"name": "Ganesan, Deepak K.", "img": "https://www.cics.umass.edu/sites/default/files/styles/people__list/public/headshots/ganesan-cropped.jpg?itok=vrfx7Ve3", "title": "Associate Professor", "url": "https://www.cics.umass.edu/faculty/directory/ganesan_deepak", "area": "Wireless health sensing, ubiquitous computing, wireless communication, embedded systems, energy harvesting, and machine learning for sensor data.", "email": "dganesan@cs.umass.edu"},
{"name": "Diao, Yanlei ", "img": "https://www.cics.umass.edu/sites/default/files/styles/people__list/public/people/faculty/diao.jpg?itok=bnZ7jH5V", "title": "Associate Professor", "url": "https://www.cics.umass.edu/faculty/directory/diao_yanlei", "area": "Information architectures, data streams, data dissemination, XML query pro-cessing, and learning-based data processing.", "email": "yanlei@cs.umass.edu"},
{"name": "Kurose, James F.", "img": "https://www.cics.umass.edu/sites/default/files/styles/people__list/public/people/faculty/kurose.jpg?itok=fLZwHyI7", "title": "Distinguished Professor", "url": "https://www.cics.umass.edu/faculty/directory/kurose_james", "area": "Real time, multimedia communication, operating systems support.", "email": "kurose@cs.umass.edu"},
{"name": "Croft, W. Bruce ", "img": "https://www.cics.umass.edu/sites/default/files/styles/people__list/public/people/faculty/croft.jpg?itok=g362CgUA", "title": "Interim Dean and Distinguished University Professor", "url": "https://www.cics.umass.edu/faculty/directory/croft_w-bruce", "area": "Information retrieval and search engines.", "email": "croft@cs.umass.edu"},
{"name": "Liberatore, Marc D.", "img": "https://www.cics.umass.edu/sites/default/files/styles/people__list/public/headshots/2016_cics_marc_liberatore_js_mg_7817-200px.jpg?itok=6OzsmTLC", "title": "Research Scientist", "url": "https://www.cics.umass.edu/faculty/directory/liberatore_marc", "area": "Anonymity systems, file and network forensics.", "email": "liberato@cs.umass.edu"},
{"url": "https://www.cics.umass.edu/faculty/directory/richards_tim", "title": "Lecturer", "email": "richards@cs.umass.edu", "img": "https://www.cics.umass.edu/sites/default/files/styles/people__list/public/people/faculty/tim-richards.jpeg?itok=umvDKzc1", "name": "Richards, Tim "},
{"name": "Streinu, Ileana ", "img": "https://www.cics.umass.edu/sites/default/files/styles/people__list/public/people/faculty/streinu.jpg?itok=BKDOHlbH", "title": "Adjunct Professor", "url": "https://www.cics.umass.edu/faculty/directory/streinu_ileana", "area": "Combinatorial and Computational Geometry.", "email": "streinu@cs.umass.edu"},
{"url": "https://www.cics.umass.edu/faculty/directory/trim_michelle", "title": "Lecturer", "email": "mtrim@cs.umass.edu", "img": "https://www.cics.umass.edu/sites/default/files/styles/people__list/public/people/faculty/mtrim-2013.jpg?itok=wSwqeWcd", "name": "Trim, Michelle "},
{"url": "https://www.cics.umass.edu/faculty/directory/verts_william", "title": "Senior Lecturer", "email": "verts@cs.umass.edu", "img": "https://www.cics.umass.edu/sites/default/files/styles/people__list/public/people/faculty/Verts.jpg?itok=JmIy8iw7", "name": "Verts, William T."},
{"url": "https://www.cics.umass.edu/faculty/directory/zink_michael", "title": "Adjunct Assistant Professor", "email": "zink@ecs.umass.edu", "img": "https://www.cics.umass.edu/sites/default/files/styles/people__list/public/people/faculty/Zink.jpg?itok=07PzXyJN", "name": "Zink, Michael "},
{"url": "https://www.cics.umass.edu/faculty/directory/wallach_hanna", "title": "Adjunct Associate Professor", "email": "wallach@cs.umass.edu", "img": "https://www.cics.umass.edu/sites/default/files/styles/people__list/public/people/faculty/wallach_web.jpg?itok=VxnAe79D", "name": "Wallach, Hanna M."},
{"name": "Yu, Hong ", "img": "https://www.cics.umass.edu/sites/default/files/styles/people__list/public/people/faculty/hongyu_0.jpg?itok=mIKSP86W", "title": "Adjunct Professor", "url": "https://www.cics.umass.edu/faculty/directory/hong_yu", "area": "Information retrieval, extraction, natural language processing, summarization, human-computer interaction, with a focus on biomedical applications.", "email": "hongyu@cs.umass.edu"},
{"url": "https://www.cics.umass.edu/faculty/directory/sproull_bob", "title": "Adjunct Professor", "email": "rfsproull@cs.umass.edu", "img": "https://www.cics.umass.edu/sites/default/files/styles/people__list/public/people/faculty/sproull_0.jpg?itok=0d8w8Qlj", "name": "Sproull, Bob "},
{"url": "https://www.cics.umass.edu/faculty/directory/spector_lee", "title": "Adjunct Professor", "email": "lspector@hampshire.edu", "img": "https://www.cics.umass.edu/sites/default/files/styles/people__list/public/people/faculty/LeeSpector_2.jpg?itok=K-_uwmZG", "name": "Spector, Lee "},
{"url": "https://www.cics.umass.edu/faculty/directory/thorup_mikkel", "title": "Adjunct Associate Professor", "email": "mikkel2thorup@gmail.com", "img": "https://www.cics.umass.edu/sites/default/files/styles/people__list/public/people/faculty/thorup.jpg?itok=vmjUt52g", "name": "Thorup, Mikkel "},
{"url": "https://www.cics.umass.edu/faculty/directory/smaragdakis_yannis", "title": "Adjunct Associate Professor", "email": "yannis@cs.umass.edu", "img": "https://www.cics.umass.edu/sites/default/files/styles/people__list/public/people/faculty/Yannis.jpg?itok=CDKrT7h4", "name": "Smaragdakis, Yannis "},
{"url": "https://www.cics.umass.edu/faculty/directory/smith_david", "title": "Adjunct Assistant Professor", "email": "dasmith@ccs.neu.edu", "img": "https://www.cics.umass.edu/sites/default/files/styles/people__list/public/people/faculty/dasmith.jpg?itok=lrmB8CgO", "name": "Smith, David A."},
{"url": "https://www.cics.umass.edu/faculty/directory/sondheimer_norman", "title": "co-Director Electronic Enterprise Institute ", "email": "sondheimer@cs.umass.edu", "img": "https://www.cics.umass.edu/sites/default/files/styles/people__list/public/people/faculty/norman.jpg?itok=wGFGHspw", "name": "Sondheimer, Norman K."},
{"name": "Pon-Barry, Heather ", "img": "https://www.cics.umass.edu/sites/default/files/styles/people__list/public/headshots/heatherpon-barry_430_small_0615.jpeg?itok=qeoErlzw", "title": "Adjunct Assistant Professor", "url": "https://www.cics.umass.edu/content/pon-barry-heather", "area": "Spoken language processing, human-robot interaction, computer science education.", "email": " ponbarry@cics.umass.edu"},
{"name": "Ramamritham, Krithivasan ", "img": "https://www.cics.umass.edu/sites/default/files/styles/people__list/public/people/faculty/ramamartham.jpg?itok=wLtNxWzX", "title": "Adjunct Professor", "url": "https://www.cics.umass.edu/faculty/directory/ramamritham_krithivasan", "area": "Real-time systems, transaction processing in real-time databases, data management on the Web.", "email": "krithi@cs.umass.edu"},
{"name": "McGeoch, Lyle A.", "img": "https://www.cics.umass.edu/sites/default/files/styles/people__list/public/people/faculty/mcgeoch2.jpg?itok=g1lHdU70", "title": "Adjunct Professor", "url": "https://www.cics.umass.edu/faculty/directory/mcgeoch_lyle", "area": "Heuristics for NP-hard problems, on-line algorithms, and fundamental data structures.", "email": "lam@cs.umass.edu"},
{"url": "https://www.cics.umass.edu/faculty/directory/marquard_jenna", "title": "Adjunct Associate Professor", "email": "jlmarquard@ecs.umass.edu", "img": "https://www.cics.umass.edu/sites/default/files/styles/people__list/public/people/faculty/marquard_jenna.jpg?itok=Y9MToXnY", "name": "Marquard, Jenna L."},
{"name": "McGeoch, Catherine ", "img": "https://www.cics.umass.edu/sites/default/files/styles/people__list/public/people/faculty/mcgeoch1.jpg?itok=SO_mA1CM", "title": "Adjunct Professor", "url": "https://www.cics.umass.edu/faculty/directory/mcgeoch_catherine", "area": "Algorithms, Experimental Algorithmics.", "email": "ccm@cs.umass.edu"},
{"name": "Kulp, David ", "img": "https://www.cics.umass.edu/sites/default/files/styles/people__list/public/headshots/kulp.jpg?itok=t6k2aaAP", "title": "Adjunct Assistant Professor", "url": "https://www.cics.umass.edu/person/kulp-david", "area": "David's primary interest is in data science and related software systems for complex data analysis with an emphasis on bioinformatics, genetic analysis, and genomic data. David develops data modeling, data processing, pipelines, cloud-based analytical software, data visualization and related systems.", "email": "dkulp@cs.umass.edu"},
{"url": "https://www.cics.umass.edu/faculty/directory/irwin_david", "title": "Adjunct Assistant Professor", "email": "irwin@ecs.umass.edu", "img": "https://www.cics.umass.edu/sites/default/files/styles/people__list/public/people/faculty/irwin_0.jpg?itok=ox3gvwOF", "name": "Irwin, David "},
{"name": "Gong, Weibo ", "img": "https://www.cics.umass.edu/sites/default/files/styles/people__list/public/people/faculty/weibo_gong.jpg?itok=X3u_099H", "title": "Adjunct Professor", "url": "https://www.cics.umass.edu/faculty/directory/gong_weibo", "area": "Complex modeling and control and communication security.", "email": "gong@cs.umass.edu"},
{"url": "https://www.cics.umass.edu/faculty/directory/kaplan_scott", "title": "Adjunct Professor", "email": "sfkaplan@cs.umass.edu", "img": "https://www.cics.umass.edu/sites/default/files/styles/people__list/public/people/faculty/kaplan.jpg?itok=0bTfZME6", "name": "Kaplan, Scott F."},
{"url": "https://www.cics.umass.edu/faculty/directory/hudlicka_eva", "title": "Instructor", "email": "hudlicka@cs.umass.edu", "img": "https://www.cics.umass.edu/sites/default/files/styles/people__list/public/people/faculty/Hudlicka.jpg?itok=0__VJxs4", "name": "Hudlicka, Eva "},
{"name": "Fu, Kevin ", "img": "https://www.cics.umass.edu/sites/default/files/styles/people__list/public/people/faculty/fuo.jpg?itok=jK7p6i0_", "title": "Adjunct Associate Professor", "url": "https://www.cics.umass.edu/faculty/directory/fu_kevin", "area": "Computer system security and privacy.   RFID security &amp; privacy, implantable medical device security, energy-centric computing, applied cryptography, secure storage.", "email": "kevinfu@cs.umass.edu"},
{"url": "https://www.cics.umass.edu/faculty/directory/foulkes_andrea", "title": "Adjunct Associate Professor", "email": "foulkes@schoolph.umass.edu", "img": "https://www.cics.umass.edu/sites/default/files/styles/people__list/public/people/faculty/foulkes.jpg?itok=3EGyOvku", "name": "Foulkes, Andrea S."},
{"name": "Fountain, Jane E. ", "img": "https://www.cics.umass.edu/sites/default/files/styles/people__list/public/people/faculty/janefountainphoto140.jpg?itok=qNBDwena", "title": "Adjunct Professor", "url": "https://www.cics.umass.edu/faculty/directory/fountain_jane", "area": "Organization theory, information technology and politics, economic sociology, public policy, political sociology, gender, and science, technology and society.", "email": "fountain@polsci.umass.edu"},
{"url": "https://www.cics.umass.edu/faculty/directory/anderson_gordon", "title": "Lecturer", "email": "gordon@cs.umass.edu", "img": "https://www.cics.umass.edu/sites/default/files/styles/people__list/public/people/faculty/Anderson-2014_0.jpg?itok=PCUzv7is", "name": "Anderson, Gordon "},
{"name": "Albrecht, Jeannie ", "img": "https://www.cics.umass.edu/sites/default/files/styles/people__list/public/people/faculty/jeanniealbrecht_web.jpg?itok=fRxDYzJd", "title": "Adjunct Assistant Professor", "url": "https://www.cics.umass.edu/faculty/directory/albrecht_jeannie", "area": "Design and performance of distributed systems and computer networks, particularly<br>focusing on reliability, scalability, and extensibility achieved over the wide-area.", "email": "jeannie@cs.williams.edu"},
{"url": "https://www.cics.umass.edu/faculty/directory/arroyo_ivon", "title": "Research Scientist", "email": "ivon@cs.umass.edu", "img": "https://www.cics.umass.edu/sites/default/files/styles/people__list/public/people/faculty/ivonarroyo.jpg?itok=MQWU2ofp", "name": "Arroyo, Ivon "},
{"url": "https://www.cics.umass.edu/faculty/directory/cecchet_emmanuel", "title": "Research Scientist", "email": "cecchet@cs.umass.edu", "img": "https://www.cics.umass.edu/sites/default/files/styles/people__list/public/people/faculty/emmanuelcecchet.jpg?itok=z8ssVROX", "name": "Cecchet, Emmanuel "},
{"name": "Corkill, Daniel D.", "img": "https://www.cics.umass.edu/sites/default/files/styles/people__list/public/people/faculty/Corkill.jpg?itok=VuATslSq", "title": "Senior Research Scientist", "url": "https://www.cics.umass.edu/faculty/directory/corkill_daniel", "area": "Blackboard and multi-agent systems, collaborating software entities, dynamic-process management, energy and resource aware sensor networks, high-level information fusion.", "email": "corkill@cs.umass.edu"},
{"name": " Avrunin, George S.", "img": "https://www.cics.umass.edu/sites/default/files/styles/people__list/public/people/faculty/Avrunin.jpg?itok=zr9j9YwU", "title": "Adjunct Professor", "url": "https://www.cics.umass.edu/faculty/directory/avrunin_george", "area": "Concurrency, testing and analysis, real-time, cohomology of finite groups.", "email": "avrunin@cs.umass.edu"},
{"name": "Rosenberg, Arnold L.", "img": "https://www.cics.umass.edu/sites/default/files/styles/people__list/public/people/faculty/rsnbrg.jpg?itok=Wqh8uBFC", "title": "Distinguished University Professor Emeritus", "url": "https://www.cics.umass.edu/faculty/directory/rosenberg_arnold", "area": "Theoretical and algorithmic aspects of modern computing environments, such as clusters and grids.", "email": "rsnbrg@cs.umass.edu"},
{"name": "Wogrin, Conrad A.", "img": "https://www.cics.umass.edu/sites/default/files/styles/people__list/public/people/faculty/wogrin.jpg?itok=6s7zrVY5", "title": "Professor Emeritus", "url": "https://www.cics.umass.edu/faculty/directory/wogrin_conrad", "area": "Intelligent tutors, computational strategies in learning and education.", "email": "wogrin@cs.umass.edu"},
{"name": "Rissland, Edwina L.", "img": "https://www.cics.umass.edu/sites/default/files/styles/people__list/public/people/faculty/Rissland.jpg?itok=L3OkEEYq", "title": "Professor Emerita", "url": "https://www.cics.umass.edu/faculty/directory/rissland_edwina", "area": "Case-based reasoning, AI and Law, concept formation and evolution, CBR and IR, cyberlaw.", "email": "rissland@cs.umass.edu"},
{"name": "Barto, Andrew G.", "img": "https://www.cics.umass.edu/sites/default/files/styles/people__list/public/people/faculty/Barto.jpg?itok=9httJ6MR", "title": "Professor Emeritus", "url": "https://www.cics.umass.edu/faculty/directory/barto_andrew", "area": "Theory and application of methods for learning and planning in stochastic sequential decision problems; algebraic approaches to abstraction; psychology, neuroscience, and computational theory of motivation, reward, and addiction; computational models of learning and adaptation in animal motor control systems.", "email": "barto@cs.umass.edu"},
{"name": "Lesser, Victor R.", "img": "https://www.cics.umass.edu/sites/default/files/styles/people__list/public/people/faculty/lesser.jpg?itok=uk4DhhAJ", "title": "Distinguished Professor Emeritus", "url": "https://www.cics.umass.edu/faculty/directory/lesser_victor", "area": "Multi-agent systems, agents, real-time decision making, information gathering, situation assessment and interpretation of sensory data.", "email": "lesser@cs.umass.edu"},
{"url": "https://www.cics.umass.edu/faculty/directory/lehnert_wendy", "title": "Professor Emerita", "email": "lehnert@cs.umass.edu", "img": "https://www.cics.umass.edu/sites/default/files/styles/people__list/public/people/faculty/wgl3.png?itok=Ougfr8QR", "name": "Lehnert, Wendy G."},
{"url": "https://www.cics.umass.edu/faculty/directory/graham_robert", "title": "Professor Emeritus", "email": "bob@cs.umass.edu", "img": "https://www.cics.umass.edu/sites/default/files/styles/people__list/public/people/faculty/graham.jpg?itok=8GzXxkbk", "name": "Graham, Robert  M."},
{"name": "Hanson, Allen R.", "img": "https://www.cics.umass.edu/sites/default/files/styles/people__list/public/people/faculty/hanson_web.jpg?itok=TzUcobJb", "title": "Professor Emeritus", "url": "https://www.cics.umass.edu/faculty/directory/hanson_allen", "area": "Computer vision, image interpretation, mobile robotics, aerial image analysis, motion, stereo, 3-D reconstruction, sensor calibration, education.", "email": "hanson@cs.umass.edu"},
{"url": "https://www.cics.umass.edu/faculty/directory/woolf_beverly", "title": "Research Professor", "email": "bev@cs.umass.edu", "img": "https://www.cics.umass.edu/sites/default/files/styles/people__list/public/people/faculty/wolff.jpg?itok=BwOlQXaz", "name": "Woolf, Beverly P."},
{"name": "Zilberstein, Shlomo ", "img": "https://www.cics.umass.edu/sites/default/files/styles/people__list/public/headshots/2016_cics_shlomo_zilberstein_js_mg_7755-200px.jpg?itok=-a0xo67E", "title": "Professor", "url": "https://www.cics.umass.edu/faculty/directory/zilberstein_shlomo", "area": "Artificial intelligence, automated planning, decision theory, autonomous agents and multi-agent systems, resource-bounded reasoning, metacognition, heuristic search, combinatorial optimization, reinforcement learning.", "email": "shlomo@cs.umass.edu"},
{"name": "Wileden, Jack C.", "img": "https://www.cics.umass.edu/sites/default/files/styles/people__list/public/people/faculty/wilenden.jpg?itok=wBMdIxow", "title": "Professor", "url": "https://www.cics.umass.edu/faculty/directory/wileden_jack", "area": "Programming languages, interoperability, databases, bioinformatics.", "email": "jack@cs.umass.edu"},
{"name": "Weems, Charles C.", "img": "https://www.cics.umass.edu/sites/default/files/styles/people__list/public/people/faculty/weems.jpg?itok=aJ7J5kRt", "title": "Associate Professor", "url": "https://www.cics.umass.edu/faculty/directory/weems_charles", "area": "Computer architecture, interface between architecture and compilers and run-time systems, microarchitecture, memory systems, parallel architectures and applications, GPU computing.", "email": "weems@cs.umass.edu"},
{"name": "Wang, Rui ", "img": "https://www.cics.umass.edu/sites/default/files/styles/people__list/public/people/faculty/ruiwang.jpg?itok=cFhiBQ9Q", "title": "Associate Professor", "url": "https://www.cics.umass.edu/faculty/directory/wang_rui", "area": "Computer graphics, global illumination algorithms, real-time rendering, graphics hardware, 3D scanning and image processing", "email": "ruiwang@cs.umass.edu"},
{"name": "Towsley, Donald F.", "img": "https://www.cics.umass.edu/sites/default/files/styles/people__list/public/people/faculty/towsley.jpg?itok=SQoSwsMg", "title": "Distinguished University Professor", "url": "https://www.cics.umass.edu/faculty/directory/towsley_donald", "area": "Networks, performance analysis.", "email": "towsley@cs.umass.edu"},
{"name": "Venkataramani, Arun ", "img": "https://www.cics.umass.edu/sites/default/files/styles/people__list/public/people/faculty/sadface.jpg?itok=4tQD7XmR", "title": "Associate Professor", "url": "https://www.cics.umass.edu/faculty/directory/venkataramani_arun", "area": "Distributed Systems and Networking.", "email": "arun@cs.umass.edu"},
{"name": "Sitaraman, Ramesh K.", "img": "https://www.cics.umass.edu/sites/default/files/styles/people__list/public/headshots/2016_cics_ramesh_sitaraman_js_mg_7843-200px_0.jpg?itok=UPFeCT1p", "title": "Professor", "url": "https://www.cics.umass.edu/faculty/directory/sitaraman_ramesh", "area": "Internet-scale distributed systems, Content delivery networks, Cloud computing, Algorithms, and Theoretical Computer Science.", "email": "ramesh@cs.umass.edu"},
{"name": "Siegelmann, Hava T.", "img": "https://www.cics.umass.edu/sites/default/files/styles/people__list/public/people/faculty/siegelmann.jpg?itok=6rXM5FXn", "title": "Professor", "url": "https://www.cics.umass.edu/faculty/directory/siegelmann_hava", "area": "Complex dynamical systems, Biological computation, Computational neuroscience, intelligent systems, Super-Turing computation, Human-robot interface, Bio-computation.", "email": "hava@cs.umass.edu"},
{"name": "Shenoy, Prashant ", "img": "https://www.cics.umass.edu/sites/default/files/styles/people__list/public/people/faculty/shenoy.jpg?itok=VTwHlWDI", "title": "Professor", "url": "https://www.cics.umass.edu/faculty/directory/shenoy_prashant", "area": "Operating systems, distributed systems, cloud computing, and sustainability.", "email": "shenoy@cs.umass.edu"},
{"name": "Moll, Robert N.", "img": "https://www.cics.umass.edu/sites/default/files/styles/people__list/public/people/faculty/moll.jpg?itok=H3cY_EM_", "title": "Professor Emeritus", "url": "https://www.cics.umass.edu/faculty/directory/moll_robert", "area": "Knowledge-based systems, combinatorial optimization.", "email": "moll@cs.umass.edu"},
{"name": "Saha, Barna ", "img": "https://www.cics.umass.edu/sites/default/files/styles/people__list/public/people/faculty/Barna-2014.jpg?itok=-jIP0pBL", "title": "Assistant Professor", "url": "https://www.cics.umass.edu/faculty/directory/saha_barna", "area": "Theoretical Computer Science, Data Management", "email": "barna@cs.umass.edu"},
{"name": "Osterweil, Leon J.", "img": "https://www.cics.umass.edu/sites/default/files/styles/people__list/public/people/faculty/ljo-2013.jpg?itok=6qiZue_f", "title": "Professor Emeritus", "url": "https://www.cics.umass.edu/faculty/directory/osterweil_leon", "area": "Process modeling and process programs, analysis of concurrency, software architectures, ecommerce and egovernment, medical processes and medical safety.", "email": "ljo@cs.umass.edu"},
{"name": "Sheldon, Dan ", "img": "https://www.cics.umass.edu/sites/default/files/styles/people__list/public/people/faculty/sheldon.jpg?itok=DSWFtRYf", "title": "Assistant Professor", "url": "https://www.cics.umass.edu/faculty/directory/sheldon_dan", "area": "Computational ecology and environmental science; machine learning; probabilistic modeling and inference; network models; optimization.", "email": "sheldon@cs.umass.edu"},
{"name": "O'Connor, Brendan ", "img": "https://www.cics.umass.edu/sites/default/files/styles/people__list/public/people/faculty/OConnor-2014.jpg?itok=14OOKsjz", "title": "Assistant Professor", "url": "https://www.cics.umass.edu/faculty/directory/oconnor_brendan", "area": "Natural language processing, computational social science, statistical machine learning, social media.", "email": "brenocon@cs.umass.edu"},
{"name": "Meliou, Alexandra ", "img": "https://www.cics.umass.edu/sites/default/files/styles/people__list/public/people/faculty/meliou.jpg?itok=7JC0AThQ", "title": "Assistant Professor", "url": "https://www.cics.umass.edu/faculty/directory/alexandra_meliou", "area": "Data and information management; data provenance; causality; data analytics; reverse data management.", "email": "ameli@cs.umass.edu"},
{"name": "Moss, J. Eliot B. ", "img": "https://www.cics.umass.edu/sites/default/files/styles/people__list/public/people/faculty/moss.jpg?itok=NqCK26B1", "title": "Professor", "url": "https://www.cics.umass.edu/faculty/directory/moss_j-eliot", "area": "Object-oriented languages (emphasis on implementation), performance measurement and optimization, garbage collection, transactional memory.", "email": "moss@cs.umass.edu"},
{"name": "Miklau, Gerome ", "img": "https://www.cics.umass.edu/sites/default/files/styles/people__list/public/headshots/two-square-low.jpg?itok=sg-Vqspe", "title": "Associate Professor", "url": "https://www.cics.umass.edu/faculty/directory/miklau_gerome", "area": "Database research with an emphasis on privacy and security; database theory; semi-structured data.", "email": "miklau@cs.umass.edu"},
{"name": "McGregor, Andrew ", "img": "https://www.cics.umass.edu/sites/default/files/styles/people__list/public/people/faculty/mcgregor2012_web.jpg?itok=V0dVNrqh", "title": "Associate Professor", "url": "https://www.cics.umass.edu/faculty/directory/mcgregor_andrew", "area": "Theoretical computer science.", "email": "mcgregor@cs.umass.edu"},
{"name": "McCallum, Andrew K.", "img": "https://www.cics.umass.edu/sites/default/files/styles/people__list/public/people/faculty/mccallum.jpg?itok=gLcaCZY6", "title": "Professor", "url": "https://www.cics.umass.edu/faculty/directory/mccallum_andrew", "area": "Information extraction, knowledge discovery from text, statistical natural language processing, machine learning, graphical models.", "email": "mccallum@cs.umass.edu"},
{"name": "Marlin, Benjamin M.", "img": "https://www.cics.umass.edu/sites/default/files/styles/people__list/public/people/faculty/Mail%20Attachment_0.jpg?itok=vEbxtXcC", "title": "Assistant Professor", "url": "https://www.cics.umass.edu/faculty/directory/marlin_benjamin", "area": "Machine learning, probabilistic models, approximate inference and learning techniques, non-likelihood-based model estimation, missing data, time series.", "email": "marlin@cs.umass.edu"},
{"name": "Mazumdar, Arya  ", "img": "https://www.cics.umass.edu/sites/default/files/styles/people__list/public/headshots/arya2.jpg?itok=WNwgQUzE", "title": "Assistant Professor ", "url": "https://www.cics.umass.edu/person/mazumdar-arya", "area": "Information Theory and Coding Theory: Applications to Learning and Networked Systems", "email": "arya@cs.umass.edu"},
{"name": "Levine, Brian Neil", "img": "https://www.cics.umass.edu/sites/default/files/styles/people__list/public/people/faculty/brian2.png?itok=Tx9Wb0Yz", "title": "Professor", "url": "https://www.cics.umass.edu/faculty/directory/levine_brian", "area": "Networking and security, including digital forensics, mobile networking, and privacy.", "email": "brian@cs.umass.edu"},
{"name": "Mahadevan, Sridhar ", "img": "https://www.cics.umass.edu/sites/default/files/styles/people__list/public/people/faculty/mahadevan.jpg?itok=U288o7LV", "title": "Professor", "url": "https://www.cics.umass.edu/faculty/directory/mahadevan_sridhar", "area": "Artificial intelligence, cognitive science, machine learning, reinforcement learning, robot learning, sequential decision-making.", "email": "mahadeva@cs.umass.edu"},
{"name": "Manmatha, R. ", "img": "https://www.cics.umass.edu/sites/default/files/styles/people__list/public/people/faculty/manmatha.jpg?itok=Xar7pQi1", "title": "Research Associate Professor", "url": "https://www.cics.umass.edu/faculty/directory/manmatha_r", "area": "Multimedia indexing and retrieval, image and video retrieval, document image analysis, digital libraries, computer vision, information retrieval.", "email": "manmatha@cs.umass.edu"},
{"name": "Maji, Subhransu ", "img": "https://www.cics.umass.edu/sites/default/files/styles/people__list/public/people/faculty/SMaji-2014.jpg?itok=loPLtbdv", "title": "Assistant Professor", "url": "https://www.cics.umass.edu/faculty/directory/maji_subhransu", "area": "Computer Vision, Machine Learning, Human Computation", "email": "smaji@cs.umass.edu"},
{"name": "Kalogerakis, Evangelos ", "img": "https://www.cics.umass.edu/sites/default/files/styles/people__list/public/people/faculty/kalo.jpg?itok=3DauAfUi", "title": "Assistant Professor", "url": "https://www.cics.umass.edu/faculty/directory/kalogerakis_evangelos", "area": "Computer graphics: 3D modeling, geometry processing, machine learning for computer graphics, visual content creation, shape analysis and synthesis, animation, artistic rendering. Computer vision: shape recognition, shape and scene reconstruction, co-analysis of images and shapes.", "email": "kalo@cs.umass.edu"},
{"name": "Jensen, David D.", "img": "https://www.cics.umass.edu/sites/default/files/styles/people__list/public/people/faculty/David_Jensen_2015.jpg?itok=LpbH4ncV", "title": "Professor", "url": "https://www.cics.umass.edu/faculty/directory/jensen_david", "area": "Knowledge discovery and data mining, machine learning, computing policy.", "email": "jensen@cs.umass.edu"},
{"name": "Immerman, Neil ", "img": "https://www.cics.umass.edu/sites/default/files/styles/people__list/public/headshots/2016_cics_neil_immerman_js_mg_7781-200px.jpg?itok=_5pk8X-x", "title": "Professor", "url": "https://www.cics.umass.edu/faculty/directory/immerman_neil", "area": "Logic in Computer Science, computer-aided verification, complexity theory, database theory.", "email": "immerman@cs.umass.edu"},
{"url": "https://www.cics.umass.edu/person/just-ren%C3%A9", "title": "Assistant Professor", "email": "rjust@cs.umass.edu", "img": "https://www.cics.umass.edu/sites/default/files/styles/people__list/public/headshots/rjust-2015.jpg?itok=7w3IvCZG", "name": "Just, Ren "}]