[{"name": "Ashok Agrawala  ", "img": "http://www.cs.umd.edu/sites/default/files/styles/40px_icon/public/images/userpictures/Ashok%20Agrawala.JPG?itok=QgA7T2mt&c=ec5d82031f86a8a078ffb8b9aa60488e", "title": "Professor", "url": "http://www.cs.umd.edu/people/agrawala", "area": "Computer Systems, Computer Systems", "email": "agrawala@cs.umd.edu"},
{"name": "John Aloimonos  ", "img": "http://www.cs.umd.edu/sites/default/files/styles/40px_icon/public/images/userpictures/John%20Aloimonos.jpg?itok=vTWsen-L&c=1e006e4255c6b4f693c0e8fce72ac960", "title": "Professor", "url": "http://www.cs.umd.edu/people/jyaloimo", "area": "Artificial Intelligence, Computer Vision", "email": "jyaloimo@cs.umd.edu"},
{"name": "Ben Bederson  ", "img": "http://www.cs.umd.edu/sites/default/files/styles/40px_icon/public/images/userpictures/bederson.jpg?itok=zE4IlXaw&c=bc9e97982d831328d2c58f329db26cbb", "title": "Professor", "url": "http://www.cs.umd.edu/people/bederson", "area": "Human Computer Interaction, Human Computer Interaction", "email": "bederson@cs.umd.edu"},
{"name": "Bobby Bhattacharjee  ", "img": "http://www.cs.umd.edu/sites/default/files/styles/40px_icon/public/default_images/user_icon.png?itok=63eCRzxf", "title": "Professor", "url": "http://www.cs.umd.edu/people/bobby", "area": "Computer Systems, Security", "email": "bobby@cs.umd.edu"},
{"name": "Marine Carpuat  ", "img": "http://www.cs.umd.edu/sites/default/files/styles/40px_icon/public/images/userpictures/marine.jpg?itok=MtNyffUK", "title": "Assistant Professor", "url": "http://www.cs.umd.edu/people/marine", "area": "Artificial Intelligence, Data Science", "email": "marine@cs.umd.edu"},
{"name": "Andrew Childs  ", "img": "http://www.cs.umd.edu/sites/default/files/styles/40px_icon/public/images/userpictures/amchilds.jpg?itok=23XsnDm6", "title": "Associate Professor", "url": "http://www.cs.umd.edu/people/amchilds", "area": "Theoretical Computer Science, Theoretical Computer Science", "email": "amchilds@cs.umd.edu"},
{"name": "Rance Cleaveland  ", "img": "http://www.cs.umd.edu/sites/default/files/styles/40px_icon/public/images/userpictures/Rance%20Cleaveland.JPG?itok=9nrURnu8&c=e999e8565b9734667f6789aca940430b", "title": "Professor", "url": "http://www.cs.umd.edu/people/wcleavel", "area": "Software Engineering, Software Engineering", "email": "wcleavel@cs.umd.edu"},
{"name": "Hector Corrada Bravo  ", "img": "http://www.cs.umd.edu/sites/default/files/styles/40px_icon/public/images/userpictures/corrada-bravo.png?itok=HrAc49Z3&c=181a7be0ee3c5b1b49e3623730b4ff46", "title": "Assistant Professor", "url": "http://www.cs.umd.edu/people/hcorrada", "area": "Bioinformatics and Computational Biology, Data Science", "email": "hcorrada@cs.umd.edu"},
{"name": "Hal Daume III  ", "img": "http://www.cs.umd.edu/sites/default/files/styles/40px_icon/public/images/userpictures/daume.jpg?itok=rGcJ9MXH&c=20c42d485539e2b0a36e918a43f4aa63", "title": "Associate Professor", "url": "http://www.cs.umd.edu/people/hal3", "area": "Artificial Intelligence, Data Science", "email": "hal3@cs.umd.edu"},
{"name": "Larry Davis  ", "img": "http://www.cs.umd.edu/sites/default/files/styles/40px_icon/public/images/userpictures/Larry%20Davis.jpg?itok=J0TsNFrB&c=9e8b54da1b4b139393826c563c50f283", "title": "Professor", "url": "http://www.cs.umd.edu/people/lsdavis", "area": "Artificial Intelligence, Computer Vision", "email": "lsdavis@cs.umd.edu"},
{"name": "Amol Deshpande  ", "img": "http://www.cs.umd.edu/sites/default/files/styles/40px_icon/public/images/userpictures/deshpande.jpg?itok=AQBUXtIX&c=e27a5ce1b49599cb10499af18def7f4e", "title": "Associate Professor", "url": "http://www.cs.umd.edu/people/adeshpan", "area": "Databases, Data Science", "email": "adeshpan@cs.umd.edu"},
{"name": "Ramani Duraiswami  ", "img": "http://www.cs.umd.edu/sites/default/files/styles/40px_icon/public/images/userpictures/duraiswami.jpg?itok=oOFOMa90&c=d107cc7d7b5978d84b843ea05287b86e", "title": "Professor", "url": "http://www.cs.umd.edu/people/rduraisw", "area": "Computer Vision, Numerical Analysis", "email": "rduraisw@cs.umd.edu"},
{"name": "Howard Elman  ", "img": "http://www.cs.umd.edu/sites/default/files/styles/40px_icon/public/images/userpictures/elman%20howard.jpg?itok=rO25s54F&c=884a7607e690933c4c6785e9f5009d3c", "title": "Professor", "url": "http://www.cs.umd.edu/people/helman", "area": "Numerical Analysis, Numerical Analysis", "email": "helman@cs.umd.edu"},
{"url": "http://www.cs.umd.edu/people/fpe", "title": "Lecturer", "email": "fpe@cs.umd.edu", "img": "http://www.cs.umd.edu/sites/default/files/styles/40px_icon/public/images/userpictures/Fawzi%20Emad.jpg?itok=tza8-HnB&c=b6af269a44bb6031b3135eb6836c0424", "name": "Fawzi Emad  "},
{"name": "Jeffrey Foster  ", "img": "http://www.cs.umd.edu/sites/default/files/styles/40px_icon/public/images/userpictures/IMG_4681%20-%20Version%202.jpg?itok=mda8n_lZ", "title": "Professor", "url": "http://www.cs.umd.edu/people/jfoster4", "area": "Programming Languages, Security", "email": "jfoster4@cs.umd.edu"},
{"name": "Jon Froehlich  ", "img": "http://www.cs.umd.edu/sites/default/files/styles/40px_icon/public/images/userpictures/jonf.png?itok=a8Wpf949&c=4fc6d3db9881018a5ae9051d41d606ba", "title": "Assistant Professor", "url": "http://www.cs.umd.edu/people/jonf", "area": "Human Computer Interaction, Human Computer Interaction", "email": "jonf@cs.umd.edu"},
{"name": "William Gasarch  ", "img": "http://www.cs.umd.edu/sites/default/files/styles/40px_icon/public/images/userpictures/billvdw.jpg?itok=eIzgzQh7&c=79a362793dca8767a896e7d39fe0fb0c", "title": "Professor", "url": "http://www.cs.umd.edu/people/gasarch", "area": "Theoretical Computer Science, Theoretical Computer Science", "email": "gasarch@cs.umd.edu"},
{"name": "Tom Goldstein  ", "img": "http://www.cs.umd.edu/sites/default/files/styles/40px_icon/public/images/userpictures/goldstein_02.jpg?itok=TH8mIg9t", "title": "Assistant Professor", "url": "http://www.cs.umd.edu/people/tomg", "area": "Numerical Analysis, Data Science", "email": "tomg@cs.umd.edu"},
{"name": "Evan Golub  ", "img": "http://www.cs.umd.edu/sites/default/files/styles/40px_icon/public/images/userpictures/Golub.jpg?itok=hdo_tern&c=54df73dabc3c255f82d4bbfb2e1d0861", "title": "Senior Lecturer", "url": "http://www.cs.umd.edu/people/egolub", "area": "Human Computer Interaction, Human Computer Interaction", "email": "egolub@cs.umd.edu"},
{"name": "Mohammad Hajiaghayi  ", "img": "http://www.cs.umd.edu/sites/default/files/styles/40px_icon/public/images/userpictures/Mohammad%20Hajiaghayi.jpg?itok=vesUlbfs", "title": "Associate Professor", "url": "http://www.cs.umd.edu/people/hajiagha", "area": "Theoretical Computer Science, Theoretical Computer Science", "email": "hajiagha@cs.umd.edu"},
{"url": "http://www.cs.umd.edu/people/larry", "title": "Lecturer", "email": "larry@cs.umd.edu", "img": "http://www.cs.umd.edu/sites/default/files/styles/40px_icon/public/default_images/user_icon.png?itok=63eCRzxf", "name": "Larry Herman  "},
{"name": "Michael Hicks  ", "img": "http://www.cs.umd.edu/sites/default/files/styles/40px_icon/public/images/userpictures/hicks.jpg?itok=1OZBaRaP", "title": "Professor", "url": "http://www.cs.umd.edu/people/mhicks2", "area": "Programming Languages, Computer Systems", "email": "mhicks2@cs.umd.edu"},
{"name": "Jeffrey K. Hollingsworth  ", "img": "http://www.cs.umd.edu/sites/default/files/styles/40px_icon/public/images/userpictures/Jeff%20Hollingsworth.JPG?itok=gdcEnATR", "title": "Professor", "url": "http://www.cs.umd.edu/people/hollings", "area": "High Performance Computing, Computer Systems", "email": "hollings@cs.umd.edu"},
{"url": "http://www.cs.umd.edu/people/meesh", "title": "Lecturer", "email": "meesh@cs.umd.edu", "img": "http://www.cs.umd.edu/sites/default/files/styles/40px_icon/public/images/userpictures/Hugue%20Michelle.jpg?itok=_NO-T8Yx&c=fca690c28f3148226ba10bf3df52390c", "name": "Michelle Hugue  "},
{"name": "David Jacobs  ", "img": "http://www.cs.umd.edu/sites/default/files/styles/40px_icon/public/images/userpictures/DavidJacobs.JPG?itok=MgmL6n6F&c=36a0f818af69ace8b9e4a2df116c292a", "title": "Professor", "url": "http://www.cs.umd.edu/people/dwj", "area": "Artificial Intelligence, Computer Vision", "email": "dwj@cs.umd.edu"},
{"name": "Jonathan Katz  ", "img": "http://www.cs.umd.edu/sites/default/files/styles/40px_icon/public/images/userpictures/katz%20jonathan.jpg?itok=Vkx8hZ-K&c=269c9b640bfa5ce1ab1096c7c9c41a0e", "title": "Professor", "url": "http://www.cs.umd.edu/people/jkatz2", "area": "Theoretical Computer Science, Security", "email": "jkatz2@cs.umd.edu"},
{"name": "Pete Keleher  ", "img": "http://www.cs.umd.edu/sites/default/files/styles/40px_icon/public/images/userpictures/keleher%20pete.jpg?itok=atHrCtJy&c=8c73bf5a6d6b2a6bdd5817f6732138c4", "title": "Associate Professor", "url": "http://www.cs.umd.edu/people/keleher", "area": "Computer Systems, Computer Systems", "email": "keleher@cs.umd.edu"},
{"name": "Zia Khan  ", "img": "http://www.cs.umd.edu/sites/default/files/styles/40px_icon/public/images/userpictures/Zia%20Khan%20-%20UMIACS%20Photo%201%202209%20-%20cropped.jpg?itok=gjUFqFiV", "title": "Assistant Professor", "url": "http://www.cs.umd.edu/people/zia1138", "area": "Bioinformatics and Computational Biology, Bioinformatics and Computational Biology", "email": "zia1138@cs.umd.edu"},
{"name": "Samir Khuller  ", "img": "http://www.cs.umd.edu/sites/default/files/styles/40px_icon/public/images/userpictures/Leadership%20%283%20of%203%29.jpg?itok=67yrpJz8&c=ed81349c509d3bc52b16af95afbcf586", "title": "Professor", "url": "http://www.cs.umd.edu/people/samirk", "area": "Theoretical Computer Science, Big Data", "email": "samirk@cs.umd.edu"},
{"name": "Clyde Kruskal  ", "img": "http://www.cs.umd.edu/sites/default/files/styles/40px_icon/public/images/userpictures/kruskal%20clyde.jpg?itok=SD34y1WD&c=5070076d1f1141c08085d86dd37836b3", "title": "Associate Professor", "url": "http://www.cs.umd.edu/people/ckruskal", "area": "Theoretical Computer Science, Theoretical Computer Science", "email": "ckruskal@cs.umd.edu"},
{"url": "http://www.cs.umd.edu/people/anwar", "title": "Lecturer", "email": "anwar@cs.umd.edu", "img": "http://www.cs.umd.edu/sites/default/files/styles/40px_icon/public/images/userpictures/anwar-passport-photo.jpg?itok=8arLXL1y", "name": "Anwar Mamat  "},
{"name": "Michelle Mazurek  ", "img": "http://www.cs.umd.edu/sites/default/files/styles/40px_icon/public/images/userpictures/mazurek-9394.jpg?itok=hEuK6tCP", "title": "Assistant Professor", "url": "http://www.cs.umd.edu/people/mmazurek", "area": "Security, Human Computer Interaction", "email": "mmazurek@cs.umd.edu"},
{"name": "Atif Memon  ", "img": "http://www.cs.umd.edu/sites/default/files/styles/40px_icon/public/images/userpictures/AtifMemon.jpg?itok=YLw0_Hz9&c=051ab99c96e363dca3e63c9f70dfb5b2", "title": "Professor", "url": "http://www.cs.umd.edu/people/amemon", "area": "Software Engineering, Bioinformatics and Computational Biology", "email": "amemon@cs.umd.edu"},
{"name": "David Mount  ", "img": "http://www.cs.umd.edu/sites/default/files/styles/40px_icon/public/images/userpictures/David%20Mount.jpg?itok=UC7Ri5C4&c=f697d0c47680a3a2fd615554f54225bf", "title": "Professor", "url": "http://www.cs.umd.edu/people/mount", "area": "Theoretical Computer Science, Theoretical Computer Science", "email": "mount@cs.umd.edu"},
{"name": "Dana Nau  ", "img": "http://www.cs.umd.edu/sites/default/files/styles/40px_icon/public/images/userpictures/nau%20dana.png?itok=i0As5qiZ&c=ea9b7e87c58bb9328a401f4220a78e4a", "title": "Professor", "url": "http://www.cs.umd.edu/people/nau", "area": "Artificial Intelligence, Artificial Intelligence", "email": "nau@cs.umd.edu"},
{"url": "http://www.cs.umd.edu/people/nelsonp", "title": "Lecturer", "email": "nelsonp@cs.umd.edu", "img": "http://www.cs.umd.edu/sites/default/files/styles/40px_icon/public/images/userpictures/nelson%20paduaperez.png?itok=P_kE8fXG&c=e9116ed21e8ee135cc2045f7128ae0cc", "name": "Nelson Padua-Perez  "},
{"name": "Don Perlis  ", "img": "http://www.cs.umd.edu/sites/default/files/styles/40px_icon/public/images/userpictures/perlis%20don.jpg?itok=bru-9BXF&c=6dceb2b266b31a93f1f3268a92035e3c", "title": "Professor", "url": "http://www.cs.umd.edu/people/perlis", "area": "Artificial Intelligence, Artificial Intelligence", "email": "perlis@cs.umd.edu"},
{"url": "http://www.cs.umd.edu/people/jplane", "title": "Senior Lecturer", "email": "jplane@cs.umd.edu", "img": "http://www.cs.umd.edu/sites/default/files/styles/40px_icon/public/images/userpictures/plane%20jan.jpg?itok=18g3knLe&c=1fcfce10fb3dd10a87aed8c2d2cbf8b4", "name": "Jandelyn Plane  "},
{"name": "Mihai Pop  ", "img": "http://www.cs.umd.edu/sites/default/files/styles/40px_icon/public/images/userpictures/pop%20mihai.jpg?itok=v2a0uqXe&c=7f657b025c8d805839a32f850b6dd7d6", "title": "Associate Professor", "url": "http://www.cs.umd.edu/people/mpop", "area": "Bioinformatics and Computational Biology, Bioinformatics and Computational Biology", "email": "mpop@cs.umd.edu"},
{"name": "Adam Porter  ", "img": "http://www.cs.umd.edu/sites/default/files/styles/40px_icon/public/images/userpictures/porter%20adam.JPG?itok=2q7s0gsT&c=d6270116b97e7629b6454c1eb89ba6ee", "title": "Professor", "url": "http://www.cs.umd.edu/people/aporter", "area": "Software Engineering, Software Engineering", "email": "aporter@cs.umd.edu"},
{"url": "http://www.cs.umd.edu/people/purtilo", "title": "Associate Professor", "email": "purtilo@cs.umd.edu", "img": "http://www.cs.umd.edu/sites/default/files/styles/40px_icon/public/default_images/user_icon.png?itok=63eCRzxf", "name": "James Purtilo  "},
{"name": "James Reggia  ", "img": "http://www.cs.umd.edu/sites/default/files/styles/40px_icon/public/images/userpictures/reggia%20james.jpg?itok=QXRAXhP0&c=9dab11dbe37b4e66e2df439752a4169c", "title": "Professor", "url": "http://www.cs.umd.edu/people/reggia", "area": "Artificial Intelligence, Artificial Intelligence", "email": "reggia@cs.umd.edu"},
{"url": "http://www.cs.umd.edu/people/tomr55", "title": "Lecturer", "email": "tomr55@cs.umd.edu", "img": "http://www.cs.umd.edu/sites/default/files/styles/40px_icon/public/images/userpictures/reinhardt%20tom.jpg?itok=obQtYXbR&c=6abf6e42f14f39f8749e590f8b43c507", "name": "Tom Reinhardt  "},
{"name": "Nicholas Roussopoulos  ", "img": "http://www.cs.umd.edu/sites/default/files/styles/40px_icon/public/images/userpictures/Roussopolos%20nick.jpg?itok=5Iag1PQe", "title": "Professor", "url": "http://www.cs.umd.edu/people/nickr", "area": "Databases, Big Data", "email": "nickr@cs.umd.edu"},
{"name": "Eytan Ruppin  ", "img": "http://www.cs.umd.edu/sites/default/files/styles/40px_icon/public/default_images/user_icon.png?itok=63eCRzxf", "title": "Professor", "url": "http://www.cs.umd.edu/people/ruppinumiacsumdedu", "area": "Bioinformatics and Computational Biology, Bioinformatics and Computational Biology", "email": "ruppinumiacsumdedu@cs.umd.edu"},
{"url": "http://www.cs.umd.edu/people/pedram", "title": "Lecturer", "email": "pedram@cs.umd.edu", "img": "http://www.cs.umd.edu/sites/default/files/styles/40px_icon/public/default_images/user_icon.png?itok=63eCRzxf", "name": "Pedram Sadeghian  "},
{"name": "Hanan Samet  ", "img": "http://www.cs.umd.edu/sites/default/files/styles/40px_icon/public/images/userpictures/samet.jpg?itok=HK-zd2Pa&c=28459958ee631160fb08c2c4b4d87809", "title": "Professor", "url": "http://www.cs.umd.edu/people/hjs", "area": "Artificial Intelligence, Artificial Intelligence", "email": "hjs@cs.umd.edu"},
{"url": "http://www.cs.umd.edu/people/vibha", "title": "Lecturer", "email": "vibha@cs.umd.edu", "img": "http://www.cs.umd.edu/sites/default/files/styles/40px_icon/public/default_images/user_icon.png?itok=63eCRzxf", "name": "Vibha  Sazawal  "},
{"name": "A. Udaya Shankar  ", "img": "http://www.cs.umd.edu/sites/default/files/styles/40px_icon/public/images/userpictures/Shankar.jpg?itok=ZaCYaVKz", "title": "Professor", "url": "http://www.cs.umd.edu/people/shankar", "area": "Computer Systems, Computer Systems", "email": "shankar@cs.umd.edu"},
{"name": "Ben Shneiderman  ", "img": "http://www.cs.umd.edu/sites/default/files/styles/40px_icon/public/images/userpictures/shneiderman%20ben.jpg?itok=yL21i4lp&c=13b58e02f8e205167d634238eb28de8b", "title": "Professor", "url": "http://www.cs.umd.edu/people/bshneide", "area": "Human Computer Interaction, Data Science", "email": "bshneide@cs.umd.edu"},
{"name": "Neil Spring  ", "img": "http://www.cs.umd.edu/sites/default/files/styles/40px_icon/public/images/userpictures/zcx500.jpeg?itok=Yv3j8lRl&c=d2b8e59e3a59c8d93d29737af2fec636", "title": "Associate Professor", "url": "http://www.cs.umd.edu/people/nspring", "area": "Computer Systems, Security", "email": "nspring@cs.umd.edu"},
{"name": "Aravind Srinivasan  ", "img": "http://www.cs.umd.edu/sites/default/files/styles/40px_icon/public/images/userpictures/Aravind%20Srinivasan.jpg?itok=vl6ixXNI&c=c5bc648b608a517f8e2e0865f8b09b77", "title": "Professor", "url": "http://www.cs.umd.edu/people/asriniv1", "area": "Theoretical Computer Science, Bioinformatics and Computational Biology", "email": "asriniv1@cs.umd.edu"},
{"name": "V.S. Subrahmanian  ", "img": "http://www.cs.umd.edu/sites/default/files/styles/40px_icon/public/images/userpictures/subrahmanian%20vs.jpg?itok=4_cKoJbx&c=b33df8ea239e02dd35215264e1f93f35", "title": "Professor", "url": "http://www.cs.umd.edu/people/vs", "area": "Artificial Intelligence, Computer Systems", "email": "vs@cs.umd.edu"},
{"name": "Alan Sussman  ", "img": "http://www.cs.umd.edu/sites/default/files/styles/40px_icon/public/images/userpictures/als-2012.jpg?itok=eb9A883p&c=269c9b640bfa5ce1ab1096c7c9c41a0e", "title": "Professor", "url": "http://www.cs.umd.edu/people/asussman", "area": "Computer Systems, High Performance Computing", "email": "asussman@cs.umd.edu"},
{"name": "David Van Horn  ", "img": "http://www.cs.umd.edu/sites/default/files/styles/40px_icon/public/images/userpictures/DSC_0054.jpg?itok=aImtW-9N&c=17ca4d94983b2a38294b9d1e2d3b711b", "title": "Assistant Professor", "url": "http://www.cs.umd.edu/people/dvanhorn", "area": "Programming Languages, Security", "email": "dvanhorn@cs.umd.edu"},
{"name": "Amitabh Varshney  ", "img": "http://www.cs.umd.edu/sites/default/files/styles/40px_icon/public/images/userpictures/varshney%20amitabh.png?itok=OWlRy5d5&c=5aae9b4a6ed70c7b3755db84f3353d6c", "title": "Professor", "url": "http://www.cs.umd.edu/people/varshney", "area": "Computer Vision, Data Science", "email": "varshney@cs.umd.edu"}]