[{"name": "Abernethy, Jacob ", "img": "http://www.eecs.umich.edu/eecs/images/people/photos/jabernet.jpg", "title": "Assistant Professor, Electrical Engineering and Computer Science", "url": "http://web.eecs.umich.edu/~jabernet/", "area": "Machine learning, game theory, decision theory, optimization, market mechanism design, and financial applications. He is particularly interested in how algorithms utilized in ML, such as those for discovering patterns in data, are strongly related to methods used in large-scale optimization, as well as strategies for hedging financial derivatives and setting prices in securities markets.", "email": "jabernet@umich.edu"},
{"name": "Abney, Steven ", "img": "http://www.eecs.umich.edu/eecs/images/people/photos/abney.jpg", "title": "Associate Professor, Linquistics Associate Professor (courtesy), Electrical Engineering and Computer Science", "url": "http://www.umich.edu/~abney/", "area": "Natural language processing, machine learning", "email": "abney@umich.edu"},
{"name": "Ackerman, Mark S.", "img": "http://www.eecs.umich.edu/eecs/images/people/photos/ackerm.jpg", "title": "George Herbert Mead Collegiate Professor of Human-Computer InteractionProfessor, Electrical Engineering and Computer ScienceProfessor, School of Information", "url": "http://www.eecs.umich.edu/~ackerm", "area": "Human-computer interaction, social computing, collaborative technologies, computer-supported cooperative work.", "email": "ackerm@umich.edu"},
{"name": "Adar, Eytan ", "img": "http://www.eecs.umich.edu/eecs/images/people/photos/eadar.jpg", "title": "Assistant Professor, Electrical Engineering and Computer ScienceAssociate Professor, School of Information", "url": "http://www.cond.org/", "area": "Internet-scale systems, social network analysis, text mining, and visualization.", "email": "eadar@umich.edu"},
{"name": "Atkins, Ella M.", "img": "http://www.eecs.umich.edu/eecs/images/people/photos/ematkins.jpg", "title": "Associate Professor,  Aerospace EngineeringAssociate Professor (courtesy), Electrical Engineering and Computer Science ", "url": "http://www.engin.umich.edu/aero/people/faculty/ella-atkins", "area": "Task and motion planning algorithms to enable opportunistic, fault-tolerant autonomous aircraft and spacecraft flight management.", "email": "ematkins@umich.edu"},
{"name": "Austin, Todd ", "img": "http://www.eecs.umich.edu/eecs/images/people/photos/austin.jpg", "title": "Professor, Electrical Engineering and Computer Science", "url": "http://www.eecs.umich.edu/~taustin", "area": "Computer architecture, compilers, VLSI design, hardware modeling and verification.", "email": "austin@umich.edu"},
{"name": "Baveja, Satinder S.", "img": "http://www.eecs.umich.edu/eecs/images/people/photos/baveja.jpg", "title": "Professor, Electrical Engineering and Computer Science", "url": "http://www.eecs.umich.edu/~baveja", "area": "Reinforcement Learning, Machine Learning, Computational Game Theory, Adaptive Human Computer Interaction.", "email": "baveja@umich.edu"},
{"name": "Bertacco, Valeria ", "img": "http://www.eecs.umich.edu/eecs/images/people/photos/valeria.jpg", "title": "Professor, Electrical Engineering and Computer Science", "url": "http://www.eecs.umich.edu/~valeria", "area": "Improving the functional correctness of digital integrated circuits, by developing technology that attacks the issue at design time, in post-silicon, and throughout the lifetime of a digital integrated component, in face of the challenges posed by fragile silicon and extreme design complexity.", "email": "valeria@umich.edu"},
{"title": "LEO Lecturer I, Electrical Engineering and Computer Science", "img": "http://www.eecs.umich.edu/eecs/images/people/photos/gameprof.jpg", "email": "gameprof@umich.edu", "name": "Bond, Jeremy ", "area": "Game Design, Prototyping, and Programming"},
{"url": "http://www.eecs.umich.edu/~brehob/", "title": "Collegiate LecturerLecturer IV, Electrical Engineering and Computer Science", "email": "brehob@umich.edu", "img": "http://www.eecs.umich.edu/eecs/images/people/photos/brehob.jpg", "name": "Brehob, Mark "},
{"name": "Cafarella, Michael J.", "img": "http://www.eecs.umich.edu/eecs/images/people/photos/michjc.jpg", "title": "Morris Wellman Faculty Development Assistant Professor of Computer Science and EngineeringAssistant Professor of Electrical Engineering and Computer Science, College of EngineeringFaculty Associate, Survey Research Center, Institute for Social Research", "url": "http://www.eecs.umich.edu/~michjc/", "area": "Databases and web databases", "email": "michjc@umich.edu"},
{"name": "Chen, Peter M.", "img": "http://www.eecs.umich.edu/eecs/images/people/photos/pmchen.jpg", "title": "Arthur F. Thurnau ProfessorProfessor, Electrical Engineering and Computer Science", "url": "http://www.eecs.umich.edu/~pmchen", "area": "Operating systems, computer security, virtual machines, fault-tolerant computing.", "email": "pmchen@umich.edu"},
{"name": "Chesney, David ", "img": "http://www.eecs.umich.edu/eecs/images/people/photos/chesneyd.jpg", "title": "Lecturer IV, Electrical Engineering and Computer Science", "url": "http://web.eecs.umich.edu/faculty/chesney/", "area": "Software Engineering, Object Oriented Methodologies, Unified Modeling Language, Socially Relevant Computing, Assistive Technology", "email": "chesneyd@umich.edu"},
{"name": "Chowdhury, Mosharaf ", "img": "http://www.eecs.umich.edu/eecs/images/people/photos/mosharaf.jpg", "title": "Assistant Professor, Electrical Engineering &amp; Computer Science", "url": "http://www.mosharaf.com/", "area": "Networked systems and cloud computing.", "email": "mosharaf@umich.edu"},
{"title": "Associate Professor, School of InformationAssociate Professor, Electrical Engineering and Computer Science", "email": "kevynct@umich.edu", "img": "http://www.eecs.umich.edu/eecs/images/people/photos/kevynct.jpg", "name": "Collins-Thompson, Kevyn "},
{"name": "Compton, Kevin J.", "img": "http://www.eecs.umich.edu/eecs/images/people/photos/kjc.jpg", "title": "Associate Professor, Electrical Engineering and Computer Science", "url": "http://www.eecs.umich.edu/~kjc", "area": "Theory of computation, Complexity of combinatorial and logical problems, analysis of algorithms, automata theory", "email": "kjc@umich.edu"},
{"name": "Corso, Jason ", "img": "http://www.eecs.umich.edu/eecs/images/people/photos/jjcorso.jpg", "title": "Associate Professor, Electrical Engineering and Computer Science", "url": "http://web.eecs.umich.edu/~jjcorso", "area": "Computer vision, robotics, artificial intelligence.", "email": "jjcorso@umich.edu"},
{"title": "Lecturer III, Electrical Engineering and Computer Science", "email": "mmdarden@umich.edu", "img": "http://www.eecs.umich.edu/eecs/images/people/photos/mmdarden.jpg", "name": "Darden, Marcus "},
{"url": "http://web.eecs.umich.edu/~reetudas/", "title": "Assistant Professor, Electrical Engineering &amp; Computer Science", "email": "reetudas@umich.edu", "img": "http://www.eecs.umich.edu/eecs/images/people/photos/reetudas.jpg", "name": "Das, Reetuparna "},
{"name": "Deng, Jia ", "img": "http://www.eecs.umich.edu/eecs/images/people/photos/jiadeng.jpg", "title": "Assistant Professor, Electrical Engineering and Computer Science", "url": "http://web.eecs.umich.edu/~jiadeng/", "area": "Computer Vision, Machine Learning, Human Computation, Image and Video Understanding, Big Visual Data.", "email": "jiadeng@umich.edu"},
{"url": "http://www.andrewdeorio.com/", "title": "LEO Lecturer III, Electrical Engineering and Computer Science", "email": "awdeorio@umich.edu", "img": "http://www.eecs.umich.edu/eecs/images/people/photos/awdeorio.jpg", "name": "DeOrio, Andrew W."},
{"title": "Assistant Professor, School of InformationAssistant Professor, Electrical Engineering and Computer Science", "email": "tdillahu@umich.edu", "img": "http://www.eecs.umich.edu/eecs/images/people/photos/tdillahu.jpg", "name": "Dillahunt, Tawanna R."},
{"title": "Lecturer IV, Electrical Engineering and Computer Science", "img": "http://www.eecs.umich.edu/eecs/images/people/photos/mdorf.jpg", "email": "mdorf@umich.edu", "name": "Dorf, Mary Lou ", "area": "Engineering Education, women in engineering"},
{"name": "Dreslinski, Ron ", "img": "http://www.eecs.umich.edu/eecs/images/people/photos/rdreslin.jpg", "title": "Assistant Professor, Electrical Engineering &amp; Computer Science", "url": "http://web.eecs.umich.edu/~rdreslin/", "area": "Novel architectures and design technologies for energy-efficient computing, including near-threshold computer design and experimental 3D computer chips.", "email": "rdreslin@umich.edu"},
{"name": "Durfee, Edmund H.", "img": "http://www.eecs.umich.edu/eecs/images/people/photos/durfee.jpg", "title": "Co-director, Technology Increasing Knowledge: Technology Optimizing Choice (TIKTOC), U-M Rehabilitation Engineering Research CenterProfessor, Electrical Engineering and Computer ScienceProfessor, School of Information (courtesy)", "url": "http://ai.eecs.umich.edu/people/durfee/", "area": "Multi-agent coordination and intelligent real-time systems", "email": "durfee@umich.edu"},
{"name": "Dutta, Prabal ", "img": "http://www.eecs.umich.edu/eecs/images/people/photos/prabal.jpg", "title": "Morris Wellman Faculty Development ProfessorAssociate Professor, Electrical Engineering and Computer Science", "url": "http://www.eecs.umich.edu/~prabal/", "area": "Practical, low-power platforms and wireless protocols for pervasive sensing, computing, and communications.", "email": "prabal@umich.edu"},
{"url": "http://www.eecs.umich.edu/~gessl", "title": "Assistant Professor, Electrical Engineering and Computer Science", "email": "gessl@umich.edu", "img": "http://www.eecs.umich.edu/eecs/images/people/photos/gessl.jpg", "name": "Essl, Georg "},
{"name": "Eustice, Ryan M.", "img": "http://www.eecs.umich.edu/eecs/images/people/photos/eustice.jpg", "title": "Associate Professor, Naval Architecture and Marine EngineeringAssociate Professor, Electrical Engineering and Computer Science", "url": "http://www.umich.edu/~eustice", "area": "Theoretical and experimental research in probabilistic robotics for large-scale mapping and navigation.  Specific topics include vision-based simultaneous localization and mapping, underwater computer vision and image processing, data fusion, underwater vehicle navigation, and autonomous vehicles.", "email": "eustice@umich.edu"},
{"name": "Flinn, Jason ", "img": "http://www.eecs.umich.edu/eecs/images/people/photos/jflinn.jpg", "title": "Professor, Electrical Engineering and Computer Science", "url": "http://www.eecs.umich.edu/~jflinn", "area": "Mobile and pervasive computing, operating systems, distributed systems, energy management.", "email": "jflinn@umich.edu"},
{"name": "Fu, Kevin ", "img": "http://www.eecs.umich.edu/eecs/images/people/photos/kevinfu.jpg", "title": "Associate Professor, Electrical Engineering and Computer Science", "url": "http://web.eecs.umich.edu/~kevinfu/", "area": "Computer system security; ultra-low power computing; healthcare safety. <br><br>Prof. Fu can be reached at: http://web.eecs.umich.edu/~kevinfu/contact.html", "email": "fugistics@umich.edu"},
{"url": "http://guanlab.ccmb.med.umich.edu/", "title": "Assistant Professor, Dept of Computational Medicine and BioinformaticsAssistant Professor, Electrical Engineering and Computer Science Dept", "email": "gyuanfan@umich.edu", "img": "http://www.eecs.umich.edu/eecs/images/people/photos/gyuanfan.jpg", "name": "Guan, Yuanfang "},
{"url": "http://www.cse.umich.edu/~jhalderm/", "title": "Morris Wellman Faculty Development ProfessorAssociate Professor, Electrical Engineering and Computer Science", "email": "jhalderm@umich.edu", "img": "http://www.eecs.umich.edu/eecs/images/people/photos/jhalderm.jpg", "name": "Halderman, J. Alex "},
{"name": "Hayes, John P.", "img": "http://www.eecs.umich.edu/eecs/images/people/photos/jhayes.jpg", "title": "Claude E. Shannon Professor of Engineering ScienceProfessor, Electrical Engineering and Computer Science", "url": "http://www.eecs.umich.edu/~jhayes", "area": "Computer-aided design and testing, Computer architecture, Fault-tolerant design, VLSI circuits, Stochastic computing.", "email": "jhayes@umich.edu"},
{"name": "Hero, Alfred O.", "img": "http://www.eecs.umich.edu/eecs/images/people/photos/hero.jpg", "title": "Co-Director, Michigan Institute for Data Science (MIDAS); R. Jamison and Betty Williams Professor of EngineeringProfessor, Electrical Engineering and Computer ScienceProfessor (courtesy), Biomedical Engineering; Statistics", "url": "http://www.eecs.umich.edu/~hero/", "area": "Statistical signal and image processing.", "email": "hero@umich.edu"},
{"url": "http://www.impedimenttoprogress.com/", "title": "Research FellowLEO Lecturer I, Electrical Engineering and Computer Science", "email": "mdhicks@umich.edu", "img": "http://www.eecs.umich.edu/eecs/images/people/photos/mdhicks.jpg", "name": "Hicks, Matthew "},
{"name": "Honeyman, Peter ", "img": "http://www.eecs.umich.edu/eecs/images/people/photos/honey.jpg", "title": "Research Professor and Lecturer", "url": "http://www.citi.umich.edu/u/honey/", "area": "Experimental distributed systems", "email": "honey@umich.edu"},
{"name": "Jagadish, HV ", "img": "http://www.eecs.umich.edu/eecs/images/people/photos/jag.jpg", "title": "Bernard A. Galler Collegiate Professor of Electrical Engineering and Computer ScienceProfessor, Electrical Engineering and Computer Science", "url": "http://www.eecs.umich.edu/~jag", "area": "Big data, data mining, database systems, and bioinformatics.", "email": "jag@umich.edu"},
{"name": "Jahanian, Farnam ", "img": "http://www.eecs.umich.edu/eecs/images/people/photos/farnam.jpg", "title": "CSE DivisionAdjunct Professor", "url": "http://www.eecs.umich.edu/~farnam/", "area": "Distributed computing, network security, and network protocols and architectures.", "email": "farnam@umich.edu"},
{"name": "Jamin, Sugih ", "img": "http://www.eecs.umich.edu/eecs/images/people/photos/sugih.jpg", "title": "Associate Professor, Electrical Engineering and Computer Science", "url": "http://www.eecs.umich.edu/~sugih", "area": "Dynamic behaviors of large-scale systems, probabilistic distributed algorithms, computer network protocols and architectures, computer graphics.", "email": "sugih@umich.edu"},
{"name": "Jenkins, Chad ", "img": "http://www.eecs.umich.edu/eecs/images/people/photos/ocj.jpg", "title": "Associate Professor, Electrical Engineering &amp; Computer Science", "url": "http://web.eecs.umich.edu/~ocj/", "area": "Human-robot interaction, including exploration of methods that enable robots to learn human skills.", "email": "ocj@umich.edu"},
{"name": "Johnson-Roberson, Matthew ", "img": "http://www.eecs.umich.edu/eecs/images/people/photos/mattjr.jpg", "title": "Assistant Professor, Naval Architecture and Marine EngineeringAssistant Professor, Electrical Engineering and Computer Science", "url": "http://droplab.engin.umich.edu/matthew-johnson-roberson", "area": "Robotics, Robotic Perception, Computer Vision, Machine Learning, and Visualization", "email": "mattjr@umich.edu"},
{"title": "CSE Lecturer I", "email": "jjuett@umich.edu", "img": "http://www.eecs.umich.edu/eecs/images/people/photos/jjuett.jpg", "name": "Juett, James "},
{"url": "http://web.eecs.umich.edu/~akamil/", "title": "Lecturer III, Electrical Engineering and Computer Science", "email": "akamil@umich.edu", "img": "http://www.eecs.umich.edu/eecs/images/people/photos/akamil.jpg", "name": "Kamil, Amir "},
{"name": "Kieras, David E.", "img": "http://www.eecs.umich.edu/eecs/images/people/photos/kieras.jpg", "title": "Professor, Electrical Engineering and Computer ScienceProfessor, Psychology Department", "url": "http://ai.eecs.umich.edu/people/kieras/", "area": "Human-computer interaction, User interface design, Human cognition and performance, Natural language processing", "email": "kieras@umich.edu"},
{"name": "Koutra, Danai ", "img": "http://www.eecs.umich.edu/eecs/images/people/photos/dkoutra.jpg", "title": "Assistant Professor, Electrical Engineering &amp; Computer Science", "url": "http://web.eecs.umich.edu/~dkoutra/", "area": "Data mining, graph summarization and visualization, and applied machine learning.", "email": "dkoutra@umich.edu"},
{"name": "Kuipers, Benjamin ", "img": "http://www.eecs.umich.edu/eecs/images/people/photos/kuipers.jpg", "title": "Professor, Electrical Engineering and Computer Science", "url": "http://eecs.umich.edu/~kuipers/", "area": "The representation of commonsense and expert knowledge, with particular emphasis on the effective use of incomplete knowledge.", "email": "kuipers@umich.edu"},
{"name": "Lafortune, Stephane ", "img": "http://www.eecs.umich.edu/eecs/images/people/photos/stephane.jpg", "title": "Professor, Electrical Engineering and Computer Science", "url": "https://wiki.eecs.umich.edu/stephane/", "area": "System and control theory; Discrete event systems; Application to computer and communication systems", "email": "stephane@umich.edu"},
{"name": "Laird, John E.", "img": "http://www.eecs.umich.edu/eecs/images/people/photos/laird.jpg", "title": "John L. Tishman Professor of EngineeringProfessor, Electrical Engineering and Computer Science", "url": "http://ai.eecs.umich.edu/people/laird/index.html", "area": "Artificial Intelligence, Cognitive Architectures, Machine Learning, and Computer Games.", "email": "laird@umich.edu"},
{"name": "Lasecki, Walter ", "img": "http://www.eecs.umich.edu/eecs/images/people/photos/wlasecki.jpg", "title": "Assistant Professor, Electrical Engineering &amp; Computer Science", "url": "http://web.eecs.umich.edu/~wlasecki/", "area": "Combining human and machine computation to create intelligent systems that can solve problems ranging from accessibility needs for uses with disabilities to rapid analysis of large data sets.", "email": "wlasecki@umich.edu"},
{"name": "Lee, Honglak ", "img": "http://www.eecs.umich.edu/eecs/images/people/photos/honglak.jpg", "title": "Morris Wellman Faculty Development Assistant Professor of Computer Science and EngineeringAssistant Professor of Electrical Engineering and Computer Science, College of Engineering", "url": "http://www.eecs.umich.edu/~honglak", "area": "Machine Learning, Deep Learning, Artificial Intelligence, Computer Vision", "email": "honglak@umich.edu"},
{"url": "http://www.eecs.umich.edu/~mingyan", "title": "Associate Chair of ECE Graduate AffairsProfessor, Electrical Engineering and Computer Science", "email": "mingyan@umich.edu", "img": "http://www.eecs.umich.edu/eecs/images/people/photos/mingyan.jpg", "name": "Liu, Mingyan "},
{"name": "Madhyastha, Harsha ", "img": "http://www.eecs.umich.edu/eecs/images/people/photos/harshavm.jpg", "title": "Assistant Professor, Electrical Engineering &amp; Computer Science", "url": "http://web.eecs.umich.edu/~harshavm/", "area": "Distributed systems, networking, security and privacy, including Internet-scale distributed services, cloud computing, online social networks, network measurement, web performance, distributed storage systems", "email": "harshavm@umich.edu"},
{"name": "Mahlke, Scott ", "img": "http://www.eecs.umich.edu/eecs/images/people/photos/mahlke.jpg", "title": "Associate Chair, Computer Science and Engineering Professor, Electrical Engineering and Computer Science", "url": "http://www.eecs.umich.edu/~mahlke", "area": "Compilers, application-specific processors, computer architecture and microarchitecture, embedded systems", "email": "mahlke@umich.edu"},
{"name": "Mao, Zhuoqing Morley ", "img": "http://www.eecs.umich.edu/eecs/images/people/photos/zmao.jpg", "title": "Associate Professor, Electrical Engineering and Computer Science", "url": "http://www.eecs.umich.edu/~zmao", "area": "Wide area networks, network security, and distributed systems", "email": "zmao@umich.edu"},
{"name": "Markov, Igor ", "img": "http://www.eecs.umich.edu/eecs/images/people/photos/imarkov.jpg", "title": "Professor, Electrical Engineering and Computer Science", "url": "http://www.eecs.umich.edu/~imarkov/", "area": "Electronic Design Automation: Floorplanning, Placement and Routing, Logic and Physical Synthesis, Formal Verification. Quantum Design Automation: Synthesis and Simulation of quantum circuits. Algorithms for search and optimization: Boolean SATisfiability, block packing, hypergraph partitioning.", "email": "imarkov@umich.edu"},
{"name": "Mars, Jason ", "img": "http://www.eecs.umich.edu/eecs/images/people/photos/profmars.jpg", "title": "Assistant Professor, Electrical Engineering and Computer Science", "url": "http://web.eecs.umich.edu/~profmars/", "area": "Cross-layer systems architectures for emerging applications, datacenter and warehouse-scale computer architecture, and hardware / software co-design.", "email": "profmars@umich.edu"},
{"name": "Mazumder, Pinaki ", "img": "http://www.eecs.umich.edu/eecs/images/people/photos/mazum.jpg", "title": "Professor, Electrical Engineering and Computer Science", "url": "http://www.eecs.umich.edu/~mazum", "area": "VLSI circuit design, VLSI testing, and VLSI layout tools", "email": "mazum@umich.edu"},
{"name": "Mei, Qiaozhu ", "img": "http://www.eecs.umich.edu/eecs/images/people/photos/qmei.jpg", "title": "Associate Professor, School of InformationAssistant Professor, Electrical Engineering and Computer Science", "url": "http://www-personal.umich.edu/~qmei/", "area": "information retrieval, text mining, social network analysis, and biomedical informatics", "email": "qmei@umich.edu"},
{"name": "Mihalcea, Rada ", "img": "http://www.eecs.umich.edu/eecs/images/people/photos/mihalcea.jpg", "title": "Professor, Electrical Engineering and Computer Science", "url": "http://web.eecs.umich.edu/~mihalcea/", "area": "Natural language processing, computational social sciences, multimodal tracking and understanding of human behavior.", "email": "mihalcea@umich.edu"},
{"url": "http://www-personal.umich.edu/~carlmi/index.html", "title": "Assistant Research ScientistLEO Adjunct Assistant Professor", "email": "carlmi@umich.edu", "img": "http://www.eecs.umich.edu/eecs/images/people/photos/carlmi.jpg", "name": "Miller, Carl A."},
{"title": "LEO Lecturer II, Electrical Engineering and Computer Science", "email": "morgana@umich.edu", "img": "http://www.eecs.umich.edu/eecs/images/people/photos/morgana.jpg", "name": "Morgan, Andrew "},
{"name": "Mower Provost, Emily ", "img": "http://www.eecs.umich.edu/eecs/images/people/photos/emilykmp.jpg", "title": "Assistant Professor, Electrical Engineering and Computer Science", "url": "http://www.eecs.umich.edu/~emilykmp", "area": "Audio-visual modeling of human behavior focusing on emotion. Focus on assistive speech-based technologies.", "email": "emilykmp@umich.edu"},
{"name": "Mozafari, Barzan ", "img": "http://www.eecs.umich.edu/eecs/images/people/photos/mozafari.jpg", "title": "Assistant Professor, Electrical Engineering and Computer Science", "url": "http://web.eecs.umich.edu/~mozafari/", "area": "Large-scale data-intensive systems, database-as-a-service clouds, distributed systems, and crowdsourcing.", "email": "mozafari@umich.edu"},
{"name": "Mudge, Trevor ", "img": "http://www.eecs.umich.edu/eecs/images/people/photos/tnm.jpg", "title": "Bredt Family Professor of EngineeringProfessor, Electrical Engineering and Computer Science", "url": "http://www.eecs.umich.edu/~tnm/", "area": "Computer systems design, low power computing, parallel processing, computer-aided design, impact of technology.", "email": "tnm@umich.edu"},
{"title": "Associate Professor, Computational Medicine and BioinformaticsAssociate Professor (courtesy), Electrical Engineering and Computer Science", "email": "kayvan@umich.edu", "img": "http://www.eecs.umich.edu/eecs/images/people/photos/kayvan.jpg", "name": "Najarian, Kayvan "},
{"name": "Narayanasamy, Satish ", "img": "http://www.eecs.umich.edu/eecs/images/people/photos/nsatish.jpg", "title": "Associate Professor, Electrical Engineering and Computer Science", "url": "http://www.eecs.umich.edu/~nsatish/", "area": "Computer Architecture; Program Analysis; Dependable Systems; Programmer Productivity; Parallel Computing", "email": "nsatish@umich.edu"},
{"title": "Associate Professor, School of InformationAssociate Professor, Electrical Engineering and Computer Science", "email": "mwnewman@umich.edu", "img": "http://www.eecs.umich.edu/eecs/images/people/photos/mwnewman.jpg", "name": "Newman, Mark  W."},
{"url": "http://www.stat.lsa.umich.edu/~xuanlong/", "title": "Associate Professor, StatisticsAssociate Professor, Electrical Engineering and Computer Science", "email": "xuanlong@umich.edu", "img": "http://www.eecs.umich.edu/eecs/images/people/photos/xuanlong.jpg", "name": "Nguyen, Long "},
{"url": "http://www.eecs.umich.edu/~bnoble/", "title": "Associate Dean for Undergraduate Education, College of EngineeringProfessor, Electrical Engineering and Computer Science", "email": "bnoble@umich.edu", "img": "http://www.eecs.umich.edu/eecs/images/people/photos/bnoble.jpg", "name": "Noble, Brian "},
{"name": "Olson, Edwin ", "img": "http://www.eecs.umich.edu/eecs/images/people/photos/ebolson.jpg", "title": "Associate Professor, Electrical Engineering and Computer Science", "url": "http://april.eecs.umich.edu/people/ebolson/", "area": "Finding ways for robots to sense and understand their environment while coping with uncertainty and ambiguity, multi-autonomous systems.", "email": "ebolson@umich.edu"},
{"title": "Lecturer III, Electrical Engineering and Computer Science", "email": "paoletti@umich.edu", "img": "http://www.eecs.umich.edu/eecs/images/people/photos/paoletti.jpg", "name": "Paoletti, David R."},
{"name": "Papaefthymiou, Marios ", "img": "http://www.eecs.umich.edu/eecs/images/people/photos/marios.jpg", "title": "Chair, Computer Science and EngineeringProfessor, Electrical Engineering and Computer Science", "url": "http://www.eecs.umich.edu/~marios", "area": "Energy-efficient high-performance computers, VLSI and computer-aided design, algorithms, parallel and distributed computing.", "email": "marios@umich.edu"},
{"url": "http://web.eecs.umich.edu/~cpeikert/", "title": "Associate Professor, Electrical Engineering and Computer Science", "email": "cpeikert@umich.edu", "img": "http://www.eecs.umich.edu/eecs/images/people/photos/cpeikert.jpg", "name": "Peikert, Christopher "},
{"url": "http://www.eecs.umich.edu/~pettie/", "title": "Morris Wellman Faculty Development Assistant ProfessorAssociate Professor, Electrical Engineering and Computer Science", "email": "pettie@umich.edu", "img": "http://www.eecs.umich.edu/eecs/images/people/photos/pettie.jpg", "name": "Pettie, Seth "},
{"name": "Pollack, Martha ", "img": "http://www.eecs.umich.edu/eecs/images/people/photos/pollackm.jpg", "title": "Provost and Executive Vice President for Academic AffairsProfessor, Electrical Engineering and Computer ScienceProfessor, School of Information", "url": "http://www.provost.umich.edu/about/m_pollack/m_pollack.html", "area": "Artificial intelligence, planning and execution, agent-based systems, computational models of rationality", "email": "pollackm@umich.edu"},
{"name": "Prakash, Atul ", "img": "http://www.eecs.umich.edu/eecs/images/people/photos/aprakash.jpg", "title": "Professor, Electrical Engineering and Computer Science", "url": "http://www.eecs.umich.edu/~aprakash/", "area": "security policy management, software infrastructure to support collaborative work, privacy in pervasive computing,  intrusion detection, group security, operating system  security, scientific collaboratories.", "email": "aprakash@umich.edu"},
{"name": "Radev, Dragomir ", "img": "http://www.eecs.umich.edu/eecs/images/people/photos/radev.jpg", "title": "Professor, Electrical Engineering and Computer ScienceProfessor, School of Information", "url": "http://www.eecs.umich.edu/~radev", "area": "Information retrieval, natural language processing, digital libraries, text and data mining, artificial intelligence", "email": "radev@umich.edu"},
{"name": "Ringenberg, Jeff S.", "img": "http://www.eecs.umich.edu/eecs/images/people/photos/jringenb.jpg", "title": "Lecturer IV, Electrical Engineering and Computer Science", "url": "https://www.youtube.com/watch/?v=j1GAQ9vSUqI", "area": "Mobile learning software development, tactile programming, methods for bringing technology into the classroom, and studying the effects of social networking and collaboration on learning.", "email": "jringenb@umich.edu"},
{"title": "Assistant Professor, School of InformationAssistant Professor, Electrical Engineering and Computer Science", "email": "drom@umich.edu", "img": "http://www.eecs.umich.edu/eecs/images/people/photos/drom.jpg", "name": "Romero, Daniel "},
{"url": "http://www.eecs.umich.edu/~karem", "title": "Professor, Electrical Engineering and Computer Science", "email": "karem@umich.edu", "img": "http://www.eecs.umich.edu/eecs/images/people/photos/karem.jpg", "name": "Sakallah, Karem A."},
{"name": "Schoenebeck, Grant ", "img": "http://www.eecs.umich.edu/eecs/images/people/photos/schoeneb.jpg", "title": "Assistant Professor, Electrical Engineering and Computer Science", "url": "http://web.eecs.umich.edu/~schoeneb/", "area": "Theoretical computer science, linear and semidefinite programs, intersection of computer science and social networks, intersection of computer science and economics, NP-complete optimization problems, and computational complexity theory", "email": "schoeneb@umich.edu"},
{"name": "Shi, Yaoyun ", "img": "http://www.eecs.umich.edu/eecs/images/people/photos/shiyy.jpg", "title": "Associate Professor, Electrical Engineering and Computer Science", "url": "http://www.eecs.umich.edu/~shiyy", "area": "Theory of computation and quantum computing.", "email": "shiyy@umich.edu"},
{"name": "Shin, Kang G.", "img": "http://www.eecs.umich.edu/eecs/images/people/photos/kgshin.jpg", "title": "Kevin and Nancy O'Connor Professor of Computer ScienceProfessor, Electrical Engineering and Computer Science", "url": "http://www.eecs.umich.edu/~kgshin/", "area": "Wireless/mobile computation and networks, security and dependability, cyber-physical systems, embedded real-time systems.", "email": "kgshin@umich.edu"},
{"title": "Adjunct Assistant ProfessorSenior Engineer", "email": "matsmith@umich.edu", "img": "http://www.eecs.umich.edu/eecs/images/people/photos/matsmith.jpg", "name": "Smith, Matthew "},
{"name": "Soloway, Elliot ", "img": "http://www.eecs.umich.edu/eecs/images/people/photos/soloway.jpg", "title": "Arthur F. Thurnau ProfessorProfessor, Electrical Engineering and Computer ScienceProfessor, School of Information and School of Education", "url": "http://www.imlc.io/index.html", "area": "Artificial intelligence and software engineering, Artificial intelligence and education.", "email": "soloway@umich.edu"},
{"url": "http://www.eecs.umich.edu/~qstout/", "title": "Co-Director, Center for Space Environment ModelingProfessor, Electrical Engineering and Computer ScienceProfessor, Atmospheric, Oceanic, and Space Sciences (courtesy)", "email": "qstout@umich.edu", "img": "http://www.eecs.umich.edu/eecs/images/people/photos/qstout.jpg", "name": "Stout, Quentin F."},
{"name": "Strauss, Martin J.", "img": "http://www.eecs.umich.edu/eecs/images/people/photos/martinjs.jpg", "title": "Professor, Electrical Engineering and Computer ScienceProfessor, Mathematics", "url": "http://www.eecs.umich.edu/~martinjs/", "area": "Randomized and approximation algorithms, especially for massive data sets and problems from harmonic analysis; cryptography and security; complexity theory.", "email": "martinjs@umich.edu"},
{"url": "http://www.eecs.umich.edu/~zhs/", "title": "Assistant Professor, Electrical Engineering and Computer Science", "email": "zhs@umich.edu", "img": "http://www.eecs.umich.edu/eecs/images/people/photos/zhs.jpg", "name": "Syed, Zeeshan H."},
{"name": "Tang, Lingjia ", "img": "http://www.eecs.umich.edu/eecs/images/people/photos/lingjia.jpg", "title": "Assistant Professor, Electrical Engineering and Computer Science", "url": "http://www.lingjia.org", "area": "Computer architecture and compiler and runtime systems, especially such systems for large scale data centers.", "email": "lingjia@umich.edu"},
{"name": "Teneketzis, Demosthenis ", "img": "http://www.eecs.umich.edu/eecs/images/people/photos/teneket.jpg", "title": "Professor, Electrical Engineering and Computer Science", "url": "http://www.eecs.umich.edu/~teneket/", "area": "Stochastic control, decentralized stochastic systems, communication and queueing networks, stochastic scheduling and resource allocation problems, discrete event systems, mathematical economics", "email": "teneket@umich.edu"},
{"url": "http://www.stat.lsa.umich.edu/~tewaria/", "title": "Assistant Professor, StatisticsAssistant Professor, Electrical Engineering and Computer Science", "email": "tewaria@umich.edu", "img": "http://www.eecs.umich.edu/eecs/images/people/photos/tewaria.jpg", "name": "Tewari, Ambuj "},
{"name": "Thomason, Richmond H.", "img": "http://www.eecs.umich.edu/eecs/images/people/photos/rthomaso.jpg", "title": "Professor, LinguisticsProfessor, PhilosophyProfessor, Electrical Engineering and Computer Science", "url": "http://www.eecs.umich.edu/~rthomaso/", "area": "Logic in Artifical Intelligence, Computational LInguistics, especially Natural Language Generation", "email": "rich@umich.edu"},
{"url": "http://pascalvanhentenryck.engin.umich.edu/", "title": "Seth Bonder Collegiate Professor of Industrial &amp; Operations EngineeringProfessor of Industrial &amp; Operations EngineeringProfessor of Computer Science &amp; Engineering", "email": "pvanhent@umich.edu", "img": "http://www.eecs.umich.edu/eecs/images/people/photos/pvanhent.jpg", "name": "Van Hentenryck, Pascal "},
{"name": "Volkovich, Ilya ", "img": "http://www.eecs.umich.edu/eecs/images/people/photos/ilyavol.jpg", "title": "LEO Lecturer I, Electrical Engineering and Computer Science", "url": "https://sites.google.com/site/ilyavv/", "area": "Theoretical Computer Science and Discrete Mathematics. More specifically: Computational Complexity, Derandomization, Algebraic Complexity, Application of Algebraic Tools to Algorithms, Computational and Machine Learning, Game Theory.", "email": "ilyavol@umich.edu"},
{"name": "Wakefield, Gregory H.", "img": "http://www.eecs.umich.edu/eecs/images/people/photos/ghw.jpg", "title": "Associate Professor, Electrical Engineering and Computer ScienceAssociate Professor, Performing Arts Technology; Otolaryngology", "url": "http://sitemaker.umich.edu/gregory.h.wakefield", "area": "Audio and music processing, Psychoacoustics, and Sound quality engineering.", "email": "ghw@umich.edu"},
{"title": "Associate Research Scientist UMTRI - Engineering SystemsAssociate Research Scientist, Electrical Engineering and Computer Science", "email": "andrewmk@umich.edu", "img": "http://www.eecs.umich.edu/eecs/images/people/photos/andrewmk.jpg", "name": "Weimerskirch, Andre "},
{"name": "Wellman, Michael ", "img": "http://www.eecs.umich.edu/eecs/images/people/photos/wellman.jpg", "title": "Professor, Electrical Engineering and Computer Science", "url": "http://ai.eecs.umich.edu/people/wellman/", "area": "Artificial Intelligence, Electronic Commerce", "email": "wellman@umich.edu"},
{"name": "Wenisch, Thomas F.", "img": "http://www.eecs.umich.edu/eecs/images/people/photos/twenisch.jpg", "title": "Associate Professor, Electrical Engineering and Computer Science", "url": "https://www.eecs.umich.edu/~twenisch/", "area": "Computer architecture, multiprocessor and multicore systems, multicore programmability, data center architecture, performance evaluation methodology", "email": "twenisch@umich.edu"},
{"name": "Wiens, Jenna ", "img": "http://www.eecs.umich.edu/eecs/images/people/photos/wiensj.jpg", "title": "Assistant Professor, Electrical Engineering and Computer Science", "url": "http://web.eecs.umich.edu/~wiensj/", "area": "Artificial Intelligence, Machine Learning, Computational Healthcare", "email": "wiensj@umich.edu"},
{"url": "http://www.eecs.umich.edu/~don", "title": "Departmental Computing Organization CoordinatorAdjunct Professor", "email": "don@umich.edu", "img": "http://www.eecs.umich.edu/eecs/images/people/photos/don.jpg", "name": "Winsor, Donald C."},
{"title": "Associate Professor, Computational Medicine and BioinformaticsAssociate Professor, Electrical Engineering and Computer Science", "email": "jpye@umich.edu", "img": "http://www.eecs.umich.edu/eecs/images/people/photos/jpye.jpg", "name": "Ye, Jieping "},
{"url": "http://www-personal.umich.edu/~shuhengz/", "title": "Assistant Professor, StatisticsAssistant Professor, Electrical Engineering and Computer Science", "email": "shuhengz@umich.edu", "img": "http://www.eecs.umich.edu/eecs/images/people/photos/shuhengz.jpg", "name": "Zhou, Shuheng "}]