[{"name": "Stan Ahalt", "img": "http://cs.sites.unc.edu/files/2013/12/ahalt.jpeg", "title": "Professor Director of the Renaissance Computing Institute (RENCI)", "url": "http://cs.unc.edu/people/stan-ahalt/", "area": "Signal, image, and video processing; high-performance scientific and industrial computing; pattern recognition applied to national security problems; high-productivity, domain specific languages", "email": "ahalt@cs.unc.edu"},
{"name": "Jay Aikat", "img": "http://cs.sites.unc.edu/files/2013/12/aikat.jpeg", "title": "Research Assistant Professor ", "url": "http://cs.unc.edu/people/jay-aikat/", "area": "Experimental methods and models in networking research and education; measurement and modeling of Internet traffic, protocol benchmarking; Internet traffic generation, wireless networks, congestion control and active queue management", "email": "aikat@cs.unc.edu"},
{"name": "Ron Alterovitz", "img": "http://cs.sites.unc.edu/files/2013/12/alterovitz.jpeg", "title": "Associate Professor ", "url": "http://cs.unc.edu/people/ron-alterovitz/", "area": "Medical robotics; motion planning; physically-based simulation; assistive robotics; medical image analysis", "email": "ron@cs.unc.edu"},
{"name": "James Anderson", "img": "http://cs.sites.unc.edu/files/2013/12/anderson1.jpeg", "title": "Kenan Professor Director of Graduate Admissions", "url": "http://cs.unc.edu/people/james-anderson/", "area": "Real-time systems; distributed and concurrent algorithms; multicore computing; operating systems", "email": "anderson@cs.unc.edu"},
{"name": "Sanjoy K. Baruah", "img": "http://cs.sites.unc.edu/files/2013/12/baruah.jpeg", "title": "Professor ", "url": "http://cs.unc.edu/people/sanjoy-k-baruah/", "area": "Scheduling theory; real-time and safety-critical system design; computer networks; resource allocation and sharing in distributed computing environments.</p>", "email": "baruah@cs.unc.edu"},
{"name": "Alexander C. Berg", "img": "http://cs.sites.unc.edu/files/2013/12/berg.jpeg", "title": "Assistant Professor ", "url": "http://cs.unc.edu/people/alex-berg/", "area": "computer vision, machine learning, recognition, detection, large-scale learning for computer vision, machine-learning analysis of fmri", "email": "aberg@cs.unc.edu"},
{"name": "Tamara L. Berg", "img": "http://cs.sites.unc.edu/files/2013/12/berg_small.jpg", "title": "Associate Professor ", "url": "http://cs.unc.edu/people/tamara-berg/", "area": "Computer vision, natural language processing, integrating information from words &amp; pictures, visual recognition &amp; retrieval, visual social media and socio-identity, human-in-the loop recognition, gaze pattern analysis, image description generation, clothing recognition", "email": "tlberg@cs.unc.edu"},
{"name": "Gary Bishop", "img": "http://cs.sites.unc.edu/files/2013/12/bishop.jpeg", "title": "Professor Associate Chair for Academic Affairs", "url": "http://cs.unc.edu/people/gary-bishop/", "area": "Hardware and software for man-machine interaction; assistive technology; tracking technologies; 3D interactive computer graphics; virtual environments; image-based rendering", "email": "gb@cs.unc.edu"},
{"name": "Prasun Dewan", "img": "http://cs.sites.unc.edu/files/2013/12/Dewan.jpeg", "title": "Professor ", "url": "http://cs.unc.edu/people/prasun-dewan/", "area": "User interfaces; distributed collaboration; software engineering environments; mobile computing; access control", "email": "dewan@cs.unc.edu"},
{"name": "Enrique Dunn", "img": "http://cs.sites.unc.edu/files/2013/12/Dunn.jpeg", "title": "Research Assistant Professor ", "url": "http://cs.unc.edu/people/enrique-dunn/", "area": "Computer vision; evolutionary computation.", "email": "dunn@cs.unc.edu"},
{"name": "Michael J. Fern", "img": "http://cs.unc.edu/files/2013/12/fern_michael_15_007b2_pp_cropped-wpcf_120x180.jpg", "title": "Professor of the Practice of Entrepreneurship Associate Chair for Business Affairs", "url": "http://cs.unc.edu/people/michael-j-fern/", "area": "Leadership, strategy, customer value creation, innovation &amp; entrepreneurship, business development", "email": "fern@cs.unc.edu"},
{"name": "Jan-Michael Frahm", "img": "http://cs.sites.unc.edu/files/2013/12/frahm.jpeg", "title": "Associate Professor ", "url": "http://cs.unc.edu/people/jan-michael-frahm/", "area": "Structure from motion; camera self-calibration; camera sensor systems; multi-camera systems; multi-view stereo; robust estimation; fast tracking of salient features in images and video; computer vision; active vision for model improvement; markerless augmented reality", "email": "jmf@cs.unc.edu"},
{"name": "Henry Fuchs", "img": "http://cs.sites.unc.edu/files/2013/12/fuchs.jpeg", "title": "Federico Gil Distinguished Professor ", "url": "http://cs.unc.edu/people/henry-fuchs/", "area": "Virtual environments; telepresence; future office environments; 3D medical imaging; computer vision and robotics.</p>", "email": "fuchs@cs.unc.edu"},
{"name": "Kevin Jeffay", "img": "http://cs.unc.edu/files/2013/12/jeffay_kevin_cropped1-e1446652966504-wpcf_123x180.png", "title": "Gillian Cell Distinguished Professor and Department Chair ", "url": "http://cs.unc.edu/people/k-jeffay/", "area": "Computer networking; operating systems; real-time systems; multimedia networking; performance evaluation", "email": "jeffay@cs.unc.edu"},
{"name": "Vladimir Jojic", "img": "http://cs.sites.unc.edu/files/2013/12/jojic.jpeg", "title": "Assistant Professor ", "url": "http://cs.unc.edu/people/vladimir-jojic/", "area": "Bioinformatics, computational biology, machine learning", "email": "vjojic@cs.unc.edu"},
{"name": "Kris Jordan", "img": "http://cs.unc.edu/files/2015/08/kris_jordan-wpcf_123x180.jpg", "title": "Lecturer ", "url": "http://cs.unc.edu/people/kris-jordan/", "area": "Computer science education, educational technology, internet systems, entrepreneurship", "email": "kris@cs.unc.edu"},
{"name": "Tessa Joseph-Nicholas", "img": "http://cs.sites.unc.edu/files/2013/12/Nicholas.jpeg", "title": "Senior Lecturer ", "url": "http://cs.unc.edu/people/tessa-joseph-nicholas/", "area": "New media arts and poetics, digital communities, and digital-age ethics", "email": "nicholas@cs.unc.edu"},
{"name": "Jasleen Kaur", "img": "http://cs.sites.unc.edu/files/2013/12/kaur.jpeg", "title": "Associate Professor ", "url": "http://cs.unc.edu/people/jasleen-kaur/", "area": " Design and analysis of networks and distributed systems; high-speed congestion-control, resource management, Internet measurements, and transport protocols", "email": "jasleen@cs.unc.edu"},
{"name": "Anselmo Lastra", "img": "http://cs.sites.unc.edu/files/2013/12/lastra.jpeg", "title": "Professor ", "url": "http://cs.unc.edu/people/anselmo-lastra/", "area": "Interactive 3D computer graphics; hardware architectures for computer graphics", "email": "lastra@cs.unc.edu"},
{"name": "Ming C. Lin", "img": "http://cs.sites.unc.edu/files/2013/12/Lin.jpeg", "title": "John R. & Louise S. Parker Distinguished Professor ", "url": "http://cs.unc.edu/people/ming-c-lin/", "area": "Physically based and geometric modeling; applied computational geometry; robotics; distributed interactive simulation; virtual environments; algorithm analysis; many-core computing.</p>", "email": "lin@cs.unc.edu"},
{"name": "Dinesh Manocha", "img": "http://cs.sites.unc.edu/files/2013/12/manocha.jpeg", "title": "Phi Delta Theta/Matthew Mason Distinguished Professor ", "url": "http://cs.unc.edu/people/dinesh-manocha/", "area": "Interactive computer graphics; geometric and solid modeling; robotics motion planning; many-core algorithms", "email": "dm@cs.unc.edu"},
{"name": "Ketan Mayer-Patel", "img": "http://cs.sites.unc.edu/files/2013/12/Mayer-patel.jpeg", "title": "Associate Professor ", "url": "http://cs.unc.edu/people/ketan-mayer-patel/", "area": "Multimedia systems; networking; multicast applications", "email": "kmp@cs.unc.edu"},
{"name": "Leonard McMillan", "img": "http://cs.sites.unc.edu/files/2013/12/mcmillan.jpeg", "title": "Associate Professor ", "url": "http://cs.unc.edu/people/leonard-mcmillan/", "area": "Computational biology; genetics; genomics; bioinformatics; information visualization; data-driven modeling; image processing; imaging technologies; computer graphics", "email": "mcmillan@cs.unc.edu"},
{"name": "Fabian Monrose", "img": "http://cs.sites.unc.edu/files/2013/12/monrose.jpeg", "title": "Professor ", "url": "http://cs.unc.edu/people/fabian-monrose/", "area": "Computer and communications security and privacy; computer forensics; network security; operating system security; user authentication; data provenance; secure virtual enclaves", "email": "fabian@cs.unc.edu"},
{"name": "Marc Niethammer", "img": "http://cs.sites.unc.edu/files/2013/12/niethammer.jpeg", "title": "Associate Professor ", "url": "http://cs.unc.edu/people/marc-niethammer/", "area": "Medical image analysis; shape analysis, image segmentation, deformable registration, image-based estimation methods.</div>", "email": "mn@cs.unc.edu"},
{"name": "Shahriar Nirjon", "img": "http://cs.unc.edu/files/2015/07/nirjon2_cropped-wpcf_123x180.jpg", "title": "Assistant Professor ", "url": "http://cs.unc.edu/people/nirjon/", "area": "Mobile Computing (OS, Services and Applications); Embedded Sensor Systems (Hardware-Software Co-Design, Wearables); Wireless Networks (Mobile, WSN, and other RF); Data Analytics for Mobile Systems (Mobile Health, IoT, and Cloud).</p>", "email": "nirjon@cs.unc.edu"},
{"name": "Stephen M. Pizer", "img": "http://cs.sites.unc.edu/files/2013/12/Pizer.jpeg", "title": "Kenan Professor ", "url": "http://cs.unc.edu/people/stephen-m-pizer/", "area": "Image display and analysis; medical imaging; human and computer vision; graphics", "email": "pizer@cs.unc.edu"},
{"name": "David A. Plaisted", "img": "http://cs.sites.unc.edu/files/2013/12/plaisted.jpeg", "title": "Professor ", "url": "http://cs.unc.edu/people/david-a-plaisted/", "area": "Mechanical theorem proving; term rewriting systems; logic programming; algorithms", "email": "plaisted@cs.unc.edu"},
{"name": "Diane Pozefsky", "img": "http://cs.sites.unc.edu/files/2013/12/pozefsky.jpeg", "title": "Research Professor Director of Undergraduate Studies", "url": "http://cs.unc.edu/people/diane-pozefsky/", "area": "Software engineering and environments; computer education; serious games design and development; social, legal, and ethical issues concerning information technology", "email": "pozefsky@cs.unc.edu"},
{"name": "Jan F. Prins", "img": "http://cs.sites.unc.edu/files/2013/12/prins.jpeg", "title": "Professor Director of Graduate Studies", "url": "http://cs.unc.edu/people/jan-prins/", "area": "High performance computing: parallel algorithms, programming languages, compilers, and architectures; scientific computing with focus on computational biology and bioinformatics", "email": "prins@cs.unc.edu"},
{"name": "Michael K. Reiter", "img": "http://cs.sites.unc.edu/files/2013/12/reiter.jpeg", "title": "Lawrence M. Slifkin Distinguished Professor ", "url": "http://cs.unc.edu/people/michael-k-reiter/", "area": "Computer and network security; distributed systems; applied cryptography", "email": "reiter@cs.unc.edu"},
{"name": "Montek Singh", "img": "http://cs.sites.unc.edu/files/2013/12/singh.jpeg", "title": "Associate Professor ", "url": "http://cs.unc.edu/people/montek-singh/", "area": "High-performance and low-power digital systems; asynchronous and mixed-timing circuits and systems; VLSI CAD tools; energy-efficient graphics hardware; applications to computer security; and emerging computing technologies", "email": "montek@cs.unc.edu"},
{"name": "F. Don Smith", "img": "http://cs.sites.unc.edu/files/2013/12/smith.jpeg", "title": "Research Professor ", "url": "http://cs.unc.edu/people/f-don-smith/", "area": "Computer networks; operating systems; distributed systems; multimedia.</p>", "email": "smithfd@cs.unc.edu"},
{"name": "Jack Snoeyink", "img": "http://cs.sites.unc.edu/files/2013/12/snoeyink.jpeg", "title": "Professor ", "url": "http://cs.unc.edu/people/jack-snoeyink/", "area": "Computational geometry; algorithms for geographical information systems and structural biology; geometric modeling and computation; algorithms and data structures; theory of computation", "email": "snoeyink@cs.unc.edu"},
{"name": "David Stotts", "img": "http://cs.sites.unc.edu/files/2013/12/stotts.jpeg", "title": "Professor ", "url": "http://cs.unc.edu/people/david-stotts/", "area": "Computer-supported cooperative work, especially collaborative user interfaces; software engineering, design patterns, and formal methods; hypermedia and web technology", "email": "stotts@cs.unc.edu"},
{"name": "Cynthia Sturton", "img": "http://cs.unc.edu/files/2013/12/2014065-146-as-cropped-edited-wpcf_120x180.jpg", "title": "Assistant Professor and Peter Thacher Grauer Fellow ", "url": "http://cs.unc.edu/people/cynthia-sturton/", "area": "Computer and hardware security; applied formal methods for software security", "email": "csturton@cs.unc.edu"},
{"name": "Martin Styner", "img": "http://cs.sites.unc.edu/files/2013/12/styner.jpeg", "title": "Research Associate Professor (Associate Professor, Department of Psychiatry) ", "url": "http://cs.unc.edu/people/martin-styner/", "area": "Medical image processing and analysis including anatomical structure and tissue segmentation, morphometry using shape analysis, modeling and atlas building, as well as intra and inter-modality registration", "email": "styner@cs.unc.edu"},
{"name": "Mary C. Whitton", "img": "http://cs.sites.unc.edu/files/2013/12/whitton.jpeg", "title": "Research Associate Professor ", "url": "http://cs.unc.edu/people/mary-c-whitton/", "area": "Developing and evaluating technology for virtual and augmented reality systems; virtual locomotion; tools for serious games", "email": "whitton@cs.unc.edu"}]