[{"name": "Adleman, Leonard", "img": "http://www.cs.usc.edu/assets/004/83996.jpg", "area": "Algorithms, computational complexity, computer viruses, cryptography, DNA computing, immunology, molecular biology, number theory, quantum computing.", "url": "http://www.usc.edu/dept/molecular-science/fm-adleman.htm", "title": "Henry Salvatori Professor", "email": "adleman@usc.edu"},
{"name": "Ambite, Jose Luis", "img": "http://www.cs.usc.edu/assets/004/83997.jpg", "area": "Argos scientific workflows web services", "url": "http://www.isi.edu/~ambite/", "title": "Research Assistant Professor", "email": "ambite@isi.edu"},
{"name": "Annavaram, Murali", "img": "http://www.cs.usc.eduhttp://ee.usc.edu/assets/005/54934.jpg", "area": "Joint Appointment: EE Systems", "url": "http://ee.usc.edu/faculty_staff/faculty_directory/annavaram.htm", "title": "Associate Professor", "email": "annavara@usc.edu"},
{"name": "Arbib, Michael", "img": "http://www.cs.usc.edu/assets/004/83998.jpg", "area": "Mirror neurons, neurolinguistics, language evolution, epistemology, neural networks, simulation, schema theory, neuroinformatics", "url": "http://www.usc.edu/programs/neuroscience/faculty/profile.php?fid=16", "title": "Fletcher Jones Professor", "email": "arbib@usc.edu"},
{"name": "Artstein, Ron", "img": "http://www.cs.usc.edu/assets/006/87932.png", "area": "Computational linguistics, corpus creation and management, dialogue, anaphora resolution, formal semantics, compositional semantics, focus, coordination, temporal quantification", "url": "http://ron.artstein.org/", "title": "Research Assistant Professor", "email": "artstein@ict.usc.edu"},
{"name": "Ayanian, Nora", "img": "http://www.cs.usc.edu/assets/006/87763.png", "area": "Robotics, multi-robot coordination, human-robot interaction", "url": "http://www-bcf.usc.edu/~ayanian/", "title": "Assistant Professor and", "email": "nora.ayanian@usc.edu"},
{"name": "Barbic, Jernej", "img": "http://www.cs.usc.edu/assets/004/83999.jpg", "area": "Computer graphics, animation, simulation, interactive, deformations, Finite Element Method, haptics, sound, control", "url": "http://www-rcf.usc.edu/~jbarbic", "title": "Associate Professor and Viterbi Early Career Chair", "email": "jnb@usc.edu"},
{"name": "Bekey, George", "img": "http://www.cs.usc.edu/assets/004/84000.jpg", "area": "Robotics", "url": "http://www-robotics.usc.edu/~bekey/", "title": "University Professor Emeritus", "email": "bekey@usc.edu"},
{"name": "Billard, Aude", "img": "http://www.cs.usc.edu/assets/004/84002.jpg", "area": "Machine learning, neural modeling, humanoid robotics, human-robot interactions, computational neuroscience", "url": "http://asl.epfl.ch/index.html?content=member.php?SCIPER=115671", "title": "Adjunct Assistant Professor", "email": "billard@usc.edu"},
{"name": "Boehm, Barry", "img": "http://www.cs.usc.edu/assets/004/84050.jpg", "area": "Systems Engineering, software engineering", "url": "http://sunset.usc.edu/people/barry.html", "title": "TRW Professor of Software Engineering", "email": "boehm@sunset.usc.edu"},
{"name": "Breuer, Melvin", "img": "http://www.cs.usc.edu/assets/004/84052.jpg", "area": "Joint Appointment: EE-Systems", "url": "http://ee.usc.edu/faculty_staff/faculty_directory/breuer.htm", "title": "Professor", "email": "mb@poisson.usc.edu"},
{"name": "Brun, Todd", "img": "http://www.cs.usc.edu/assets/004/84053.jpg", "area": "Joint Appointment: EE-Systems", "url": "http://almaak.usc.edu/~tbrun/", "title": "Associate Professor", "email": "tbrun@usc.edu"},
{"name": "Chang, Yu-Han", "img": "http://www.cs.usc.edu/assets/006/85086.jpg", "area": "Multi-agent environments, machine learning, game theory, anomaly detection, social and cultural modeling, and interactive media", "url": "http://www.isi.edu/~ychang", "title": "Research Assistant Professor", "email": "ychang@isi.edu"},
{"name": "Chen, Tim-Ting", "img": "http://www.cs.usc.edu/assets/004/84054.jpg", "area": "Joint Appointment: Computational and Molecular Biology", "url": "http://www.cmb.usc.edu/people/tingchen/", "title": "Professor", "email": "tingchen@hto.usc.edu"},
{"name": "Chiang, David", "img": "http://www.cs.usc.edu/assets/006/85087.jpg", "area": "Natural language processing, language translation, syntactic parsing", "url": "http://www.isi.edu/~chiang", "title": "Adjunct Associate Professor", "email": "chiang@isi.edu"},
{"name": "Cho, Young", "img": "http://www.cs.usc.edu/assets/006/85088.jpg", "area": "Cyberphysical, sensor, network, wireless, ecology, environmental science, datalogger, low-power", "url": "http://www.isi.edu/~youngcho/", "title": "Research Assistant Professor", "email": "youngcho@isi.edu"},
{"name": "Cohen, Danny", "img": "http://www.cs.usc.edu/assets/004/84057.jpg", "area": "Real-time applications, high-performance system", "url": "http://en.wikipedia.org/wiki/Danny_Cohen_(engineer)", "title": "Adjunct Professor", "email": "dannycohen@ieee.org"},
{"name": "Crowley, Michael", "img": "http://www.cs.usc.edu/assets/004/84058.jpg", "area": "Information technology", "url": "http://itp.usc.edu/faculty-staff/Michael-Crowley", "title": "Professor of Engineering Practice", "email": "crowley@usc.edu"},
{"name": "Debevec, Paul", "img": "http://www.cs.usc.edu/assets/005/84059.jpg", "area": "Computer graphics, computer vision, autostereoscopic displays, digital actors", "url": "http://www.pauldebevec.com/", "title": "Research Professor", "email": "debevec@ict.usc.edu"},
{"name": "Deelman, Ewa", "img": "http://www.cs.usc.edu/assets/005/84060.jpg", "area": "Distributed computing, scientific workflows, data-intensive computing", "url": "http://www.isi.edu/~deelman/", "title": "Research Associate Professor", "email": "deelman@isi.edu"},
{"name": "DeVault, David", "img": "http://www.cs.usc.edu/assets/006/85092.jpg", "area": "Natural language dialogue systems, which converse and interact with human speakers in a natural language such as English", "url": "http://people.ict.usc.edu/~devault/", "title": "Research Assistant Professor", "email": "devault@ict.usc.edu"},
{"name": "Diniz, Pedro", "img": "http://www.cs.usc.edu/assets/005/84061.jpg", "area": "Parallelizing compilers, program analysis, parallel and distributed computing", "url": "http://www.isi.edu/~pedro/", "title": "Research Assistant Professor", "email": "pedro@isi.edu"},
{"name": "Dughmi, Shaddin", "img": "http://www.cs.usc.edu/assets/005/84062.jpg", "area": "Algorithms, algorithmic game theory, optimization", "url": "http://www-bcf.usc.edu/~shaddin/", "title": "Assistant Professor", "email": "shaddin@usc.edu "},
{"name": "Galstyan, Aram", "img": "http://www.cs.usc.edu/assets/006/85095.jpg", "area": "Statistical mechanics based approaches to inference and learning, statistical models of complex networks, and social network analysis", "url": "http://isi.edu/~galstyan/", "title": "Research Associate Professor", "email": "galstyan@isi.edu"},
{"name": "Georgila, Kallirroi", "img": "http://www.cs.usc.edu/assets/006/87931.jpg", "area": "Statistical dialogue modelling, expressive speech synthesis, speech recognition in the framework of natural language interaction with virtual humans", "url": "http://people.ict.usc.edu/~kgeorgila/", "title": "Research Assistant Professor", "email": "kgeorgila@ict.usc.edu"},
{"name": "Georgiou, Panayiotis", "img": "http://ee.usc.edu/assets/013/74405.jpg", "area": "Joint Appointment: EE-Systems.", "url": "http://ee.usc.edu/faculty_staff/faculty_directory/georgiou.htm", "title": "Assistant Professor", "email": "georgiou@sipi.usc.edu"},
{"name": "Ghandeharizadeh, Shahram", "img": "http://www.cs.usc.eduhttp://dblab.usc.edu/Users/shahram/Shahram4.jpg", "area": "File and database management systems, Benchmarking, Novel data store architectures", "url": "http://perspolis.usc.edu/Users/shahram/", "title": "Associate Professor", "email": "shahram@usc.edu"},
{"name": "Gil, Yolanda", "img": "http://www.cs.usc.edu/assets/005/84066.jpg", "area": "Scientific workflows, intelligent interfaces, knowledge systems, semantic web, artificial intelligence", "url": "http://www.isi.edu/~gil", "title": "Research Professor", "email": "gil@isi.edu"},
{"name": "Golubchik, Leana", "img": "http://www.cs.usc.edu/assets/006/85096.jpg", "area": "Computer systems modeling and performance evaluation", "url": "http://bourbon.usc.edu/leana/", "title": "Professor", "email": "leana@usc.edu"},
{"name": "Gordon, Andrew", "img": "http://www.cs.usc.edu/assets/005/84067.jpg", "area": "Storytelling and the human mind, exploring how people experience, interpret, and narrate the events in their lives", "url": "http://www.ict.usc.edu/~gordon/", "title": "Research Associate Professor", "email": "gordon@ict.usc.edu"},
{"name": "Govindan, Ramesh", "img": "http://www.cs.usc.edu/assets/005/84072.jpg", "area": "Computer networks, wireless sensing, Internet technologies", "url": "http://cs.usc.edu/~ramesh/", "title": "Professor and", "email": "ramesh@usc.edu"},
{"name": "Gratch, Jonathan", "img": "http://www.cs.usc.edu/assets/005/84073.jpg", "area": "Affective computing, human-computer interaction, virtual humans", "url": "http://www.ict.usc.edu/~gratch/", "title": "Research Professor", "email": "gratch@ict.usc.edu"},
{"name": "Halfond, William GJ", "img": "http://www.cs.usc.edu/assets/006/85047.jpg", "area": "Software engineering, program analysis, software testing, web applications", "url": "http://www-rcf.usc.edu/~halfond", "title": "Assistant Professor", "email": "halfond@usc.edu"},
{"name": "Hall, Mary", "img": "http://www.cs.usc.edu/assets/005/84074.jpg", "area": "Performance tuning, locality optimization, parallel computing, interprocedural analysis and opti-mization, parallelizing comilers", "url": "http://www.cs.utah.edu/~mhall/", "title": "AdjunctAssociate Professor", "email": "maryehal@usc.edu"},
{"name": "Heidemann, John", "img": "http://www.cs.usc.edu/assets/005/84076.jpg", "area": "Internet protocols, topology, measurement, traffic, security", "url": "http://www.isi.edu/~johnh/", "title": "Research Professor", "email": "johnh@isi.edu"},
{"name": "Hill, Randall", "img": "http://www.cs.usc.edu/assets/005/84116.jpg", "area": "Intelligent tutoring systems and virtual humans to create immersive learning environments", "url": "http://people.ict.usc.edu/~hill/", "title": "Research Professor", "email": "hill@ict.usc.edu"},
{"name": "Hobbs, Jerry", "img": "http://www.cs.usc.edu/assets/005/84117.jpg", "area": "OWL-Time and temporal representation, discourse interpretation, encoding commonsense knowledge, information extraction", "url": "http://www.isi.edu/~hobbs/", "title": "Research Professor", "email": "hobbs@isi.edu"},
{"name": "Horowitz, Ellis", "img": "http://www.cs.usc.edu/assets/005/84118.jpg", "area": "World wide web, Internet, search engines, deep web", "url": "http://www.ellishorowitz.com/", "title": "Professor and", "email": "horowitz@usc.edu"},
{"name": "Hovy, Eduard", "img": "http://www.cs.usc.edu/assets/005/84119.jpg", "area": "Natural language processing, computational linguistics, digital government, ontologies", "url": "http://www.isi.edu/natural-language/people/hovy.html", "title": "Adjunct Associate Professor", "email": "hovy@isi.edu"},
{"name": "Huang, Ming-Deh", "img": "http://www.cs.usc.edu/assets/005/84121.jpg", "area": "Cryptography, algorithmic number theory, self-assembly", "url": "http://www-rcf.usc.edu/~mdhuang/", "title": "Professor", "email": "mdhuang@usc.edu"},
{"name": "Hwang, Kai", "img": "http://www.cs.usc.edu/assets/005/84122.jpg", "area": "Joint Appointment: EE-Systems High-Performance computing, internet of things, cloud computing", "url": "http://www-rcf.usc.edu/~mdhuang/", "title": "Professor", "email": "kaihwang@usc.edu"},
{"name": "Ijspeert, Auke", "img": "http://www.cs.usc.edu/assets/005/84123.jpg", "area": "Robotics, computational neuroscience, nonlinear dynamical systems, and applied machine learning", "url": "http://birg.epfl.ch/page27899.html", "title": "Adjunct Assistant Professor", "email": "ijspeert@usc.edu"},
{"name": "Itti, Laurent", "img": "http://www.cs.usc.edu/assets/005/84124.jpg", "area": "Computational neuroscience, neural networks, visual attention, brain modeling", "url": "http://ilab.usc.edu/", "title": "Professor and", "email": "itti@usc.edu"},
{"name": "Kalia, Rajiv", "img": "http://www.cs.usc.edu/assets/005/84126.jpg", "area": "Joint Appointment: Physics, Chemical Engineering and Materials Science", "url": "http://cacs.usc.edu/", "title": "Professor", "email": "rkalia@usc.edu "},
{"name": "Katz-Bassett, Ethan", "img": "http://www.cs.usc.edu/assets/006/85074.jpg", "area": "Networks and distributed systems", "url": "http://www-bcf.usc.edu/~katzbass/", "title": "Assistant Professor", "email": "katzbass@usc.edu"},
{"name": "Kempe, David", "img": "http://www.cs.usc.edu/assets/005/84129.jpg", "area": "Algorithms, CS theory, social networks, game theory, sampling", "url": "http://www-rcf.usc.edu/~dkempe/", "title": "Associate Professor", "email": "dkempe@usc.edu"},
{"name": "Kesselman, Carl", "img": "http://www.cs.usc.edu/assets/005/84130.jpg", "area": "Joint Appointment: Industrial Systems Engineering Grid computing, virtual organizations, health informatics", "url": "http://www.isi.edu/~carl/", "title": "Professor", "email": "carl@isi.edu"},
{"name": "Knight, Kevin", "img": "http://www.cs.usc.edu/assets/005/84132.jpg", "area": "Artificial intelligence, cryptography, code breaking", "url": "http://www.isi.edu/natural-language/people/knight.html", "title": "Dean's Professor", "email": "knight@isi.edu"},
{"name": "Knoblock, Craig", "img": "http://www.cs.usc.edu/assets/005/84134.jpg", "area": "Information integration, artificial intelligence, machine learning, geospatial data integration", "url": "http://www.isi.edu/integration/people/knoblock/index.html", "title": "Research Professor", "email": "knoblock@isi.edu"},
{"name": "Koenig, Sven", "img": "http://www.cs.usc.edu/assets/005/84135.jpg", "area": "Artificial intelligence, robotics, games, autonomy, decision making, agents, intelligent systems, planning, learning, probabilistic methods", "url": "http://www.idm-lab.org/", "title": "Professor", "email": "skoenig@usc.edu"},
{"name": "Krishnamachari, Bhaskar", "img": "http://www.cs.usc.edu/assets/005/84138.jpg", "area": "Joint Appointment: EE-Systems", "url": "http://ceng.usc.edu/~bkrishna/", "title": "Associate Professor", "email": "bkrishna@usc.edu"},
{"name": "Kuo, Jay", "img": "http://www.cs.usc.edu/assets/005/84139.jpg", "area": "Joint Appointment: EE-Systems", "url": "http://viola.usc.edu/People/cckuo/index.html", "title": "Dean's Professor in", "email": "cckuo@sipi.usc.edu"},
{"name": "Lerman, Kristina", "img": "http://www.cs.usc.edu/assets/005/84140.gif", "area": "Social networks, social web, social media, AI", "url": "http://www.isi.edu/~lerman/", "title": "Research Associate Professor", "email": "lerman@isi.edu"},
{"name": "Leuski, Anton", "img": "http://www.cs.usc.edu/assets/006/85100.jpg", "area": "Natural language understanding, Information retrieval, Machine learning", "url": "http://people.ict.usc.edu/~leuski/", "title": "Research Assistant Professor", "email": "leuski@ict.usc.edu"},
{"name": "Li, Hao", "img": "http://www.cs.usc.edu/assets/006/85101.jpg", "area": "Computer Graphics and Vision, Performance and Reality Capture, Geometry Processing, 3D Digitization and Reconstruction, Real-time Facial Animation and Motion Capture", "url": "http://www.hao-li.com/", "title": "Assistant Professor and", "email": "hao@hao-li.com"},
{"name": "Liu, Yan", "img": "http://www.cs.usc.edu/assets/006/85044.jpg", "area": "Graphical models, causality, time-series analysis", "url": "http://www-bcf.usc.edu/~liu32/", "title": "Assistant Professor", "email": "yanliu.cs@usc.edu"},
{"name": "Lloyd, Wyatt", "img": "http://www.cs.usc.edu/assets/007/92278.jpg", "area": "Massive-scale distributed systems, big data", "url": "http://www-bcf.usc.edu/~wyattllo/", "title": "Assistant Professor", "email": "wyatt.lloyd@usc.edu"},
{"name": "Lu, Stephen", "img": "http://www.cs.usc.edu/assets/005/84141.jpg", "area": "Joint Appointment: Aerospace and Mechnical Engineering", "url": "http://wisdom.usc.edu/stephenlu/", "title": "Professor", "email": "sclu@usc.edu"},
{"name": "Lucas, Robert", "img": "http://www.cs.usc.edu/assets/005/84151.jpg", "area": "Scalable computing, quantum computing, linear solvers", "url": "http://www.isi.edu/people/rflucas/about", "title": "Research Associate Professor", "email": "rflucas@isi.edu"},
{"name": "Marcu, Daniel", "img": "http://www.cs.usc.edu/assets/005/84155.jpg", "area": "Computational linguistics", "url": "http://www.isi.edu/~marcu/", "title": "Research Associate Professor", "email": "marcu@isi.edu"},
{"name": "Marsella, Stacy", "img": "http://www.cs.usc.edu/assets/006/85102.jpg", "area": "Computational models of human cognition and emotion", "url": "http://www.ict.usc.edu/~marsella", "title": "Adjunct Associate Professor", "email": "marsella@ict.usc.edu"},
{"name": "Matari, Maja", "img": "http://www.cs.usc.edu/assets/005/84156.jpg", "area": "Robotics, human-robot interaction, socially assistive robotics, STEM education and outreach", "url": "http://www-robotics.usc.edu/~maja/", "title": "Professor and Chan Soon-Shiong Chair", "email": "mataric@usc.edu"},
{"name": "Matthies, Larry", "img": "http://www.cs.usc.edu/assets/005/84157.jpg", "area": "3-D sensing, visual motion estimation, obstacle detection, terrain classification", "url": "http://www-robotics.jpl.nasa.gov/people/Larry_Matthies/", "title": "Adjunct Associate Professor", "email": "lhm@jpl.nasa.gov"},
{"name": "Mattmann, Chris", "img": "http://www.cs.usc.edu/assets/005/84159.jpg", "area": "Software architecture, data-intensive computing, grid computing, workflow systems, process control systems, search engines", "url": "http://sunset.usc.edu/~mattmann/", "title": "Adjunct Associate Professor", "email": "mattmann@usc.edu"},
{"name": "McLeod, Dennis", "img": "http://www.cs.usc.edu/assets/005/84160.jpg", "area": "Structured domain ontologies; semantic web; database semantic heterogeneity resolution and inter-database correlation; service-based information access and delivery frameworks", "url": "http://sir-lab.usc.edu/", "title": "Professor", "email": "mcleod@usc.edu"},
{"name": "Medioni, Gerard", "img": "http://www.cs.usc.edu/assets/005/84161.jpg", "area": "Image understanding field, computer vision and computer graphics", "url": "http://iris.usc.edu/people/medioni/", "title": "Professor", "email": "medioni@usc.edu"},
{"name": "Medvidovic, Neno", "img": "http://www.cs.usc.edu/assets/005/84163.jpg", "area": "Software engineering, distributed systems, embedded systems", "url": "http://sunset.usc.edu/~neno/", "title": "Professor", "email": "neno@cs.usc.edu"},
{"name": "Mirkovic, Jelena", "img": "http://www.cs.usc.edu/assets/006/85103.jpg", "area": "Network security, testbed, experimentation, defense", "url": "http://www.isi.edu/~mirkovic/", "title": "Research Assistant Professor", "email": "sunshine@isi.edu"},
{"name": "Mitra, Urbashi", "img": "http://www.cs.usc.eduhttp://ee.usc.edu/assets/015/76939.jpg", "area": "EE-Systems", "url": "http://www.isi.edu/~mirkovic/", "title": "Professor", "email": "ubli@usc.edu"},
{"name": "Morency, Louis-Phillippe", "img": "http://www.cs.usc.edu/assets/006/85104.jpg", "area": "Multimodal signal processing, human nonverbal communication, machine learning, computer vision", "url": "http://people.ict.usc.edu/~morency/", "title": "Adjunct Assistant Professor", "email": "morency@ict.usc.edu"},
{"name": "Nakano, Aiichiro", "img": "http://www.cs.usc.edu/assets/005/84162.jpg", "area": "High Performance computing and simulation", "url": "http://cacs.usc.edu/nakano.php", "title": "Professor", "email": "anakano@usc.edu"},
{"name": "Natarajan, Premkumar", "img": "http://www.cs.usc.edu/assets/007/89159.jpg", "area": "Speech recognition, language understanding, speech-to-speech translation, video analysis and content extraction, machine learning and optical character recognition.", "url": "http://www.isi.edu/about/bio/prem_natarajan", "title": "</a>Research Professor", "email": "pnataraj@isi.edu"},
{"name": "Narayanan, Shrikanth (Shri)", "img": "http://www.cs.usc.edu/assets/005/84164.jpg", "area": "Joint Appointment: EE-Systems", "url": "http://sail.usc.edu/shri.php", "title": "Andrew J. Viterbi Professor of Engineering", "email": "shri@sipi.usc.edu"},
{"name": "Neuman, Clifford", "img": "http://www.cs.usc.edu/assets/005/84165.jpg", "area": "Distributed systems, security, trusted computing, operating systems", "url": "http://www.isi.edu/people/bcn/", "title": "Research Associate Professor", "email": "bcn@isi.edu"},
{"name": "Neumann, Ulrich", "img": "http://www.cs.usc.edu/assets/005/84166.jpg", "area": "Computer graphics, animation, 3D modeling, augmented reality, 6DOF tracking, visualization, interactive interfaces", "url": "http://graphics.usc.edu/cgit/un.html", "title": "Professor", "email": "uneumann@usc.edu"},
{"name": "Nevatia, Ramakant", "img": "http://www.cs.usc.edu/assets/005/84167.jpg", "area": "Computer vision, robotics, artificial intelligence, computer graphics and image processing, pattern recognition", "url": "http://iris.usc.edu/people/nevatia/", "title": "Professor", "email": "nevatia@usc.edu"},
{"name": "Papa, Marco", "img": "http://www.cs.usc.edu/assets/005/84168.jpg", "area": "Geo-social networking, mobile computing interfaces (i.e., gestures) and the application of computing models to the analysis of stock and options movement", "url": "http://intersectworld.net/papa/", "title": "Adjunct Assistant Professor", "email": "papa@usc.edu"},
{"name": "Prasanna, Viktor", "img": "http://www.cs.usc.edu/assets/005/84169.jpg", "area": "Joint Appointment: EE-Systems", "url": "http://ceng.usc.edu/~prasanna/", "title": "Engineering and Professor", "email": "prasanna@usc.edu"},
{"name": "Psounis, Konstantinos", "img": "http://www.cs.usc.edu/assets/005/84170.jpg", "area": "Joint Appointment: EE-Systems", "url": "http://www-bcf.usc.edu/~kpsounis/", "title": "Associate Professor", "email": "kpsounis@usc.edu"},
{"name": "Qian, Xuehai", "img": "http://viterbi.usc.edu/directory/images/9486a3aeeb98c4c9abfb68e53e78291e.jpg", "area": "Joint Appointment: EE-Systems", "url": "http://viterbi.usc.edu/academics/faculty/faculty-directory/profile.php?faculty=qian_xuehai.xml", "title": "Assistant Professor", "email": "xuehai.qian@usc.edu"},
{"name": "Raghavendra, C.S.", "img": "http://www.cs.usc.edu/assets/005/84171.jpg", "area": "Joint Appointment: EE-Systems", "url": "http://ceng.usc.edu/~raghu/", "title": "Professor", "email": "raghu@usc.edu"},
{"name": "Reichardt, Ben", "img": "http://www.cs.usc.edu/assets/007/96486.jpg", "area": "EE-Systems", "url": "http://lipari.usc.edu/~requicha/", "title": "Assistant Professor", "email": "ben.reichardt@usc.edu"},
{"name": "Requicha, Ari", "img": "http://www.cs.usc.edu/assets/005/84172.jpg", "area": "Molecular robotics, programmable automation", "url": "http://lipari.usc.edu/~requicha/", "title": "Gordon Marshall Professor", "email": "requicha@usc.edu"},
{"name": "Rohs, Remo", "img": "http://www.cs.usc.edu/assets/005/84452.jpg", "area": "Joint Appointment: Computational Biology Biological sciences, chemistry, physics, and astronomy", "url": "http://rohslab.cmb.usc.edu/", "title": "Associate Professor", "email": "rohs@usc.edu "},
{"name": "Rosenbloom, Paul", "img": "http://www.cs.usc.edu/assets/005/84173.jpg", "area": "Cognitive architecture, graphical models, virtual human architecture, agent architecture, factor graphs", "url": "http://cs.usc.edu/~rosenblo", "title": "Professor", "email": "rosenblo@cs.usc.edu"},
{"name": "Schaal, Stefan", "img": "http://www.cs.usc.edu/assets/005/84175.jpg", "area": "Robotics, motor control, statistical and machine learning, neural networks, computational neuroscience", "url": "http://www-clmc.usc.edu/~sschaal/", "title": "Professor", "email": "sschaal@usc.edu"},
{"name": "Scherer, Stefan", "img": "http://www.cs.usc.edu/assets/007/92279.jpg", "area": "Human machine interaction, social signal processing, affective computing", "url": "http://ict.usc.edu/profile/stefan-scherer/", "title": "Research Assistant Professor", "email": "scherer@ict.usc.edu"},
{"name": "Schorr, Herbert", "img": "http://www.cs.usc.edu/assets/005/84177.jpg", "area": "Image processing capabilities worldwide", "url": "http://www3.isi.edu/about-bio_herbert_schorr", "title": "Research Professor", "email": "schorr@isi.edu"},
{"name": "Schweighofer, Nicolas", "img": "http://www.cs.usc.edu/assets/005/84176.jpg", "area": "Joint Appointment: Biokinesiology and Physical Therapy", "url": "http://pt.usc.edu/labs/cnrl/", "title": "Associate Professor", "email": "schweigh@usc.edu"},
{"name": "Selby, Rick", "img": "http://www.cs.usc.edu/assets/006/85076.jpg", "area": "Development, management, and economics of large-scale mission-critical systems, software, and processes", "url": "http://www.computer.org/portal/web/tandc/Selby", "title": "Adjunct Professor", "email": "rick.selby@ngc.com"},
{"name": "Sha, Fei", "img": "http://www.cs.usc.edu/assets/005/84178.jpg", "area": "Machine learning, speech and audio processing, convex optimization", "url": "http://www-bcf.usc.edu/~feisha/", "title": "Associate Professor and", "email": "feisha@usc.edu"},
{"name": "Shahabi, Cyrus", "img": "http://www.cs.usc.edu/assets/005/84179.jpg", "area": "Multidimensional databases, database management, spatial and temporal databases, file and database management", "url": "http://infolab.usc.edu/Shahabi/index.html", "title": "Professor", "email": "cshahabi@cs.usc.edu"},
{"name": "Shen, Wei-Min", "img": "http://www.cs.usc.edu/assets/005/84180.jpg", "area": "Reconfigurable and metamorphic systems, autonomous robots, machine learning, artificial intelligence, and life science", "url": "http://www.isi.edu/~shen/", "title": "Research Associate Professor", "email": "shen@isi.edu"},
{"name": "Sukhatme, Gaurav", "img": "http://www.cs.usc.edu/assets/006/85045.jpg", "area": "Robotics, robot networks, aquatic robots, artificial intelligence, on-body networks", "url": "http://robotics.usc.edu/~gaurav", "title": "Dean's Professor and Chairman", "email": "gaurav@usc.edu"},
{"name": "Suma, Evan", "img": "http://www.cs.usc.edu/assets/006/87933.jpg", "area": "Immersive virtual environments, real-time computing systems, perceptual illusions in virtual reality, video games for rehabilitation, sharing space with virtual humans, surface and gesture interfaces", "url": "http://people.ict.usc.edu/~suma/", "title": "Research Assistant Professor", "email": "suma@ict.usc.edu"},
{"name": "Swartout, William", "img": "http://www.cs.usc.edu/assets/005/84182.jpg", "area": "Artificial intelligence, intelligent agents, virtual humans, knowledge-based systems, natural language processing, education and training", "url": "http://www.ict.usc.edu/bio.php?pid=11", "title": "Research Professor", "email": "swartout@ict.usc.edu"},
{"name": "Szekely, Pedro", "img": "http://www.cs.usc.edu/assets/005/84184.jpg", "area": "Human-computer interaction, bio-informatics and education", "url": "http://www.isi.edu/~szekely/", "title": "Research Associate Professor", "email": "pszekely@isi.edu"},
{"name": "Tambe, Milind", "img": "http://www.cs.usc.edu/assets/005/84185.jpg", "area": "Artificial intelligence, intelligent agents, game theory, security, multi-agent systems, human behavior modeling, machine learning", "url": "http://teamcore.usc.edu/tambe/", "title": "Professor in Engineering", "email": "tambe@usc.edu"},
{"name": "Teng, Shang-Hua", "img": "http://www.cs.usc.edu/assets/005/84199.jpg", "area": "Smoothed analysis, PAC learning, multiobjective optimization, Nash equilibrium, market equilibrium", "url": "http://www-rcf.usc.edu/~shanghua/", "title": "Seeley G. Mudd Professor of", "email": "shanghua@usc.edu"},
{"name": "Touch, Joe", "img": "http://www.cs.usc.edu/assets/005/84200.jpg", "area": "Networking, optical, security, performance", "url": "http://www.isi.edu/~touch/", "title": "Research Associate Professor", "email": "touch@isi.edu"},
{"name": "Traum, David", "img": "http://www.cs.usc.edu/assets/005/84201.jpg", "area": "Natural language processing, intelligent systems, agents, human computer interaction, immersive environements, dialogue systems", "url": "http://www.ict.usc.edu/~traum/", "title": "Research Assistant Professor", "email": "traum@ict.usc.edu"},
{"name": "Valero-Cuevas, Francisco", "img": "http://www.cs.usc.edu/assets/006/85108.jpg", "area": "Joint Appointment: Biomedical Engineering", "url": "http://bbdl.usc.edu/Francisco.php", "title": "Professor", "email": "valero@usc.edu"},
{"name": "Vashishta, Priya", "img": "http://www.cs.usc.edu/assets/005/84202.jpg", "area": "Joint Appointment: Materials Science", "url": "http://physics.usc.edu/Faculty/Vashishta/", "title": "Dean's Professor in Chemical", "email": "priyav@usc.edu"},
{"name": "Ver Steeg, Greg", "img": "http://www.cs.usc.edu/assets/006/87934.jpg", "area": "Practical methods for inferring meangful structure in complex systems, quantum computing, information theoretic methods for learning, bell inequalities for complex networks, mapping graph clusters", "url": "http://www.isi.edu/people/gregv/about", "title": "Research Assistant Professor", "email": "gregv@isi.edu"},
{"name": "Vijayakumar, Sethu", "img": "http://www.cs.usc.edu/assets/005/84203.jpg", "area": "Statistical machine learning, motor control, planning and optimization in autonomous systems and computational neuroscience", "url": "http://homepages.inf.ed.ac.uk/svijayak/", "title": "Adjunct Assistant Professor", "email": "sethu.vijayakumar@ed.ac.uk"},
{"name": "Waterman, Michael", "img": "http://www.cs.usc.edu/assets/005/84205.jpg", "area": "Joint Appointment: Computational and Molecular Biology", "url": "http://www.cmb.usc.edu/people/msw/Waterman.html", "title": "University Professor", "email": "msw@hto.usc.edu"},
{"name": "Weinberg, Richard", "img": "http://www.cs.usc.edu/assets/005/84206.jpg", "area": "Joint Appointment: Cinematic Arts", "url": "http://www.usc.edu/hpcc/research/weinberg.php", "title": "Research Associate Professor", "email": "weinberg@usc.edu"},
{"name": "Wilson, John", "img": "http://www.cs.usc.edu/assets/006/85111.jpg", "area": "Joint Appointment: Geography, Sociology, Civil and Environmental Engineering, Architecture", "url": "http://dornsife.usc.edu/cf/faculty-and-staff/faculty.cfm?pid=1003824", "title": "Professor", "email": "jpwilson@usc.edu"},
{"name": "Yu, Minlan", "img": "http://www.cs.usc.edu/assets/006/85075.jpg", "area": "Software defined networks, data centers, cloud computing", "url": "http://www-bcf.usc.edu/~minlanyu/", "title": "Assistant Professor and", "email": "minlanyu@usc.edu"},
{"name": "Zhou, Xianghong Jasmine", "img": "http://www.cs.usc.edu/assets/006/85110.jpg", "area": "Joint Appointment: Biological Science", "url": "http://zhoulab.usc.edu/", "title": "Professor", "email": "xjzhou@dornsife.usc.edu"},
{"name": "Zimmermann, Roger", "img": "http://www.cs.usc.edu/assets/005/84210.jpg", "area": "Streaming media architectures, spatio-temporal database systems and mobile data management", "url": "http://perspolis.usc.edu/Users/zimmerma/Welcome.html", "title": "Adjunct Assistant Professor", "email": "rogerz@comp.nus.edu.sg"},
{"name": "Zyda, Michael", "img": "http://www.cs.usc.edu/assets/005/84211.jpg", "area": "Computer graphics, large-scale, networked 3D virtual environments, agent-based simulation, modeling human and organizational behavior, interactive computer-generated story, and serious and entertainment games", "url": "http://gamepipe.usc.edu/USC_GamePipe_Laboratory/Director.html", "title": "Professor of Engineering Practice", "email": "zyda@usc.edu"}]