[{"addr": "GDC 6.510", "img": "https://www.cs.utexas.edu/sites/default/files/styles/thumbnail/public/legacy_files/faculty/photos/alvisi-hr.jpg?itok=WWblAQlJ", "area": "Operating systems, Distributed systems, Networking", "url": "http://www.cs.utexas.edu/~lorenzo/", "title": "Professor", "phone": "512 471 9792", "email": "lorenzo@cs.utexas.edu", "name": "Lorenzo Alvisi"},
{"addr": "POB 2.324A", "img": "https://www.cs.utexas.edu/sites/default/files/styles/thumbnail/public/legacy_files/faculty/photos/bajaj-hr_0.jpg?itok=lZT28i1K", "area": "Bioinformatics and Computational Biology, Data Mining, Machine Learning, Natural Computation, Graphics and Visualization, Scientific Computing", "url": "http://www.cs.utexas.edu/users/bajaj/cvc/index.shtml", "title": "Professor", "phone": "512 471 8870", "email": "bajaj@cs.utexas.edu", "name": "Chandrajit Bajaj"},
{"addr": "GDC 3.510", "img": "https://www.cs.utexas.edu/sites/default/files/styles/thumbnail/public/legacy_files/faculty/photos/ballard-hr.jpg?itok=Tb0aRa5r", "area": "Artificial Intelligence, Data Mining, Machine Learning, Natural Computation", "url": "", "title": "Professor", "phone": "512 471 9750", "email": "dana@cs.utexas.edu", "name": "Dana H. Ballard"},
{"addr": "GDC 5.826", "img": "https://www.cs.utexas.edu/sites/default/files/styles/thumbnail/public/legacy_files/faculty/photos/Don2010web.jpg?itok=g78hRaPH", "area": "Model Driven Engineering", "url": "", "title": "Professor", "phone": "512 471 9713", "email": "dsb@cs.utexas.edu", "name": "Don Batory"},
{"addr": "", "img": "https://www.cs.utexas.edu/sites/default/files/styles/thumbnail/public/legacy_files/faculty/photos/boyer-hr.jpg?itok=vXNrJoWH", "area": "", "url": "http://www.cs.utexas.edu/~boyer/", "title": "Professor Emeritus in Computer Science #4, Professor Emeritus in Computer Science #5", "phone": "", "email": "boyer@cs.utexas.edu", "name": "Robert S. Boyer"},
{"addr": "GDC 5.418", "img": "https://www.cs.utexas.edu/sites/default/files/styles/thumbnail/public/legacy_files/faculty/photos/browne-hr.jpg?itok=igcpfr_S", "area": "", "url": "", "title": "Regents Professor Emeritus in Computer Science #2", "phone": "512 471 9579", "email": "browne@cs.utexas.edu", "name": "James C. Browne"},
{"addr": "GDC 4.308", "img": "https://www.cs.utexas.edu/sites/default/files/styles/thumbnail/public/pictures/William-Bulko.jpg?itok=CDO9bFiL", "area": "", "url": "http://www.cs.utexas.edu/~bulko/", "title": "Lecturer", "phone": "512 471 7021", "email": "bulko@cs.utexas.edu", "name": "William C. Bulko"},
{"addr": "ACES 3.432", "img": "https://www.cs.utexas.edu/sites/default/files/styles/thumbnail/public/legacy_files/faculty/photos/burger-hr.jpg?itok=ijxdjgaD", "area": "Computer Architecture", "url": "http://www.cs.utexas.edu/~dburger/", "title": "Adjunct Professor", "phone": "512 471 9795", "email": "dburger@cs.utexas.edu", "name": "Doug Burger"},
{"addr": "GDC 5.402", "img": "https://www.cs.utexas.edu/sites/default/files/styles/thumbnail/public/legacy_files/faculty/photos/cannata-hr.jpg?itok=HVvxHprH", "area": "", "url": "http://www.cs.utexas.edu/users/cannata", "title": "Adjunct Professor", "phone": "", "email": "cannata@cs.utexas.edu", "name": "Philip E. Cannata"},
{"addr": "GDC 6.436", "img": "https://www.cs.utexas.edu/sites/default/files/styles/thumbnail/public/pictures/Vijay-Chidambaram.jpg?itok=913x3kDi", "area": "Operating systems, Distributed systems, Networking", "url": "http://www.cs.utexas.edu/~vijay/", "title": "Assistant Professor", "phone": "512 471 9549", "email": "vijay@cs.utexas.edu", "name": "Vijay Chidambaram"},
{"addr": "GDC 5.808", "img": "https://www.cs.utexas.edu/sites/default/files/styles/thumbnail/public/legacy_files/faculty/photos/cline-hr.jpg?itok=0PQbAkGn", "area": "Scientific Computing", "url": "", "title": "Professor", "phone": "512 471 9717", "email": "cline@cs.utexas.edu", "name": "Alan Cline"},
{"addr": "GDC 5.824", "img": "https://www.cs.utexas.edu/sites/default/files/styles/thumbnail/public/legacy_files/faculty/photos/cook-hr.jpg?itok=mopzCa5T", "area": "Programming Languages and Implementation, Model Driven Engineering", "url": "http://www.cs.utexas.edu/%7Ewcook/", "title": "Associate Professor", "phone": "512 471 9555", "email": "wcook@cs.utexas.edu", "name": "William Cook"},
{"addr": "GDC 6.436", "img": "https://www.cs.utexas.edu/sites/default/files/styles/thumbnail/public/legacy_files/faculty/photos/head.jpg?itok=rF39aW5V", "area": "Operating systems, Distributed systems, Networking, Security", "url": "http://www.cs.utexas.edu/users/dahlin/", "title": "Adjunct Professor", "phone": "512 471 9549", "email": "dahlin@cs.utexas.edu", "name": "Michael Dahlin"},
{"addr": "GDC 4.704", "img": "https://www.cs.utexas.edu/sites/default/files/styles/thumbnail/public/legacy_files/faculty/photos/dhillon-hr.jpg?itok=-5CAa6oR", "area": "Data Mining, Machine Learning, Natural Computation, Artificial Intelligence, Scientific Computing, Bioinformatics and Computational Biology", "url": "http://www.cs.utexas.edu/~inderjit/", "title": "Professor", "phone": "512 471 9725", "email": "inderjit@cs.utexas.edu", "name": "Inderjit Dhillon"},
{"addr": "GDC 7.716", "img": "https://www.cs.utexas.edu/sites/default/files/styles/thumbnail/public/legacy_files/faculty/photos/thomas_dillig.jpg?itok=qrGBOm8l", "area": "Formal Methods", "url": "http://www.cs.utexas.edu/~tdillig/", "title": "Assistant Professor", "phone": "512 471 9791", "email": "tdillig@cs.utexas.edu", "name": "Thomas Dillig"},
{"addr": "GDC 5.726", "img": "https://www.cs.utexas.edu/sites/default/files/styles/thumbnail/public/legacy_files/faculty/photos/Isil_Dillig.jpg?itok=P2J4fugc", "area": "Programming Languages and Implementation, Formal Methods, Security", "url": "http://www.cs.utexas.edu/~isil/", "title": "Assistant Professor", "phone": "512 471 9794", "email": "isil@cs.utexas.edu", "name": "Isil Dillig"},
{"addr": "GDC 6.308", "img": "https://www.cs.utexas.edu/sites/default/files/styles/thumbnail/public/legacy_files/faculty/photos/downing-hr.jpg?itok=PYwhRE4M", "area": "", "url": "http://www.cs.utexas.edu/users/downing/", "title": "Lecturer", "phone": "512 471 9737", "email": "downing@cs.utexas.edu", "name": "Glenn Downing"},
{"addr": "GDC 3.720", "img": "https://www.cs.utexas.edu/sites/default/files/styles/thumbnail/public/legacy_files/faculty/photos/emerson-hr.jpg?itok=y5cSIHo-", "area": "Formal Methods", "url": "http://www.cs.utexas.edu/users/emerson/", "title": "Professor", "phone": "512 471 9537", "email": "emerson@cs.utexas.edu", "name": "E. Allen Emerson"},
{"addr": "GDC 4.310", "img": "https://www.cs.utexas.edu/sites/default/files/styles/thumbnail/public/pictures/Fares-Fraij.JPG?itok=M4rLaK7K", "area": "", "url": "http://www.cs.utexas.edu/~fares/", "title": "Lecturer", "phone": "471 9512", "email": "fares@cs.utexas.edu", "name": "Fares Fraij"},
{"addr": "GDC 5.510", "img": "https://www.cs.utexas.edu/sites/default/files/styles/thumbnail/public/legacy_files/faculty/photos/fussell-hr.jpg?itok=5Zq_3sHT", "area": "Graphics and Visualization, Computer Architecture", "url": "http://www.cs.utexas.edu/~fussell/", "title": "Professor", "phone": "512 471 9719", "email": "fussell@cs.utexas.edu", "name": "Don Fussell"},
{"addr": "GDC 4.420", "img": "https://www.cs.utexas.edu/sites/default/files/styles/thumbnail/public/legacy_files/faculty/photos/gal-hr.jpg?itok=Bs5l8Lr5", "area": "Theoretical Computer Science", "url": "http://www.cs.utexas.edu/~panni", "title": "Professor", "phone": "512 471 9539", "email": "panni@cs.utexas.edu", "name": "Anna Gal"},
{"addr": "GDC 5.320", "img": "https://www.cs.utexas.edu/sites/default/files/styles/thumbnail/public/default_images/profile_placeholder_0.png?itok=Kf-0Wve7", "area": "", "url": "", "title": "Adjunct Assistant Professor", "phone": "512 471 9529", "email": "gheith@cs.utexas.edu", "name": "Ahmed Gheith"},
{"addr": "GDC 6.824", "img": "https://www.cs.utexas.edu/sites/default/files/styles/thumbnail/public/legacy_files/faculty/photos/gouda-hr.jpg?itok=26_gst39", "area": "Operating systems, Distributed systems, Networking, Security", "url": "http://www.cs.utexas.edu/~gouda/", "title": "Professor", "phone": "512 471 9532", "email": "gouda@cs.utexas.edu", "name": "M. G. Gouda"},
{"addr": "GDC 4.726", "img": "https://www.cs.utexas.edu/sites/default/files/styles/thumbnail/public/legacy_files/faculty/photos/grauman-hr.jpg?itok=4xUjh7Hl", "area": "Artificial Intelligence, Data Mining, Machine Learning, Natural Computation", "url": "http://www.cs.utexas.edu/users/grauman/", "title": "Associate Professor", "phone": "512 471 9521", "email": "grauman@cs.utexas.edu", "name": "Kristen Grauman"},
{"addr": "GDC 7.714", "img": "https://www.cs.utexas.edu/sites/default/files/styles/thumbnail/public/legacy_files/faculty/photos/MJHHeule%20copy.jpg?itok=uRw5Q-PU", "area": "Formal Methods", "url": "http://www.cs.utexas.edu/~marijn/", "title": "Research Scientist", "phone": "", "email": "marijn@cs.utexas.edu", "name": "Marijn Heule"},
{"addr": "GDC 7.818", "img": "https://www.cs.utexas.edu/sites/default/files/styles/thumbnail/public/legacy_files/faculty/photos/hunt-hr.jpg?itok=rIixsj0R", "area": "Formal Methods, Security", "url": "http://www.cs.utexas.edu/~hunt/", "title": "Professor", "phone": "512 471 9748", "email": "hunt@cs.utexas.edu", "name": "Warren A. Hunt Jr."},
{"addr": "GDC 7.804", "img": "https://www.cs.utexas.edu/sites/default/files/styles/thumbnail/public/legacy_files/faculty/photos/kaufmann-hr.jpg?itok=D_-mX7E5", "area": "Formal Methods", "url": "http://www.cs.utexas.edu/~kaufmann/", "title": "Senior Research Scientist", "phone": "512 471 9780", "email": "kaufmann@cs.utexas.edu", "name": "Matt Kaufmann"},
{"addr": "GDC 5.422", "img": "https://www.cs.utexas.edu/sites/default/files/styles/thumbnail/public/legacy_files/faculty/photos/keckler-hr.jpg?itok=Nvs2MNoh", "area": "Computer Architecture", "url": "http://www.cs.utexas.edu/~skeckler/", "title": "Adjunct Professor", "phone": "512 471 9763", "email": "skeckler@cs.utexas.edu", "name": "Stephen W. Keckler"},
{"addr": "GDC 4.826", "img": "https://www.cs.utexas.edu/sites/default/files/styles/thumbnail/public/legacy_files/faculty/photos/klivans-hr.jpg?itok=ymBNAlQ4", "area": "Artificial Intelligence, Data Mining, Machine Learning, Natural Computation, Theoretical Computer Science", "url": "http://www.cs.utexas.edu/~klivans/", "title": "Associate Professor", "phone": "512 471 9790", "email": "klivans@cs.utexas.edu", "name": "Adam Klivans"},
{"addr": "", "img": "https://www.cs.utexas.edu/sites/default/files/styles/thumbnail/public/legacy_files/faculty/photos/kuipers-hr.jpg?itok=ALZM8don", "area": "", "url": "http://www.cs.utexas.edu/~kuipers/", "title": "Professor Emeritus in Computer Science #3", "phone": "", "email": "kuipers@cs.utexas.edu", "name": "Benjamin J. Kuipers"},
{"addr": "", "img": "https://www.cs.utexas.edu/sites/default/files/styles/thumbnail/public/default_images/profile_placeholder_0.png?itok=Kf-0Wve7", "area": "", "url": "http://www.cs.utexas.edu/~devdatta/", "title": "Adjunct Assistant Professor", "phone": "", "email": "devdatta@cs.utexas.edu", "name": "Devdatta  Kulkarni"},
{"addr": "GDC 6.826", "img": "https://www.cs.utexas.edu/sites/default/files/styles/thumbnail/public/legacy_files/faculty/photos/lam-hr.jpg?itok=RBiDziMe", "area": "Operating systems, Distributed systems, Networking, Security", "url": "http://www.cs.utexas.edu/users/lam/", "title": "Professor and Regents Chair in Computer Science", "phone": "512 471 9531", "email": "lam@cs.utexas.edu", "name": "Simon S. Lam"},
{"addr": "GDC 3.808", "img": "https://www.cs.utexas.edu/sites/default/files/styles/thumbnail/public/legacy_files/faculty/photos/lifschitz-hr.jpg?itok=4oec_8ur", "area": "Artificial Intelligence, Formal Methods", "url": "http://www.cs.utexas.edu/~vl/", "title": "Professor", "phone": "512 471 9564", "email": "vl@cs.utexas.edu", "name": "Vladimir Lifschitz"},
{"addr": "GDC 5.512", "img": "https://www.cs.utexas.edu/sites/default/files/styles/thumbnail/public/legacy_files/faculty/photos/lin-hr.jpg?itok=IgYfX-3G", "area": "Programming Languages and Implementation, Computer Architecture, Security", "url": "http://www.cs.utexas.edu/~lin/", "title": "Professor", "phone": "512 471 9560", "email": "lin@cs.utexas.edu", "name": "Calvin Lin"},
{"addr": "GDC 7.422", "img": "https://www.cs.utexas.edu/sites/default/files/styles/thumbnail/public/legacy_files/faculty/photos/mckinley-hr.jpg?itok=jnrYe8Mo", "area": "Programming Languages and Implementation, Security", "url": "http://www.cs.utexas.edu/~mckinley/", "title": "Adjunct Professor", "phone": "", "email": "mckinley@cs.utexas.edu", "name": "Kathryn S. McKinley"},
{"addr": "GDC 3.826", "img": "https://www.cs.utexas.edu/sites/default/files/styles/thumbnail/public/legacy_files/faculty/photos/mikkulainen-hr.jpg?itok=jd5XqpHN", "area": "Artificial Intelligence, Data Mining, Machine Learning, Natural Computation, Bioinformatics and Computational Biology", "url": "http://www.cs.utexas.edu/~risto/", "title": "Professor", "phone": "512 471 9571", "email": "risto@cs.utexas.edu", "name": "Risto Miikkulainen"},
{"addr": "GDC 5.436", "img": "https://www.cs.utexas.edu/sites/default/files/styles/thumbnail/public/legacy_files/faculty/photos/miranker-hr.jpg?itok=ImvkBp85", "area": "Bioinformatics and Computational Biology, Data Mining, Machine Learning, Natural Computation", "url": "http://www.cs.utexas.edu/~miranker/", "title": "Professor", "phone": "512 471 9541", "email": "miranker@cs.utexas.edu", "name": "Daniel P. Miranker"},
{"addr": "GDC 7.722", "img": "https://www.cs.utexas.edu/sites/default/files/styles/thumbnail/public/legacy_files/faculty/photos/misra-hr.jpg?itok=tWmeCdGW", "area": "Formal Methods", "url": "http://www.cs.utexas.edu/users/misra/", "title": "Schlumberger Centennial Chair Emeritus and Distinguished Teaching Professor Emeritus", "phone": "512 471 9550", "email": "misra@cs.utexas.edu", "name": "Jayadev Misra"},
{"addr": "GDC 6.320", "img": "https://www.cs.utexas.edu/sites/default/files/styles/thumbnail/public/legacy_files/faculty/photos/mitra-hr2.jpg?itok=qlCgWCxu", "area": "", "url": "http://www.cs.utexas.edu/~mitra/", "title": "Senior Lecturer", "phone": "512 471 9708", "email": "mitra@cs.utexas.edu", "name": "Shyamal Mitra"},
{"addr": "GDC 6.512", "img": "https://www.cs.utexas.edu/sites/default/files/styles/thumbnail/public/legacy_files/faculty/photos/mok-hr.jpg?itok=8GOtK2au", "area": "Operating systems, Distributed systems, Networking, Security", "url": "http://www.cs.utexas.edu/~mok/mok.html", "title": "Professor", "phone": "512 471 9542", "email": "mok@cs.utexas.edu", "name": "Al Mok"},
{"addr": "GDC 3.512", "img": "https://www.cs.utexas.edu/sites/default/files/styles/thumbnail/public/legacy_files/faculty/photos/mooney-hr.jpg?itok=UdtnZDZa", "area": "Artificial Intelligence, Data Mining, Machine Learning, Natural Computation", "url": "http://www.cs.utexas.edu/~mooney/", "title": "Professor", "phone": "512 471 9558", "email": "mooney@cs.utexas.edu", "name": "Raymond Mooney"},
{"addr": "GDC 7.802", "img": "https://www.cs.utexas.edu/sites/default/files/styles/thumbnail/public/legacy_files/faculty/photos/moore-hr.jpg?itok=-Tux70Ln", "area": "Formal Methods, Security", "url": "http://www.cs.utexas.edu/~moore/", "title": "Admiral B.R. Inman Centennial Chair Emeritus in Computing Theory", "phone": "512 471 9568", "email": "moore@cs.utexas.edu", "name": "J Strother Moore"},
{"addr": "GDC 5.706", "img": "https://www.cs.utexas.edu/sites/default/files/styles/thumbnail/public/legacy_files/faculty/photos/myers-hr.jpg?itok=n1RgM_gL", "area": "", "url": "http://www.cs.utexas.edu/users/myers/", "title": "Lecturer", "phone": "512 471 9533", "email": "myers@cs.utexas.edu", "name": "Margaret Myers"},
{"addr": "GDC 3.404", "img": "https://www.cs.utexas.edu/sites/default/files/styles/thumbnail/public/pictures/Scott-Niekum.jpg?itok=acfE4eZN", "area": "Artificial Intelligence, Data Mining, Machine Learning, Natural Computation", "url": "http://www.cs.utexas.edu/~sniekum", "title": "Assistant Professor", "phone": "512 232 7471", "email": "sniekum@cs.utexas.edu", "name": "Scott Niekum"},
{"addr": "GDC 6.310", "img": "https://www.cs.utexas.edu/sites/default/files/styles/thumbnail/public/default_images/profile_placeholder_0.png?itok=Kf-0Wve7", "area": "", "url": "http://www.cs.utexas.edu/~ans/", "title": "Lecturer", "phone": "512 232 7439", "email": "ans@cs.utexas.edu", "name": "Alison N. Norman"},
{"addr": "GDC 3.824", "img": "https://www.cs.utexas.edu/sites/default/files/styles/thumbnail/public/legacy_files/faculty/photos/novak-hr.jpg?itok=ST_oBWG1", "area": "Artificial Intelligence, Model Driven Engineering", "url": "http://www.cs.utexas.edu/~novak/", "title": "Professor", "phone": "512 471 9569", "email": "novak@cs.utexas.edu", "name": "Gordon S. Novak Jr."},
{"addr": "GDC 6.430", "img": "https://www.cs.utexas.edu/sites/default/files/styles/thumbnail/public/pictures/Simon-Peter.jpg?itok=S9Ke607x", "area": "Operating systems, Distributed systems, Networking", "url": "http://www.cs.utexas.edu/~simon/", "title": "Assistant Professor", "phone": "512 232 7414", "email": "simon@cs.utexas.edu", "name": "Simon Peter"},
{"addr": "POB 4.126A", "img": "https://www.cs.utexas.edu/sites/default/files/styles/thumbnail/public/legacy_files/faculty/photos/pingali-hr.jpg?itok=oVDDkoQk", "area": "Programming Languages and Implementation", "url": "http://www.cs.utexas.edu/~pingali/", "title": "Professor", "phone": "512 232 6567", "email": "pingali@cs.utexas.edu", "name": "Keshav Pingali"},
{"addr": "GDC 4.512", "img": "https://www.cs.utexas.edu/sites/default/files/styles/thumbnail/public/legacy_files/faculty/photos/plaxton-hr.jpg?itok=PRx73N7f", "area": "Theoretical Computer Science", "url": "http://www.cs.utexas.edu/~plaxton/", "title": "Professor", "phone": "512 471 9751", "email": "plaxton@cs.utexas.edu", "name": "Greg Plaxton"},
{"addr": "GDC 2.308A", "img": "https://www.cs.utexas.edu/sites/default/files/styles/thumbnail/public/legacy_files/faculty/photos/porter-hr.jpg?itok=n26fcxBe", "area": "Artificial Intelligence", "url": "http://www.cs.utexas.edu/~porter/", "title": "Professor, Chair", "phone": "512 471 9565", "email": "porter@cs.utexas.edu", "name": "Bruce Porter"},
{"addr": "POB 3.258", "img": "https://www.cs.utexas.edu/sites/default/files/styles/thumbnail/public/legacy_files/faculty/photos/press.jpg?itok=HVbwi-0s", "area": "Bioinformatics and Computational Biology", "url": "http://nr.com/whp/", "title": "Professor", "phone": "512 232 4022", "email": "wpress@cs.utexas.edu", "name": "Bill Press"},
{"addr": "GDC 4.510", "img": "https://www.cs.utexas.edu/sites/default/files/styles/thumbnail/public/legacy_files/faculty/photos/eric_price.jpg?itok=S_phsbXn", "area": "Theoretical Computer Science", "url": "http://www.cs.utexas.edu/~ecprice/", "title": "Assistant Professor", "phone": "475 8048", "email": "ecprice@cs.utexas.edu", "name": "Eric Price"},
{"addr": "GDC 6.806", "img": "https://www.cs.utexas.edu/sites/default/files/styles/thumbnail/public/legacy_files/faculty/photos/qiu-hr.jpg?itok=15yWsMKr", "area": "Operating systems, Distributed systems, Networking, Security", "url": "http://www.cs.utexas.edu/~lili/", "title": "Professor", "phone": "512 232 7890", "email": "lili@cs.utexas.edu", "name": "Lili Qiu"},
{"addr": "GDC 4.430", "img": "https://www.cs.utexas.edu/sites/default/files/styles/thumbnail/public/legacy_files/faculty/photos/ramachandran-hr.jpg?itok=G-x1ES9w", "area": "Theoretical Computer Science", "url": "http://www.cs.utexas.edu/~vlr/", "title": "Professor", "phone": "512 471 9554", "email": "vlr@cs.utexas.edu", "name": "Vijaya Ramachandran"},
{"addr": "GDC 4.808", "img": "https://www.cs.utexas.edu/sites/default/files/styles/thumbnail/public/legacy_files/faculty/photos/Ravikumarbw.jpg?itok=KFkezP5R", "area": "Artificial Intelligence, Data Mining, Machine Learning, Natural Computation", "url": "http://www.cs.utexas.edu/~pradeepr/", "title": "Associate Professor", "phone": "", "email": "pradeepr@cs.utexas.edu", "name": "Pradeep Ravikumar"},
{"addr": "", "img": "https://www.cs.utexas.edu/sites/default/files/styles/thumbnail/public/pictures/Jan-Rellermeyer.jpg?itok=ufgubSzA", "area": "", "url": "http://www.cs.utexas.edu/users/jrellerm", "title": "Adjunct Assistant Professor", "phone": "", "email": "jrellerm@cs.utexas.edu", "name": "Jan Rellermeyer"},
{"addr": "GDC 5.810", "img": "https://www.cs.utexas.edu/sites/default/files/styles/thumbnail/public/legacy_files/faculty/photos/rich-hr.jpg?itok=QsT8Z7kc", "area": "", "url": "http://www.cs.utexas.edu/~ear/", "title": "Distinguished Senior Lecturer", "phone": "512 471 9706", "email": "ear@cs.utexas.edu", "name": "Elaine Alice Rich"},
{"addr": "GDC 6.508", "img": "https://www.cs.utexas.edu/sites/default/files/styles/thumbnail/public/default_images/profile_placeholder_0.png?itok=Kf-0Wve7", "area": "Computer Architecture, Operating systems, Distributed systems, Networking", "url": "https://www.cs.utexas.edu/~rossbach/", "title": "Assistant Professor", "phone": "512 471 9732", "email": "rossbach@cs.utexas.edu", "name": "Christopher Rossbach"},
{"addr": "GDC 6.304", "img": "https://www.cs.utexas.edu/sites/default/files/styles/thumbnail/public/legacy_files/faculty/photos/scott-hr.jpg?itok=aAMs61hx", "area": "", "url": "http://www.cs.utexas.edu/~scottm/", "title": "Distinguished Senior Lecturer", "phone": "512 471 9785", "email": "scottm@cs.utexas.edu", "name": "Michael D. Scott"},
{"addr": "GDC 6.812", "img": "https://www.cs.utexas.edu/sites/default/files/styles/thumbnail/public/legacy_files/faculty/photos/shmatikov-hr.jpg?itok=YU76GxTy", "area": "Formal Methods, Security", "url": "http://www.cs.utexas.edu/~shmat/", "title": "Adjunct Associate Professor", "phone": "512 471 9530", "email": "shmat@cs.utexas.edu", "name": "Vitaly Shmatikov"},
{"addr": "GDC 3.508", "img": "https://www.cs.utexas.edu/sites/default/files/styles/thumbnail/public/legacy_files/faculty/photos/stone-hr.jpg?itok=T5A_kOou", "area": "Artificial Intelligence, Data Mining, Machine Learning, Natural Computation", "url": "http://www.cs.utexas.edu/~pstone/", "title": "Professor", "phone": "512 471 9796", "email": "pstone@cs.utexas.edu", "name": "Peter Stone"},
{"addr": "GDC 6.318", "img": "https://www.cs.utexas.edu/sites/default/files/styles/thumbnail/public/legacy_files/faculty/photos/toprac_cropped_0.jpg?itok=IhMIjoxN", "area": "", "url": "http://gamedev.utexas.edu/", "title": "Senior Lecturer", "phone": "512 471 9574", "email": "topcat@cs.utexas.edu", "name": "Paul Toprac"},
{"addr": "GDC 5.704", "img": "https://www.cs.utexas.edu/sites/default/files/styles/thumbnail/public/legacy_files/faculty/photos/van_de_geijn-hr2.jpg?itok=Tvxz_Pzr", "area": "Scientific Computing", "url": "http://www.cs.utexas.edu/~rvdg/", "title": "Professor", "phone": "512 471 9720", "email": "rvdg@cs.utexas.edu", "name": "Robert van de Geijn"},
{"addr": "GDC 5.508", "img": "https://www.cs.utexas.edu/sites/default/files/styles/thumbnail/public/legacy_files/faculty/photos/etienne_vouga.jpg?itok=rFyU-JIO", "area": "Graphics and Visualization, Scientific Computing", "url": "", "title": "Assistant Professor", "phone": "512 232 7482", "email": "evouga@cs.utexas.edu", "name": "Etienne Vouga"},
{"addr": "GDC 6.508", "img": "https://www.cs.utexas.edu/sites/default/files/styles/thumbnail/public/legacy_files/faculty/photos/mike.jpg?itok=dFcaDGwF", "area": "Operating systems, Distributed systems, Networking, Security", "url": "http://www.cs.utexas.edu/~mwalfish/", "title": "Adjunct Assistant Professor", "phone": "512 471 9732", "email": "mwalfish@cs.utexas.edu", "name": "Michael Walfish"},
{"addr": "", "img": "https://www.cs.utexas.edu/sites/default/files/styles/thumbnail/public/legacy_files/faculty/photos/warnow-hr.jpg?itok=YUgwTJUA", "area": "Bioinformatics and Computational Biology, Theoretical Computer Science", "url": "http://www.cs.utexas.edu/~tandy/", "title": "Adjunct Professor", "phone": "", "email": "tandy@cs.utexas.edu", "name": "Tandy Warnow"},
{"addr": "GDC 6.810", "img": "https://www.cs.utexas.edu/sites/default/files/styles/thumbnail/public/legacy_files/faculty/photos/brent-waters.jpg?itok=b88EcSNN", "area": "Security, Theoretical Computer Science", "url": "http://www.cs.utexas.edu/~bwaters/", "title": "Associate Professor", "phone": "512 232 7464", "email": "bwaters@cs.utexas.edu", "name": "Brent Waters"},
{"addr": "GDC 6.432", "img": "https://www.cs.utexas.edu/sites/default/files/styles/thumbnail/public/legacy_files/faculty/photos/witchell-hr.jpg?itok=yThPSkoK", "area": "Computer Architecture, Operating systems, Distributed systems, Networking, Security", "url": "http://www.cs.utexas.edu/~witchel/", "title": "Associate Professor", "phone": "512 232 7889", "email": "witchel@cs.utexas.edu", "name": "Emmett Witchel"},
{"addr": "GDC 7.810", "img": "https://www.cs.utexas.edu/sites/default/files/styles/thumbnail/public/legacy_files/faculty/photos/young-hr.jpg?itok=Ba0UMNL4", "area": "", "url": "", "title": "Research Scientist, Senior Lecturer", "phone": "512 471 9782", "email": "byoung@cs.utexas.edu", "name": "William D. Young"},
{"addr": "GDC 6.808", "img": "https://www.cs.utexas.edu/sites/default/files/styles/thumbnail/public/legacy_files/faculty/photos/zhang-hr.jpg?itok=Izzb4-qV", "area": "Operating systems, Distributed systems, Networking, Security", "url": "http://www.cs.utexas.edu/~yzhang/", "title": "Adjunct Associate Professor", "phone": "512 232 7496", "email": "yzhang@cs.utexas.edu", "name": "Yin Zhang"},
{"addr": "GDC 4.508", "img": "https://www.cs.utexas.edu/sites/default/files/styles/thumbnail/public/legacy_files/faculty/photos/zuckerman-hr.jpg?itok=4PmFZxpy", "area": "Theoretical Computer Science", "url": "http://www.cs.utexas.edu/~diz/", "title": "Professor", "phone": "512 471 9729", "email": "diz@cs.utexas.edu", "name": "David Zuckerman"}]