[{"url": "https://www.cs.washington.edu/people/faculty/anderson/", "email": "anderson@cs.washington.edu", "name": "Richard Anderson", "img": "https://www.cs.washington.edu/sites/default/files/anderson_thumb.jpg", "area": "Computing for the developing world, health information systems, educational technology"},
{"url": "http://homes.cs.washington.edu/~rea", "email": "rea@cs.washington.edu", "name": "Ruth E. Anderson", "img": "https://www.cs.washington.edu/sites/default/files/RuthAnderson2.jpg", "area": "Computer science education, educational technology, computing for the developing world"},
{"url": "https://www.cs.washington.edu/people/faculty/tom/", "email": "tom@cs.washington.edu", "name": "Tom Anderson", "img": "https://www.cs.washington.edu/sites/default/files/tom.jpg", "area": "Distributed systems, networks, operating systems, security, parallel computing, education"},
{"url": "http://homes.cs.washington.edu/~baer/", "email": "baer@cs.washington.edu", "name": "Jean-Loup Baer", "img": "https://www.cs.washington.edu/sites/default/files/baer.jpg", "area": "Parallel and distributed processing and computer systems architecture"},
{"url": "https://www.cs.washington.edu/people/faculty/magda/", "email": "magda@cs.washington.edu", "name": "Magdalena Balazinska", "img": "https://www.cs.washington.edu/sites/default/files/magda4_100.jpg", "area": "Databases, cloud computing, big-data analytics, scientific data management"},
{"url": "https://www.cs.washington.edu/people/faculty/beame/", "email": "beame@cs.washington.edu", "name": "Paul Beame", "img": "https://www.cs.washington.edu/sites/default/files/Beame-thumb.jpg", "area": "Computational complexity, proof complexity and satisfiability"},
{"url": "http://homes.cs.washington.edu/~blank/", "email": "blank@cs.washington.edu", "name": "Adam Blank", "area": "Computer science education"},
{"url": "https://homes.cs.washington.edu/~bodik", "email": "bodik@cs.washington.edu", "name": "Rastislav Bodik", "img": "https://www.cs.washington.edu/sites/default/files/bodik_thumb_0.jpg", "area": "Programming languages, computer architecture"},
{"url": "https://www.cs.washington.edu/people/faculty/borning/", "email": "borning@cs.washington.edu", "name": "Alan Borning", "img": "https://www.cs.washington.edu/sites/default/files/Borning_100x100.jpg", "area": "Human computer interaction, designing for human values, constraint-based languages and systems"},
{"url": "http://www.mayacakmak.com", "email": "mcakmak@cs.washington.edu", "name": "Maya Cakmak", "img": "https://www.cs.washington.edu/sites/default/files/cakmak.jpg", "area": "Human-robot interaction, programming by demonstration, robot teleoperation"},
{"url": "https://www.cs.washington.edu/people/faculty/luisceze", "email": "luisceze@cs.washington.edu", "name": "Luis Ceze", "img": "https://www.cs.washington.edu/sites/default/files/luis_ceze_100x100.jpg", "area": "Computer architecture, programming languages, parallel computing, operating systems, energy-efficient computing."},
{"url": "https://www.cs.washington.edu/people/faculty/akcheung ", "email": "akcheung@cs.washington.edu", "name": "Alvin Cheung", "img": "https://www.cs.washington.edu/sites/default/files/akcheung_thumb.jpg", "area": "Data management, programming systems"},
{"url": "http://homes.cs.washington.edu/~yejin/", "email": "yejin@cs.washington.edu", "name": "Yejin Choi", "img": "https://www.cs.washington.edu/sites/default/files/yejin_thumb.jpg", "area": "Natural language processing"},
{"url": "https://www.cs.washington.edu/people/faculty/curless", "email": "curless@cs.washington.edu", "name": "Brian Curless", "img": "https://www.cs.washington.edu/sites/default/files/curless_0.jpg", "area": "Computer graphics, computer vision"},
{"url": "http://homes.cs.washington.edu/~pedrod/", "email": "pedrod@cs.washington.edu", "name": "Pedro Domingos", "img": "https://www.cs.washington.edu/sites/default/files/pedrod_thumb.jpg", "area": "Machine learning, artificial intelligence, data science"},
{"url": "https://www.cs.washington.edu/people/faculty/eggers/", "email": "eggers@cs.washington.edu", "name": "Susan Eggers", "img": "https://www.cs.washington.edu/sites/default/files/eggers.jpg", "area": "Computer architecture & compiler optimization"},
{"url": "https://www.cs.washington.edu/people/faculty/mernst/", "email": "mernst@cs.washington.edu", "name": "Michael Ernst", "img": "https://www.cs.washington.edu/sites/default/files/mernst.jpg", "area": "Software engineering, programming languages"},
{"url": "http://homes.cs.washington.edu/~etzioni/", "email": "etzioni@cs.washington.edu", "name": "Oren Etzioni", "img": "https://www.cs.washington.edu/sites/default/files/etzioni_image_2011.jpg", "area": "Artificial intelligence, web search"},
{"url": "https://www.cs.washington.edu/people/faculty/ali/", "email": "ali@cs.washington.edu", "name": "Ali Farhadi", "img": "https://www.cs.washington.edu/sites/default/files/ali_thumb.jpg", "area": "Computer vision, machine learning"},
{"url": "https://www.cs.washington.edu/people/faculty/jfogarty/", "email": "jfogarty@cs.washington.edu", "name": "James Fogarty", "img": "https://www.cs.washington.edu/sites/default/files/jfogarty_thumb.jpg", "area": "Human computer interaction, ubiquitous computing"},
{"url": "http://homes.cs.washington.edu/~fox", "email": "fox@cs.washington.edu", "name": "Dieter Fox", "img": "https://www.cs.washington.edu/sites/default/files/fox_thumb.jpg", "area": "Robotics, artificial intelligence, activity recognition"},
{"url": "https://www.cs.washington.edu/people/faculty/zorahf", "email": "zorahf@cs.washington.edu", "name": "Zorah Fung", "img": "https://www.cs.washington.edu/sites/default/files/zorahf_thumb_0.jpg", "area": "Computer science education"},
{"url": "/people/faculty/", "name": "Hellmut Golde", "img": "https://www.cs.washington.edu/sites/default/files/HellmutGolde100X100_0.jpg", "area": "Compilers"},
{"url": "https://www.cs.washington.edu/people/faculty/gshyam/", "email": "gshyam@cs.washington.edu", "name": "Shyam Gollakota", "img": "https://www.cs.washington.edu/sites/default/files/gshyam_thumb_0.jpg", "area": "Networks, Wireless, Mobile and Ubiquitous Computing, Sensing, Security and Privacy"},
{"url": "http://homes.cs.washington.edu/~djg/", "email": "djg@cs.washington.edu", "name": "Dan Grossman", "img": "https://www.cs.washington.edu/sites/default/files/djg_thumb.jpg", "area": "Programming languages"},
{"url": "/people/faculty/guestrin/", "email": "guestrin@cs.washington.edu", "name": "Carlos Guestrin", "img": "https://www.cs.washington.edu/sites/default/files/guestrin_thumb_0.jpg", "area": "Machine Learning"},
{"url": "/people/faculty/jheer", "email": "jheer@cs.washington.edu", "name": "Jeffrey Heer", "img": "https://www.cs.washington.edu/sites/default/files/jheer.jpg", "area": "Visualization, human-computer interaction and social computing"},
{"url": "https://www.cs.washington.edu/people/faculty/bruceh/", "email": "bruceh@cs.washington.edu", "name": "Bruce Hemingway", "img": "https://www.cs.washington.edu/sites/default/files/bruceh_thumb.jpg", "area": "Digital audio and synthesis, digital photography"},
{"url": "https://www.cs.washington.edu/people/faculty/sham", "email": "sham@cs.washington.edu", "name": "Sham Kakade", "img": "https://www.cs.washington.edu/sites/default/files/sham_thumb_0.jpg", "area": "Large scale computational methods for statistics, machine learning, signal processing"},
{"url": "https://www.cs.washington.edu/people/faculty/karlin/", "email": "karlin@cs.washington.edu", "name": "Anna Karlin", "img": "https://www.cs.washington.edu/sites/default/files/karlin.jpg", "area": "Algorithms, algorithmic game theory"},
{"url": "https://homes.cs.washington.edu/~ted/", "email": "ted@cs.washington.edu", "name": "Ted Kehl", "img": "https://www.cs.washington.edu/sites/default/files/ted.gif", "area": "Hardware systems,  real-time systems as applied to medical research"},
{"url": "https://www.cs.washington.edu/people/faculty/kemelmi/", "email": "kemelmi@cs.washington.edu", "name": "Ira Kemelmacher-Shlizerman", "img": "https://www.cs.washington.edu/sites/default/files/Iraa.jpg", "area": "Computer vision, computer graphics"},
{"url": "http://homes.cs.washington.edu/~yoshi/", "email": "yoshi@cs.washington.edu", "name": "Tadayoshi Kohno", "img": "https://www.cs.washington.edu/sites/default/files/yoshi.jpg", "area": "Computer security and privacy"},
{"url": "https://www.cs.washington.edu/people/faculty/arvind/", "email": "arvind@cs.washington.edu", "name": "Arvind Krishnamurthy", "img": "https://www.cs.washington.edu/sites/default/files/arvind.jpg", "area": "Distributed systems, networks, operating systems, and security"},
{"url": "https://www.cs.washington.edu/people/faculty/ladner/", "email": "ladner@cs.washington.edu", "name": "Richard E. Ladner", "img": "https://www.cs.washington.edu/sites/default/files/ladner_thumb.jpg", "area": "Access technology, algorithms, complexity"},
{"url": "https://www.cs.washington.edu/people/faculty/lazowska/", "email": "lazowska@cs.washington.edu", "name": "Ed Lazowska", "img": "https://www.cs.washington.edu/sites/default/files/EDL.full_.jpg", "area": "Design, implementation, and analysis of high-performance computing and communication systems;"},
{"url": "https://www.cs.washington.edu/people/faculty/jrl/", "email": "jrl@cs.washington.edu", "name": "James Lee", "img": "https://www.cs.washington.edu/sites/default/files/jrl.jpg", "area": "Theory, approximation algorithms, applications of geometry"},
{"url": "http://suinlee.cs.washington.edu", "email": "suinlee@cs.washington.edu", "name": "Su-In Lee", "img": "https://www.cs.washington.edu/sites/default/files/suin-lee_0.jpg", "area": "Machine learning, computational biology, medicine"},
{"url": "http://www.eecs.berkeley.edu/~svlevine/", "name": "Sergey Levine", "img": "https://www.cs.washington.edu/sites/default/files/sergey_thumb_0.png", "area": ""},
{"url": "https://www.cs.washington.edu/people/faculty/levy/", "email": "levy@cs.washington.edu", "name": "Hank Levy", "img": "https://www.cs.washington.edu/sites/default/files/hank-12s.jpg", "area": "Operating systems design, distributed systems and the Web, security and privacy, computer architecture"},
{"url": "https://www.cs.washington.edu/people/faculty/mones/", "email": "mones@cs.washington.edu", "name": "Barbara Mones", "img": "https://www.cs.washington.edu/sites/default/files/mones_100.jpg", "area": "Animation"},
{"url": "http://homes.cs.washington.edu/~aeobourn/", "email": "aeobourn@cs.washington.edu", "name": "Allison Obourn", "img": "https://www.cs.washington.edu/sites/default/files/aobourn_thumb.jpg", "area": "Computer science education"},
{"url": "https://www.cs.washington.edu/people/faculty/oskin/", "email": "oskin@cs.washington.edu", "name": "Mark Oskin", "img": "https://www.cs.washington.edu/sites/default/files/oskin.jpg", "area": "Computer architecture"},
{"url": "http://homes.cs.washington.edu/~shayan/", "email": "shayan@cs.washington.edu", "name": "Shayan Oveis Gharan", "img": "https://www.cs.washington.edu/sites/default/files/shayan.png", "area": "Approximation Algorithms, Randomized Algorithms, Spectral Algorithms, Spectral Graph Theory, Online Algorithm, Stochastic Optimization, Applied Probability"},
{"url": "http://abstract.cs.washington.edu/~shwetak/", "email": "shwetak@cs.washington.edu", "name": "Shwetak Patel", "img": "https://www.cs.washington.edu/sites/default/files/shwetak.jpg", "area": "Ubiquitous computing, sensing, human-computer interaction, embedded systems"},
{"url": "https://www.cs.washington.edu/people/faculty/perkins/", "email": "perkins@cs.washington.edu", "name": "Hal Perkins", "img": "https://www.cs.washington.edu/sites/default/files/perkins.jpg", "area": "Compilers, languages, systems, CS education"},
{"url": "https://homes.cs.washington.edu/~zoran/", "email": "zoran@cs.washington.edu", "name": "Zoran Popovi\u0107", "img": "https://www.cs.washington.edu/sites/default/files/zoran_thumb.jpg", "area": "Scientific-Discovery Games, Learning Games, Computer graphics, animation, optimal control, natural locomotion, optimization"},
{"url": "http://drkp.net/", "email": "drkp@cs.washington.edu", "name": "Dan Ports", "img": "https://www.cs.washington.edu/sites/default/files/drkp_thumb.jpg", "area": "Distributed systems, operating systems, security, and storage"},
{"url": "https://www.cs.washington.edu/people/faculty/anuprao/", "email": "anuprao@cs.washington.edu", "name": "Anup Rao", "img": "https://www.cs.washington.edu/sites/default/files/anuprao.jpg", "area": "Theoretical computer science"},
{"url": "https://www.cs.washington.edu/people/faculty/rao/", "email": "rao@cs.washington.edu", "name": "Rajesh Rao", "img": "https://www.cs.washington.edu/sites/default/files/Rao_100x100.jpg", "area": "Computational neuroscience, humanoid robotics, brain-computer interfaces"},
{"url": "https://www.cs.washington.edu/people/faculty/reges/", "email": "reges@cs.washington.edu", "name": "Stuart Reges", "img": "https://www.cs.washington.edu/sites/default/files/reges_100x100.jpg", "area": "Computer science education"},
{"url": "https://www.cs.washington.edu/people/faculty/reinecke", "email": "reinecke@cs.washington.edu", "name": "Katharina Reinecke", "img": "https://www.cs.washington.edu/sites/default/files/reinecke_thumb_0.jpg", "area": "Human-computer interaction, intelligent user interfaces, cross-cultural usability of technology"},
{"url": "http://www.ee.washington.edu/people/faculty/reynolds_matt/", "email": "matt.reynolds@ee.washington.edu", "name": "Matt Reynolds", "img": "https://www.cs.washington.edu/sites/default/files/reynolds.jpg", "area": "Ultra-low power sensing and computation, RFID, wireless power transfer, biomedical applications, and smart materials and surfaces"},
{"url": "http://www.franziroesner.com/", "email": "franzi@cs.washington.edu", "name": "Franziska Roesner", "img": "https://www.cs.washington.edu/sites/default/files/franzi_thumb.png", "area": "Computer Security and Privacy"},
{"url": "https://www.cs.washington.edu/people/faculty/rothvoss", "email": "rothvoss@uw.edu", "name": "Thomas Rothvoss", "img": "https://www.cs.washington.edu/sites/default/files/Thomas-head_0.jpg", "area": "Theoretical computer science, discrete mathematics"},
{"url": "https://www.cs.washington.edu/people/faculty/ruzzo/", "email": "ruzzo@cs.washington.edu", "name": "Larry Ruzzo", "img": "https://www.cs.washington.edu/sites/default/files/ruzzo_thumb.jpg", "area": "Computational biology"},
{"url": "http://homes.cs.washington.edu/~seelig/", "email": "seelig@cs.washington.edu", "name": "Georg Seelig", "img": "https://www.cs.washington.edu/sites/default/files/seelig.jpg", "area": "Synthetic biology, biological control circuits"},
{"url": "http://homes.cs.washington.edu/~seitz/", "email": "seitz@cs.washington.edu", "name": "Steven Seitz", "img": "https://www.cs.washington.edu/sites/default/files/seitz_100.jpg", "area": "Computer vision, computer graphics"},
{"url": "http://homes.cs.washington.edu/~shapiro/", "email": "shapiro@cs.washington.edu", "name": "Linda Shapiro", "img": "https://www.cs.washington.edu/sites/default/files/shapiro_100.jpg", "area": "Computer vision, multimedia retrieval, biomedical informatics"},
{"url": "/people/faculty/shaw", "email": "shaw@cs.washington.edu", "name": "Alan Shaw", "img": "https://www.cs.washington.edu/sites/default/files/AlanShaw100X100.jpg", "area": "Real-time systems"},
{"url": "https://www.cs.washington.edu/people/faculty/jrs/", "email": "jrs@cs.washington.edu", "name": "Joshua R. Smith", "img": "https://www.cs.washington.edu/sites/default/files/jrs_thumb.jpg", "area": "Sensor systems; wireless power; sensing for robotics; ubiquitous computing; personal robotics"},
{"url": "/people/faculty/nasmith/", "email": "nasmith@cs.washington.edu", "name": "Noah Smith", "img": "https://www.cs.washington.edu/sites/default/files/nasmith_thumb.png", "area": "Natural language processing"},
{"url": "/people/faculty/snyder", "email": "snyder@cs.washington.edu", "name": "Larry Snyder", "img": "https://www.cs.washington.edu/sites/default/files/Snyder_100x100.jpg", "area": "Parallel computing, computer science education"},
{"url": "https://www.cs.washington.edu/people/faculty/suciu/", "email": "suciu@cs.washington.edu", "name": "Dan Suciu", "img": "https://www.cs.washington.edu/sites/default/files/suciu_headshot.jpg", "area": "Data management: uncertain and probabilistic databases, data privacy and security, complexity of parallel query evaluation, data pricing."},
{"url": "https://www.cs.washington.edu/people/faculty/tanimoto/", "email": "tanimoto@cs.washington.edu", "name": "Steve Tanimoto", "img": "https://www.cs.washington.edu/sites/default/files/SteveT_100x100.jpg", "area": "Novice programming environments, educational technology, collaborative problem-solving environments"},
{"url": "http://homes.cs.washington.edu/~ztatlock/", "email": "ztatlock@cs.washington.edu", "name": "Zachary Tatlock", "img": "https://www.cs.washington.edu/sites/default/files/ztatlock.jpg", "area": "Formal verification, compilers, security."},
{"url": "http://homes.cs.washington.edu/~todorov/", "email": "todorov@cs.washington.edu", "name": "Emanuel Todorov", "img": "https://www.cs.washington.edu/sites/default/files/todorov.jpg", "area": "Intelligent control in biology and engineering"},
{"url": "https://www.cs.washington.edu/people/faculty/tompa/", "email": "tompa@cs.washington.edu", "name": "Martin Tompa", "img": "https://www.cs.washington.edu/sites/default/files/tompa.jpg", "area": "Computational molecular biology"},
{"url": "http://homes.cs.washington.edu/~emina/", "email": "emina@cs.washington.edu", "name": "Emina Torlak", "img": "https://www.cs.washington.edu/sites/default/files/emina_thumb.png", "area": "Software engineering, programming languages, formal methods"},
{"url": "/people/faculty/xi", "email": "xi@cs.washington.edu", "name": "Xi Wang", "img": "https://www.cs.washington.edu/sites/default/files/xi_thumb.jpg", "area": "Computer systems, security, and programming languages"},
{"url": "https://www.cs.washington.edu/people/faculty/weld/", "email": "weld@cs.washington.edu", "name": "Daniel S. Weld", "img": "https://www.cs.washington.edu/sites/default/files/weld_thumb_0.jpg", "area": "Artificial intelligence, internet systems, human computer interaction"},
{"url": "http://homes.cs.washington.edu/~zahorjan/homepage/", "email": "zahorjan@cs.washington.edu", "name": "John Zahorjan", "img": "https://www.cs.washington.edu/sites/default/files/jz-100x100.jpg", "area": "System security, streaming media multicast distribution techniques, distributed real-time rendering,  performance evaluation, multi-media applications"},
{"url": "https://www.cs.washington.edu/people/faculty/lsz/", "email": "lsz@cs.washington.edu", "name": "Luke Zettlemoyer", "img": "https://www.cs.washington.edu/sites/default/files/luke-cropped.jpg", "area": "Natural language processing"}]