[{"addr": "7376", "img": "http://www.cs.wisc.edu/sites/default/files/styles/faculty_people_listing/public/pictures/picture-3640-1395155505.jpg?itok=sEzrBGQs", "area": "Computer Networks", "title": "Associate Professor", "phone": "(608) 890-0122", "email": "akella@cs.wisc.edu", "name": "Aditya Akella","url": "http://www.cs.wisc.edu/people/akella"},
{"addr": "6363", "img": "http://www.cs.wisc.edu/sites/default/files/styles/faculty_people_listing/public/pictures/picture-11466-1422387783.jpg?itok=CsmpG4Wj", "area": "software verification algorithms", "title": "Assistant Professor", "phone": "(608) 262-7946", "email": "aws@cs.wisc.edu", "name": "Aws Albarghouthi","url": "http://www.cs.wisc.edu/people/aws"},
{"addr": "7357", "img": "http://www.cs.wisc.edu/sites/default/files/styles/faculty_people_listing/public/pictures/picture-7233-1395154704.jpg?itok=O2JOzPDp", "area": "Systems Research", "title": "Professor", "phone": "(608) 263-7764", "email": "remzi@cs.wisc.edu", "name": "Remzi Arpaci-Dusseau","url": "http://www.cs.wisc.edu/people/remzi"},
{"addr": "7375", "img": "http://www.cs.wisc.edu/sites/default/files/styles/faculty_people_listing/public/pictures/picture-7289-1418325547.jpg?itok=WvWWNldA", "area": "Systems Research", "title": "Professor", "phone": "(608) 265-6013", "email": "dusseau@cs.wisc.edu", "name": "Andrea Arpaci-Dusseau","url": "http://www.cs.wisc.edu/people/dusseau"},
{"addr": "4391", "img": "http://www.cs.wisc.edu/sites/default/files/styles/faculty_people_listing/public/pictures/picture-3613-1395155593.jpg?itok=P-bLD2-e", "area": "Computer Security,Theoretical Computer Sciences", "title": "Professor", "phone": "(608) 262-7997", "email": "bach@cs.wisc.edu", "name": "Eric Bach","url": "http://www.cs.wisc.edu/people/bach"},
{"addr": "7391", "img": "http://www.cs.wisc.edu/sites/default/files/styles/faculty_people_listing/public/pictures/picture-7274-1395155627.jpg?itok=9SOhGfYQ", "area": "Computer Networks", "title": "Professor", "phone": "(608) 262-7387", "email": "suman@cs.wisc.edu", "name": "Suman Banerjee","url": "http://www.cs.wisc.edu/people/suman"},
{"addr": "7397", "img": "http://www.cs.wisc.edu/sites/default/files/styles/faculty_people_listing/public/pictures/picture-7216-1395155659.jpg?itok=pUshvPmx", "area": "Computer Networks", "title": "Professor", "phone": "(608) 262-6609", "email": "pb@cs.wisc.edu", "name": "Paul Barford",
"url": "http://www.cs.wisc.edu/people/pb"},
{"addr": "4393", "img": "http://www.cs.wisc.edu/sites/default/files/styles/faculty_people_listing/public/pictures/picture-3610-1395159327.jpg?itok=itQArZOu", "area": "Computer Security,Theoretical Computer Sciences", "title": "Professor", "phone": "(608) 262-3158", "email": "jyc@cs.wisc.edu", "name": "Jin-Yi Cai","url": "http://www.cs.wisc.edu/people/jyc"},
{"addr": "4373", "img": "http://www.cs.wisc.edu/sites/default/files/styles/faculty_people_listing/public/pictures/picture-3621-1395155699.jpg?itok=1BZgLZ-O", "area": "Programming Languages & Compilers,Theoretical Computer Sciences", "title": "Associate Professor", "phone": "(608) 890-0027", "email": "shuchi@cs.wisc.edu", "name": "Shuchi Chawla","url": "http://www.cs.wisc.edu/people/shuchi"},
{"addr": "6355", "img": "http://www.cs.wisc.edu/sites/default/files/styles/faculty_people_listing/public/pictures/picture-13921-1440710054.jpg?itok=erKAjt2j", "area": "Programming Languages & Compilers", "title": "Assistant Professor", "phone": "(608) 263-0475", "email": "loris@cs.wisc.edu", "name": "Loris D'Antoni","url": "http://www.cs.wisc.edu/people/loris"},
{"addr": "4355", "img": "http://www.cs.wisc.edu/sites/default/files/styles/faculty_people_listing/public/pictures/picture-3653-1395155714.jpg?itok=wjWAMtSH", "area": "Database Systems", "title": "Professor", "phone": "(608) 262-9759", "email": "anhai@cs.wisc.edu", "name": "AnHai Doan","url": "http://www.cs.wisc.edu/people/anhai"},
{"addr": "6379", "img": "http://www.cs.wisc.edu/sites/default/files/styles/faculty_people_listing/public/pictures/picture-3622-1395159296.jpg?itok=Kw0IWpD9", "area": "Artificial Intelligence", "title": "Professor", "phone": "(608) 262-1965", "email": "dyer@cs.wisc.edu", "name": "Charles Dyer","url": "http://www.cs.wisc.edu/people/dyer"},
{"addr": "4381", "img": "http://www.cs.wisc.edu/sites/default/files/styles/faculty_people_listing/public/pictures/picture-3675-1395155752.jpg?itok=GWJHHMJP", "area": "Artificial Intelligence,Optimization", "title": "Professor", "phone": "(608) 262-4281", "email": "ferris@cs.wisc.edu", "name": "Michael Ferris","url": "http://www.cs.wisc.edu/people/ferris"},
{"addr": "6385", "img": "http://www.cs.wisc.edu/sites/default/files/styles/faculty_people_listing/public/pictures/picture-7292-1395155775.jpg?itok=Xfu7grC8", "area": "Computer Graphics", "title": "Professor", "phone": "(608) 263-2874", "email": "gleicher@cs.wisc.edu", "name": "Michael Gleicher","url": "http://www.cs.wisc.edu/people/gleicher"},
{"addr": "6395", "img": "http://www.cs.wisc.edu/sites/default/files/styles/faculty_people_listing/public/pictures/picture-14058-1450370727.jpg?itok=g8P8av80", "area": "Computer Graphics", "title": "Assistant Professor", "phone": "(608) 890-0124", "email": "mohitg@cs.wisc.edu", "name": "Mohit Gupta","url": "http://www.cs.wisc.edu/people/mohitg"},
{"addr": "6373", "img": "http://www.cs.wisc.edu/sites/default/files/styles/faculty_people_listing/public/pictures/picture-7295-1395165290.gif?itok=P89oiHS7", "area": "Computer Architecture", "title": "Department Chair", "phone": "(608) 262-2196", "email": "markhill@cs.wisc.edu", "name": "Mark D. Hill","url": "http://www.cs.wisc.edu/people/markhill"},
{"addr": "7385", "img": "http://www.cs.wisc.edu/sites/default/files/styles/faculty_people_listing/public/pictures/picture-7296-1395155849.jpg?itok=9PNdaEF2", "area": "Computer Security,Programming Languages & Compilers", "title": "Professor", "phone": "(608) 262-9519", "email": "jha@cs.wisc.edu", "name": "Somesh Jha","url": "http://www.cs.wisc.edu/people/jha"},
{"addr": "4382", "img": "http://www.cs.wisc.edu/sites/default/files/styles/faculty_people_listing/public/pictures/picture-7278-1395155867.jpg?itok=GX6hUMn3", "area": "Computational Biology,Theoretical Computer Sciences", "title": "Associate Professor", "phone": "(608) 262-8022", "email": "joseph@cs.wisc.edu", "name": "Deborah Joseph","url": "http://www.cs.wisc.edu/people/joseph"},
{"name": "Paris Koutris", "img": "http://www.cs.wisc.edu/sites/default/files/styles/faculty_people_listing/public/pictures/picture-14153-1440710134.jpg?itok=P2tuZ8Sx", "title": "Assistant Professor", "area": "Database Systems", "email": "paris@cs.wisc.edu", "addr": "4363","url": "http://www.cs.wisc.edu/people/paris"},
{"addr": "6357", "img": "http://www.cs.wisc.edu/sites/default/files/styles/faculty_people_listing/public/pictures/picture-3670-1421433689.jpg?itok=bZ69xJjU", "area": "Programming Languages & Compilers", "title": "Associate Professor", "phone": "(608) 262-6617", "email": "liblit@cs.wisc.edu", "name": "Ben Liblit","url": "http://www.cs.wisc.edu/people/liblit"},
{"addr": "4367", "img": "http://www.cs.wisc.edu/sites/default/files/styles/faculty_people_listing/public/pictures/picture-7212-1395166912.jpg?itok=b8bE-Gou", "area": "Computational Biology,Computer Security,Performance Analysis,Systems Research", "title": "Professor", "phone": "(608) 262-0856", "email": "miron@cs.wisc.edu", "name": "Miron Livny","url": "http://www.cs.wisc.edu/people/miron"},
{"addr": "7363", "img": "http://www.cs.wisc.edu/sites/default/files/styles/faculty_people_listing/public/pictures/picture-3660-1395155950.jpg?itok=FG2aA-E2", "area": "Computer Security,Systems Research", "title": "Professor", "phone": "(608) 263-3378", "email": "bart@cs.wisc.edu", "name": "Barton Miller","url": "http://www.cs.wisc.edu/people/bart"},
{"addr": "6381", "img": "http://www.cs.wisc.edu/sites/default/files/styles/faculty_people_listing/public/pictures/picture-3648-1395155968.jpg?itok=zsV9gBmY", "area": "Human-Computer Interaction", "title": "Associate Professor", "phone": "(608) 262-6635", "email": "bilge@cs.wisc.edu", "name": "Bilge Mutlu","url": "http://www.cs.wisc.edu/people/bilge"},
{"addr": "5355A", "img": "http://www.cs.wisc.edu/sites/default/files/styles/faculty_people_listing/public/pictures/picture-7245-1395156010.jpg?itok=sS787xpI", "area": "Database Systems", "title": "Professor", "phone": "(608) 262-8737", "email": "naughton@cs.wisc.edu", "name": "Jeffrey Naughton","url": "http://www.cs.wisc.edu/people/naughton"},
{"addr": "4384", "img": "http://www.cs.wisc.edu/sites/default/files/styles/faculty_people_listing/public/pictures/picture-7228-1395156042.jpg?itok=kb6zuGs7", "area": "Database Systems", "title": "Professor", "phone": "(608) 263-7308", "email": "jignesh@cs.wisc.edu", "name": "Jignesh Patel","url": "http://www.cs.wisc.edu/people/jignesh"},
{"addr": "6361", "img": "http://www.cs.wisc.edu/sites/default/files/styles/faculty_people_listing/public/pictures/picture-3629-1425671135.jpg?itok=pWPgfSSm", "area": "Computer Security,Programming Languages & Compilers", "title": "Professor", "phone": "(608) 262-2091", "email": "reps@cs.wisc.edu", "name": "Thomas Reps","url": "http://www.cs.wisc.edu/people/reps"},
{"addr": "7381", "img": "http://www.cs.wisc.edu/sites/default/files/styles/faculty_people_listing/public/pictures/picture-7240-1395156106.jpg?itok=Qxzjjfhd", "area": "Numerical Analysis ", "title": "Professor", "phone": "(608) 262-6621", "email": "amos@cs.wisc.edu", "name": "Amos Ron","url": "http://www.cs.wisc.edu/people/amos"},
{"addr": "6367", "img": "http://www.cs.wisc.edu/sites/default/files/styles/faculty_people_listing/public/pictures/picture-3668-1398960459.jpg?itok=rHe_RWIJ", "area": "Computer Architecture", "title": "Associate Professor", "phone": "(608) 890-0121", "email": "karu@cs.wisc.edu", "name": "Karthikeyan Sankaralingam","url": "http://www.cs.wisc.edu/people/karu"},
{"addr": "6393", "img": "http://www.cs.wisc.edu/sites/default/files/styles/faculty_people_listing/public/pictures/picture-7246-1401739010.jpg?itok=mhianoD5", "area": "Artificial Intelligence,Computational Biology", "title": "Professor", "phone": "(608) 262-7784", "email": "shavlik@cs.wisc.edu", "name": "Jude Shavlik","url": "http://www.cs.wisc.edu/people/shavlik"},
{"addr": "6387", "img": "http://www.cs.wisc.edu/sites/default/files/styles/faculty_people_listing/public/pictures/picture-7268-1395156184.jpg?itok=vwV8ik24", "area": "Computer Graphics", "title": "Assistant Professor", "phone": "(608) 263-0475", "email": "sifakis@cs.wisc.edu", "name": "Eftychios Sifakis","url": "http://www.cs.wisc.edu/people/sifakis"},
{"addr": "6375", "img": "http://www.cs.wisc.edu/sites/default/files/styles/faculty_people_listing/public/pictures/picture-7259-1395156229.jpg?itok=-s-DKZbH", "area": "Computer Architecture", "title": "Professor", "phone": "(608) 262-7985", "email": "sohi@cs.wisc.edu", "name": "Gurindar Sohi","url": "http://www.cs.wisc.edu/people/sohi"},
{"addr": "7369", "img": "http://www.cs.wisc.edu/sites/default/files/styles/faculty_people_listing/public/pictures/picture-3662-1395156268.jpg?itok=e3c8AvuU", "area": "Systems ResearchSystems Research", "title": "Associate Chair", "phone": "(608) 890-0131", "email": "swift@cs.wisc.edu", "name": "Michael Swift","url": "http://www.cs.wisc.edu/people/swift"},
{"addr": "4390", "img": "http://www.cs.wisc.edu/sites/default/files/styles/faculty_people_listing/public/pictures/picture-7253-1395156293.jpg?itok=hng44hor", "area": "Computer Security,Theoretical Computer Sciences", "title": "Professor", "phone": "(608) 262-4196", "email": "dieter@cs.wisc.edu", "name": "Dieter van Melkebeek","url": "http://www.cs.wisc.edu/people/dieter"},
{"addr": "6369", "img": "http://www.cs.wisc.edu/sites/default/files/styles/faculty_people_listing/public/pictures/picture-7256-1395156302.jpg?itok=s_VhaDp_", "area": "Computer Architecture", "title": "Professor", "phone": "(608) 263-7463", "email": "david@cs.wisc.edu", "name": "David Wood","url": "http://www.cs.wisc.edu/people/david"},
{"addr": "4379", "img": "http://www.cs.wisc.edu/sites/default/files/styles/faculty_people_listing/public/pictures/picture-7211-1395156315.jpg?itok=9rrQRip3", "area": "Optimization", "title": "Professor", "phone": "(608) 262-4838", "email": "swright@cs.wisc.edu", "name": "Stephen Wright","url": "http://www.cs.wisc.edu/people/swright"},
{"addr": "6391", "img": "http://www.cs.wisc.edu/sites/default/files/styles/faculty_people_listing/public/pictures/picture-7218-1395156356.jpg?itok=d1TI2YJw", "area": "Artificial Intelligence", "title": "Professor", "phone": "(608) 890-0129", "email": "jerryzhu@cs.wisc.edu", "name": "Jerry Zhu","url": "http://www.cs.wisc.edu/people/jerryzhu"}]