[{"name": "Daniel Abadi", "img": "http://cpsc.yale.edu/sites/default/files/styles/people_thumbnail/public/pictures/picture-16-1365693881.jpg?itok=jjkMYrjb", "area": "database system architecture and implementation, cloud computing, and the Semantic Web", "url": "http://cpsc.yale.edu/people/daniel-abadi", "title": "Associate Professor of Computer Science", "email": "daniel.abadi@yale.edu"},
{"name": "Dana Angluin", "img": "http://cpsc.yale.edu/sites/default/files/styles/people_thumbnail/public/pictures/picture-22-1409064580.jpg?itok=EOApwcdH", "area": "machine learning and computational learning theory", "url": "http://cpsc.yale.edu/people/dana-angluin", "title": "Professor of Computer Science ", "email": "dana.angluin@yale.edu"},
{"name": "James Aspnes", "img": "http://cpsc.yale.edu/sites/default/files/styles/people_thumbnail/public/pictures/picture-23-1438887351.jpg?itok=RlRVLSiY", "area": "theory of distributed algorithms", "url": "http://cpsc.yale.edu/people/james-aspnes", "title": "Professor of Computer Science; Director of Undergraduate Studies Computer Science, Spring 2016 ", "email": "james.aspnes@yale.edu"},
{"name": "Mahesh Balakrishnan", "img": "http://cpsc.yale.edu/sites/default/files/styles/people_thumbnail/public/pictures/picture-490-1437060268.jpg?itok=bzSu3e2A", "area": "union of distributed systems, networking and storage systems", "url": "http://cpsc.yale.edu/people/mahesh-balakrishnan", "title": "Associate Professor of Computer Science", "email": "mahesh.balakrishnan@yale.edu"},
{"name": "Julie Dorsey", "img": "http://cpsc.yale.edu/sites/default/files/styles/people_thumbnail/public/pictures/picture-28-1365788304.jpg?itok=7BTQCN2-", "area": "computer graphics", "url": "http://cpsc.yale.edu/people/julie-dorsey", "title": "Professor of Computer Science", "email": "julie.dorsey@yale.edu"},
{"name": "Stanley Eisenstat", "img": "http://cpsc.yale.edu/sites/default/files/styles/people_thumbnail/public/pictures/picture-29-1409064951.jpg?itok=A_zNGMCN", "area": "numerical linear and nonlinear algebra, direct and iterative methods for solving sparse linear systems, and parallel computing", "url": "http://cpsc.yale.edu/people/stanley-eisenstat", "title": "Professor of Computer Science", "email": "stanley.eisenstat@yale.edu"},
{"name": "Joan Feigenbaum", "img": "http://cpsc.yale.edu/sites/default/files/styles/people_thumbnail/public/pictures/picture-30-1365788529.jpg?itok=AmcwYGGv", "area": "Internet algorithms, computational complexity, security and privacy, and digital copyright", "url": "http://cpsc.yale.edu/people/joan-feigenbaum", "title": "Grace Murray Hopper Professor of Computer Science and Economics; Department Chair of Computer Science", "email": "joan.feigenbaum@yale.edu"},
{"name": "Michael Fischer", "img": "http://cpsc.yale.edu/sites/default/files/styles/people_thumbnail/public/pictures/picture-31-1409065226.jpg?itok=_8hGFlCB", "area": "cryptographic protocols and security, theory of parallel and distributed systems, and discrete algorithms", "url": "http://cpsc.yale.edu/people/michael-fischer", "title": "Professor of Computer Science ", "email": "michael.fischer@yale.edu"},
{"name": "David Gelernter", "img": "http://cpsc.yale.edu/sites/default/files/styles/people_thumbnail/public/pictures/picture-32-1409065469.jpg?itok=sn8Ic64a", "area": "Visions of computing Anthology", "url": "http://cpsc.yale.edu/people/david-gelernter", "title": "Professor of Computer Science", "email": "david.gelernter@yale.edu"},
{"name": "Drew McDermott", "img": "http://cpsc.yale.edu/sites/default/files/styles/people_thumbnail/public/pictures/picture-15-1409066185.jpg?itok=HgTGteVR", "area": "algorithms", "url": "http://cpsc.yale.edu/people/drew-mcdermott", "title": "Professor of Computer Science ", "email": "drew.mcdermott@yale.edu"},
{"name": "Ruzica Piskac", "img": "http://cpsc.yale.edu/sites/default/files/styles/people_thumbnail/public/pictures/picture-105-1380640989.jpg?itok=D4Sc5-l3", "area": "programming languages, software verification, automated reasoning, and code synthesis", "url": "http://cpsc.yale.edu/people/ruzica-piskac", "title": "Assistant Professor of Computer Science ", "email": "ruzica.piskac@yale.edu"},
{"name": "Mariana Raykova", "img": "http://cpsc.yale.edu/sites/default/files/styles/people_thumbnail/public/pictures/picture-495-1438003990.jpg?itok=XqQPS-6S", "area": "secure computation", "url": "http://cpsc.yale.edu/people/mariana-raykova", "title": "Assistant Professor", "email": "mariana.raykova@yale.edu"},
{"name": "Vladimir Rokhlin", "img": "http://cpsc.yale.edu/sites/default/files/styles/people_thumbnail/public/pictures/picture-37-1409066953.jpg?itok=gU0BwizK", "area": "fast deterministic and randomized algorithms of computational mathematics, numerical scattering theory, partial differential equations, integral equations, quadrature formulae, numerical harmonic analysis, numerical linear algebra, special functions, “fast” algorithms of numerical linear algebra", "url": "http://cpsc.yale.edu/people/vladimir-rokhlin", "title": "Arthur K. Watson Professor Computer Science and Mathematics; Director of Graduate Studies in Computer Science. Joined Yale Faculty 1985.", "email": "vladimir.rokhlin@yale.edu"},
{"name": "Holly Rushmeier", "img": "http://cpsc.yale.edu/sites/default/files/styles/people_thumbnail/public/pictures/picture-38-1365189780.jpg?itok=MdnR3GUW", "area": "data visualization ", "url": "http://cpsc.yale.edu/people/holly-rushmeier", "title": "Professor of Computer Science ", "email": "holly.rushmeier@yale.edu"},
{"name": "Brian Scassellati", "img": "http://cpsc.yale.edu/sites/default/files/styles/people_thumbnail/public/pictures/picture-40-1409067221.jpg?itok=t1d54_Tu", "area": "robots", "url": "http://cpsc.yale.edu/people/brian-scassellati", "title": "Professor Computer Science and Mechanical Engineering and Materials Science", "email": "brian.scassellati@yale.edu"},
{"name": "Zhong Shao", "img": "http://cpsc.yale.edu/sites/default/files/styles/people_thumbnail/public/pictures/picture-42-1365176260.jpg?itok=1WiAS0IW", "area": "programming languages, compilers, formal methods, and operating system", "url": "http://cpsc.yale.edu/people/zhong-shao", "title": "Professor of Computer Science; Director of Undergraduate Studies Computer Science, Fall 2015 ", "email": "zhong.shao@yale.edu"},
{"name": "Abraham Silberschatz", "img": "http://cpsc.yale.edu/sites/default/files/styles/people_thumbnail/public/pictures/picture-44-1365174910.jpg?itok=VcKJmKEw", "area": "database systems, operating systems, Bioscience database systems, storage system, network management, and distributed systems", "url": "http://cpsc.yale.edu/people/abraham-silberschatz", "title": "Sidney J. Weinberg Professor Computer Science", "email": "abraham.silberschatz@yale.edu"},
{"name": "Daniel Spielman", "img": "http://cpsc.yale.edu/sites/default/files/styles/people_thumbnail/public/pictures/picture-46-1409069919.jpg?itok=jqR8YFb4", "area": "analysis of algorithms and heuristics, error-correcting codes, combinatorial scientific computing, spectral graph theory, and combinatorics", "url": "http://cpsc.yale.edu/people/daniel-spielman", "title": "Henry Ford II Professor of Computer Science and Mathematics ", "email": "daniel.spielman@yale.edu"},
{"name": "Yang Yang", "img": "http://cpsc.yale.edu/sites/default/files/styles/people_thumbnail/public/pictures/picture-47-1409070177.jpg?itok=ZjrGr8TF", "area": "computer networks, network security, distributed multimedia, and real-time systems", "url": "http://cpsc.yale.edu/people/yang-yang", "title": "Professor of Computer Science and Electrical Engineering ", "email": "yang.r.yang@yale.edu"},
{"name": "Steven Zucker", "img": "http://cpsc.yale.edu/sites/default/files/styles/people_thumbnail/public/pictures/picture-21-1365104886.jpg?itok=fHnyftxa", "area": "computational vision, biological perception, artificial intelligence and robotics", "url": "http://cpsc.yale.edu/people/steven-zucker", "title": "David and Lucile Packard Professor of Computer Science and Biomedical Engineering", "email": "steven.zucker@yale.edu"}]